date,adm0_name,adm1_name,school_closure,travel_ban_local_opt,no_gathering,travel_ban_intl_out,work_from_home,testing_regime,home_isolation,religious_closure,cum_confirmed_cases,cum_confirmed_cases_imputed,population
2020-02-19,IRN,Alborz,0,0,0,0,0,0,0,0,0.0,0,2712400.0
2020-02-19,IRN,Ardebil,0,0,0,0,0,0,0,0,0.0,0,1270420.0
2020-02-19,IRN,Bushehr,0,0,0,0,0,0,0,0,0.0,0,1163400.0
2020-02-19,IRN,Chahar Mahall and Bakhtiari,0,0,0,0,0,0,0,0,0.0,0,947763.0
2020-02-19,IRN,East Azarbaijan,0,0,0,0,0,0,0,0,0.0,0,3909652.0
2020-02-19,IRN,Esfahan,0,0,0,0,0,0,0,0,0.0,0,5120850.0
2020-02-19,IRN,Fars,0,0,0,0,0,0,0,0,0.0,0,4851274.0
2020-02-19,IRN,Gilan,0,0,0,0,0,0,0,0,0.0,0,2530696.0
2020-02-19,IRN,Golestan,0,0,0,0,0,0,0,0,0.0,0,1868819.0
2020-02-19,IRN,Hamadan,0,0,0,0,0,0,0,0,0.0,0,1738234.0
2020-02-19,IRN,Hormozgan,0,0,0,0,0,0,0,0,0.0,0,1776415.0
2020-02-19,IRN,Ilam,0,0,0,0,0,0,0,0,0.0,0,580158.0
2020-02-19,IRN,Kerman,0,0,0,0,0,0,0,0,0.0,0,3164718.0
2020-02-19,IRN,Kermanshah,0,0,0,0,0,0,0,0,0.0,0,1952434.0
2020-02-19,IRN,Khuzestan,0,0,0,0,0,0,0,0,0.0,0,4710509.0
2020-02-19,IRN,Kohgiluyeh and Buyer Ahmad,0,0,0,0,0,0,0,0,0.0,0,713052.0
2020-02-19,IRN,Kordestan,0,0,0,0,0,0,0,0,0.0,0,1603011.0
2020-02-19,IRN,Lorestan,0,0,0,0,0,0,0,0,0.0,0,1760649.0
2020-02-19,IRN,Markazi,0,0,0,0,0,0,0,0,0.0,0,1429475.0
2020-02-19,IRN,Mazandaran,0,0,0,0,0,0,0,0,0.0,0,3283582.0
2020-02-19,IRN,North Khorasan,0,0,0,0,0,0,0,0,0.0,0,863092.0
2020-02-19,IRN,Qazvin,0,0,0,0,0,0,0,0,0.0,0,1273761.0
2020-02-19,IRN,Qom,0,0,0,0,0,0,0,0,2.0,2,1292283.0
2020-02-19,IRN,Razavi Khorasan,0,0,0,0,0,0,0,0,0.0,0,6434501.0
2020-02-19,IRN,Semnan,0,0,0,0,0,0,0,0,0.0,0,702360.0
2020-02-19,IRN,Sistan and Baluchestan,0,0,0,0,0,0,0,0,0.0,0,2775014.0
2020-02-19,IRN,South Khorasan,0,0,0,0,0,0,0,0,0.0,0,768898.0
2020-02-19,IRN,Tehran,0,0,0,0,0,0,0,0,0.0,0,13267637.0
2020-02-19,IRN,West Azarbaijan,0,0,0,0,0,0,0,0,0.0,0,3265219.0
2020-02-19,IRN,Yazd,0,0,0,0,0,0,0,0,0.0,0,1138533.0
2020-02-19,IRN,Zanjan,0,0,0,0,0,0,0,0,0.0,0,1057461.0
2020-02-20,IRN,Alborz,0,0,0,0,0,0,0,0,0.0,0,2712400.0
2020-02-20,IRN,Ardebil,0,0,0,0,0,0,0,0,0.0,0,1270420.0
2020-02-20,IRN,Bushehr,0,0,0,0,0,0,0,0,0.0,0,1163400.0
2020-02-20,IRN,Chahar Mahall and Bakhtiari,0,0,0,0,0,0,0,0,0.0,0,947763.0
2020-02-20,IRN,East Azarbaijan,0,0,0,0,0,0,0,0,0.0,0,3909652.0
2020-02-20,IRN,Esfahan,0,0,0,0,0,0,0,0,0.0,0,5120850.0
2020-02-20,IRN,Fars,0,0,0,0,0,0,0,0,0.0,0,4851274.0
2020-02-20,IRN,Gilan,0,0,0,0,0,0,0,0,0.0,0,2530696.0
2020-02-20,IRN,Golestan,0,0,0,0,0,0,0,0,0.0,0,1868819.0
2020-02-20,IRN,Hamadan,0,0,0,0,0,0,0,0,0.0,0,1738234.0
2020-02-20,IRN,Hormozgan,0,0,0,0,0,0,0,0,0.0,0,1776415.0
2020-02-20,IRN,Ilam,0,0,0,0,0,0,0,0,0.0,0,580158.0
2020-02-20,IRN,Kerman,0,0,0,0,0,0,0,0,0.0,0,3164718.0
2020-02-20,IRN,Kermanshah,0,0,0,0,0,0,0,0,0.0,0,1952434.0
2020-02-20,IRN,Khuzestan,0,0,0,0,0,0,0,0,0.0,0,4710509.0
2020-02-20,IRN,Kohgiluyeh and Buyer Ahmad,0,0,0,0,0,0,0,0,0.0,0,713052.0
2020-02-20,IRN,Kordestan,0,0,0,0,0,0,0,0,0.0,0,1603011.0
2020-02-20,IRN,Lorestan,0,0,0,0,0,0,0,0,0.0,0,1760649.0
2020-02-20,IRN,Markazi,0,0,0,0,0,0,0,0,1.0,1,1429475.0
2020-02-20,IRN,Mazandaran,0,0,0,0,0,0,0,0,0.0,0,3283582.0
2020-02-20,IRN,North Khorasan,0,0,0,0,0,0,0,0,0.0,0,863092.0
2020-02-20,IRN,Qazvin,0,0,0,0,0,0,0,0,0.0,0,1273761.0
2020-02-20,IRN,Qom,1,1,0,0,0,0,0,0,4.0,4,1292283.0
2020-02-20,IRN,Razavi Khorasan,0,0,0,0,0,0,0,0,0.0,0,6434501.0
2020-02-20,IRN,Semnan,0,0,0,0,0,0,0,0,0.0,0,702360.0
2020-02-20,IRN,Sistan and Baluchestan,0,0,0,0,0,0,0,0,0.0,0,2775014.0
2020-02-20,IRN,South Khorasan,0,0,0,0,0,0,0,0,0.0,0,768898.0
2020-02-20,IRN,Tehran,0,0,0,0,0,0,0,0,0.0,0,13267637.0
2020-02-20,IRN,West Azarbaijan,0,0,0,0,0,0,0,0,0.0,0,3265219.0
2020-02-20,IRN,Yazd,0,0,0,0,0,0,0,0,0.0,0,1138533.0
2020-02-20,IRN,Zanjan,0,0,0,0,0,0,0,0,0.0,0,1057461.0
2020-02-21,IRN,Alborz,0,0,0,0,0,0,0,0,0.0,0,2712400.0
2020-02-21,IRN,Ardebil,0,0,0,0,0,0,0,0,0.0,0,1270420.0
2020-02-21,IRN,Bushehr,0,0,0,0,0,0,0,0,0.0,0,1163400.0
2020-02-21,IRN,Chahar Mahall and Bakhtiari,0,0,0,0,0,0,0,0,0.0,0,947763.0
2020-02-21,IRN,East Azarbaijan,0,0,0,0,0,0,0,0,0.0,0,3909652.0
2020-02-21,IRN,Esfahan,0,0,0,0,0,0,0,0,0.0,0,5120850.0
2020-02-21,IRN,Fars,0,0,0,0,0,0,0,0,0.0,0,4851274.0
2020-02-21,IRN,Gilan,0,0,0,0,0,0,0,0,2.0,2,2530696.0
2020-02-21,IRN,Golestan,0,0,0,0,0,0,0,0,0.0,0,1868819.0
2020-02-21,IRN,Hamadan,0,0,0,0,0,0,0,0,0.0,0,1738234.0
2020-02-21,IRN,Hormozgan,0,0,0,0,0,0,0,0,0.0,0,1776415.0
2020-02-21,IRN,Ilam,0,0,0,0,0,0,0,0,0.0,0,580158.0
2020-02-21,IRN,Kerman,0,0,0,0,0,0,0,0,0.0,0,3164718.0
2020-02-21,IRN,Kermanshah,0,0,0,0,0,0,0,0,0.0,0,1952434.0
2020-02-21,IRN,Khuzestan,0,0,0,0,0,0,0,0,0.0,0,4710509.0
2020-02-21,IRN,Kohgiluyeh and Buyer Ahmad,0,0,0,0,0,0,0,0,0.0,0,713052.0
2020-02-21,IRN,Kordestan,0,0,0,0,0,0,0,0,0.0,0,1603011.0
2020-02-21,IRN,Lorestan,0,0,0,0,0,0,0,0,0.0,0,1760649.0
2020-02-21,IRN,Markazi,0,0,0,0,0,0,0,0,1.0,1,1429475.0
2020-02-21,IRN,Mazandaran,0,0,0,0,0,0,0,0,0.0,0,3283582.0
2020-02-21,IRN,North Khorasan,0,0,0,0,0,0,0,0,0.0,0,863092.0
2020-02-21,IRN,Qazvin,0,0,0,0,0,0,0,0,0.0,0,1273761.0
2020-02-21,IRN,Qom,1,1,0,0,0,0,0,0,11.0,11,1292283.0
2020-02-21,IRN,Razavi Khorasan,0,0,0,0,0,0,0,0,0.0,0,6434501.0
2020-02-21,IRN,Semnan,0,0,0,0,0,0,0,0,0.0,0,702360.0
2020-02-21,IRN,Sistan and Baluchestan,0,0,0,0,0,0,0,0,0.0,0,2775014.0
2020-02-21,IRN,South Khorasan,0,0,0,0,0,0,0,0,0.0,0,768898.0
2020-02-21,IRN,Tehran,0,0,0,0,0,0,0,0,4.0,4,13267637.0
2020-02-21,IRN,West Azarbaijan,0,0,0,0,0,0,0,0,0.0,0,3265219.0
2020-02-21,IRN,Yazd,0,0,0,0,0,0,0,0,0.0,0,1138533.0
2020-02-21,IRN,Zanjan,0,0,0,0,0,0,0,0,0.0,0,1057461.0
2020-02-22,IRN,Alborz,0,0,1,0,0,0,0,0,0.0,0,2712400.0
2020-02-22,IRN,Ardebil,0,0,1,0,0,0,0,0,0.0,0,1270420.0
2020-02-22,IRN,Bushehr,0,0,1,0,0,0,0,0,0.0,0,1163400.0
2020-02-22,IRN,Chahar Mahall and Bakhtiari,0,0,1,0,0,0,0,0,0.0,0,947763.0
2020-02-22,IRN,East Azarbaijan,0,0,1,0,0,0,0,0,0.0,0,3909652.0
2020-02-22,IRN,Esfahan,0,0,1,0,0,0,0,0,0.0,0,5120850.0
2020-02-22,IRN,Fars,0,0,1,0,0,0,0,0,0.0,0,4851274.0
2020-02-22,IRN,Gilan,0,0,1,0,0,0,0,0,2.0,2,2530696.0
2020-02-22,IRN,Golestan,0,0,1,0,0,0,0,0,0.0,0,1868819.0
2020-02-22,IRN,Hamadan,0,0,1,0,0,0,0,0,0.0,0,1738234.0
2020-02-22,IRN,Hormozgan,0,0,1,0,0,0,0,0,0.0,0,1776415.0
2020-02-22,IRN,Ilam,0,0,1,0,0,0,0,0,0.0,0,580158.0
2020-02-22,IRN,Kerman,0,0,1,0,0,0,0,0,0.0,0,3164718.0
2020-02-22,IRN,Kermanshah,0,0,1,0,0,0,0,0,0.0,0,1952434.0
2020-02-22,IRN,Khuzestan,0,0,1,0,0,0,0,0,0.0,0,4710509.0
2020-02-22,IRN,Kohgiluyeh and Buyer Ahmad,0,0,1,0,0,0,0,0,0.0,0,713052.0
2020-02-22,IRN,Kordestan,0,0,1,0,0,0,0,0,0.0,0,1603011.0
2020-02-22,IRN,Lorestan,0,0,1,0,0,0,0,0,0.0,0,1760649.0
2020-02-22,IRN,Markazi,0,0,1,0,0,0,0,0,1.0,1,1429475.0
2020-02-22,IRN,Mazandaran,0,0,1,0,0,0,0,0,0.0,0,3283582.0
2020-02-22,IRN,North Khorasan,0,0,1,0,0,0,0,0,0.0,0,863092.0
2020-02-22,IRN,Qazvin,0,0,1,0,0,0,0,0,0.0,0,1273761.0
2020-02-22,IRN,Qom,1,1,1,0,0,0,0,0,19.0,19,1292283.0
2020-02-22,IRN,Razavi Khorasan,0,0,1,0,0,0,0,0,0.0,0,6434501.0
2020-02-22,IRN,Semnan,0,0,1,0,0,0,0,0,0.0,0,702360.0
2020-02-22,IRN,Sistan and Baluchestan,0,0,1,0,0,0,0,0,0.0,0,2775014.0
2020-02-22,IRN,South Khorasan,0,0,1,0,0,0,0,0,0.0,0,768898.0
2020-02-22,IRN,Tehran,0,0,1,0,0,0,0,0,6.0,6,13267637.0
2020-02-22,IRN,West Azarbaijan,0,0,1,0,0,0,0,0,0.0,0,3265219.0
2020-02-22,IRN,Yazd,0,0,1,0,0,0,0,0,0.0,0,1138533.0
2020-02-22,IRN,Zanjan,0,0,1,0,0,0,0,0,0.0,0,1057461.0
2020-02-23,IRN,Alborz,1,0,1,0,0,0,0,0,0.0,0,2712400.0
2020-02-23,IRN,Ardebil,1,0,1,0,0,0,0,0,0.0,0,1270420.0
2020-02-23,IRN,Bushehr,0,0,1,0,0,0,0,0,0.0,0,1163400.0
2020-02-23,IRN,Chahar Mahall and Bakhtiari,0,0,1,0,0,0,0,0,0.0,0,947763.0
2020-02-23,IRN,East Azarbaijan,0,0,1,0,0,0,0,0,0.0,0,3909652.0
2020-02-23,IRN,Esfahan,0,0,1,0,0,0,0,0,0.0,0,5120850.0
2020-02-23,IRN,Fars,0,0,1,0,0,0,0,0,0.0,0,4851274.0
2020-02-23,IRN,Gilan,1,0,1,0,0,0,0,0,4.0,4,2530696.0
2020-02-23,IRN,Golestan,1,0,1,0,0,0,0,0,0.0,0,1868819.0
2020-02-23,IRN,Hamadan,1,0,1,0,0,0,0,0,0.0,0,1738234.0
2020-02-23,IRN,Hormozgan,0,0,1,0,0,0,0,0,0.0,0,1776415.0
2020-02-23,IRN,Ilam,0,0,1,0,0,0,0,0,0.0,0,580158.0
2020-02-23,IRN,Kerman,0,0,1,0,0,0,0,0,0.0,0,3164718.0
2020-02-23,IRN,Kermanshah,1,0,1,0,0,0,0,0,0.0,0,1952434.0
2020-02-23,IRN,Khuzestan,0,0,1,0,0,0,0,0,0.0,0,4710509.0
2020-02-23,IRN,Kohgiluyeh and Buyer Ahmad,0,0,1,0,0,0,0,0,0.0,0,713052.0
2020-02-23,IRN,Kordestan,1,0,1,0,0,0,0,0,0.0,0,1603011.0
2020-02-23,IRN,Lorestan,0,0,1,0,0,0,0,0,0.0,0,1760649.0
2020-02-23,IRN,Markazi,1,0,1,0,0,0,0,0,2.0,2,1429475.0
2020-02-23,IRN,Mazandaran,1,0,1,0,0,0,0,0,1.0,1,3283582.0
2020-02-23,IRN,North Khorasan,0,0,1,0,0,0,0,0,0.0,0,863092.0
2020-02-23,IRN,Qazvin,1,0,1,0,0,0,0,0,0.0,0,1273761.0
2020-02-23,IRN,Qom,1,1,1,0,0,0,0,0,26.0,26,1292283.0
2020-02-23,IRN,Razavi Khorasan,0,0,1,0,0,0,0,0,0.0,0,6434501.0
2020-02-23,IRN,Semnan,1,0,1,0,0,0,0,0,0.0,0,702360.0
2020-02-23,IRN,Sistan and Baluchestan,0,0,1,0,0,0,0,0,0.0,0,2775014.0
2020-02-23,IRN,South Khorasan,0,0,1,0,0,0,0,0,0.0,0,768898.0
2020-02-23,IRN,Tehran,1,0,1,0,0,0,0,0,10.0,10,13267637.0
2020-02-23,IRN,West Azarbaijan,0,0,1,0,0,0,0,0,0.0,0,3265219.0
2020-02-23,IRN,Yazd,0,0,1,0,0,0,0,0,0.0,0,1138533.0
2020-02-23,IRN,Zanjan,1,0,1,0,0,0,0,0,0.0,0,1057461.0
2020-02-24,IRN,Alborz,1,0,1,1,0,0,0,0,0.0,0,2712400.0
2020-02-24,IRN,Ardebil,1,0,1,1,0,0,0,0,0.0,0,1270420.0
2020-02-24,IRN,Bushehr,0,0,1,1,0,0,0,0,0.0,0,1163400.0
2020-02-24,IRN,Chahar Mahall and Bakhtiari,0,0,1,1,0,0,0,0,0.0,0,947763.0
2020-02-24,IRN,East Azarbaijan,0,0,1,1,0,0,0,0,0.0,0,3909652.0
2020-02-24,IRN,Esfahan,0,0,1,1,0,0,0,0,2.0,2,5120850.0
2020-02-24,IRN,Fars,0,0,1,1,0,0,0,0,0.0,0,4851274.0
2020-02-24,IRN,Gilan,1,0,1,1,0,0,0,0,6.0,6,2530696.0
2020-02-24,IRN,Golestan,1,0,1,1,0,0,0,0,0.0,0,1868819.0
2020-02-24,IRN,Hamadan,1,0,1,1,0,0,0,0,1.0,1,1738234.0
2020-02-24,IRN,Hormozgan,0,0,1,1,0,0,0,0,0.0,0,1776415.0
2020-02-24,IRN,Ilam,0,0,1,1,0,0,0,0,0.0,0,580158.0
2020-02-24,IRN,Kerman,0,0,1,1,0,0,0,0,0.0,0,3164718.0
2020-02-24,IRN,Kermanshah,1,0,1,1,0,0,0,0,0.0,0,1952434.0
2020-02-24,IRN,Khuzestan,0,0,1,1,0,0,0,0,0.0,0,4710509.0
2020-02-24,IRN,Kohgiluyeh and Buyer Ahmad,0,0,1,1,0,0,0,0,0.0,0,713052.0
2020-02-24,IRN,Kordestan,1,0,1,1,0,0,0,0,0.0,0,1603011.0
2020-02-24,IRN,Lorestan,0,0,1,1,0,0,0,0,0.0,0,1760649.0
2020-02-24,IRN,Markazi,1,0,1,1,0,0,0,0,4.0,4,1429475.0
2020-02-24,IRN,Mazandaran,1,0,1,1,0,0,0,0,1.0,1,3283582.0
2020-02-24,IRN,North Khorasan,0,0,1,1,0,0,0,0,0.0,0,863092.0
2020-02-24,IRN,Qazvin,1,0,1,1,0,0,0,0,0.0,0,1273761.0
2020-02-24,IRN,Qom,1,1,1,1,0,0,0,0,34.0,34,1292283.0
2020-02-24,IRN,Razavi Khorasan,0,0,1,1,0,0,0,0,0.0,0,6434501.0
2020-02-24,IRN,Semnan,1,0,1,1,0,0,0,0,0.0,0,702360.0
2020-02-24,IRN,Sistan and Baluchestan,0,0,1,1,0,0,0,0,0.0,0,2775014.0
2020-02-24,IRN,South Khorasan,0,0,1,1,0,0,0,0,0.0,0,768898.0
2020-02-24,IRN,Tehran,1,0,1,1,0,0,0,0,13.0,13,13267637.0
2020-02-24,IRN,West Azarbaijan,0,0,1,1,0,0,0,0,0.0,0,3265219.0
2020-02-24,IRN,Yazd,0,0,1,1,0,0,0,0,0.0,0,1138533.0
2020-02-24,IRN,Zanjan,1,0,1,1,0,0,0,0,0.0,0,1057461.0
2020-02-25,IRN,Alborz,1,0,1,1,0,0,0,0,2.0,2,2712400.0
2020-02-25,IRN,Ardebil,1,0,1,1,0,0,0,0,0.0,0,1270420.0
2020-02-25,IRN,Bushehr,0,0,1,1,0,0,0,0,0.0,0,1163400.0
2020-02-25,IRN,Chahar Mahall and Bakhtiari,0,0,1,1,0,0,0,0,0.0,0,947763.0
2020-02-25,IRN,East Azarbaijan,0,0,1,1,0,0,0,0,0.0,0,3909652.0
2020-02-25,IRN,Esfahan,0,0,1,1,0,0,0,0,2.0,2,5120850.0
2020-02-25,IRN,Fars,0,0,1,1,0,0,0,0,1.0,1,4851274.0
2020-02-25,IRN,Gilan,1,0,1,1,0,0,0,0,8.0,8,2530696.0
2020-02-25,IRN,Golestan,1,0,1,1,0,0,0,0,0.0,0,1868819.0
2020-02-25,IRN,Hamadan,1,0,1,1,0,0,0,0,1.0,1,1738234.0
2020-02-25,IRN,Hormozgan,0,0,1,1,0,0,0,0,1.0,1,1776415.0
2020-02-25,IRN,Ilam,0,0,1,1,0,0,0,0,0.0,0,580158.0
2020-02-25,IRN,Kerman,0,0,1,1,0,0,0,0,0.0,0,3164718.0
2020-02-25,IRN,Kermanshah,1,0,1,1,0,0,0,0,0.0,0,1952434.0
2020-02-25,IRN,Khuzestan,0,0,1,1,0,0,0,0,0.0,0,4710509.0
2020-02-25,IRN,Kohgiluyeh and Buyer Ahmad,0,0,1,1,0,0,0,0,0.0,0,713052.0
2020-02-25,IRN,Kordestan,1,0,1,1,0,0,0,0,0.0,0,1603011.0
2020-02-25,IRN,Lorestan,0,0,1,1,0,0,0,0,0.0,0,1760649.0
2020-02-25,IRN,Markazi,1,0,1,1,0,0,0,0,4.0,4,1429475.0
2020-02-25,IRN,Mazandaran,1,0,1,1,0,0,0,0,3.0,3,3283582.0
2020-02-25,IRN,North Khorasan,0,0,1,1,0,0,0,0,0.0,0,863092.0
2020-02-25,IRN,Qazvin,1,0,1,1,0,0,0,0,0.0,0,1273761.0
2020-02-25,IRN,Qom,1,1,1,1,0,0,0,0,50.0,50,1292283.0
2020-02-25,IRN,Razavi Khorasan,0,0,1,1,0,0,0,0,1.0,1,6434501.0
2020-02-25,IRN,Semnan,1,0,1,1,0,0,0,0,0.0,0,702360.0
2020-02-25,IRN,Sistan and Baluchestan,0,0,1,1,0,0,0,0,0.0,0,2775014.0
2020-02-25,IRN,South Khorasan,0,0,1,1,0,0,0,0,0.0,0,768898.0
2020-02-25,IRN,Tehran,1,0,1,1,0,0,0,0,21.0,21,13267637.0
2020-02-25,IRN,West Azarbaijan,0,0,1,1,0,0,0,0,0.0,0,3265219.0
2020-02-25,IRN,Yazd,0,0,1,1,0,0,0,0,0.0,0,1138533.0
2020-02-25,IRN,Zanjan,1,0,1,1,0,0,0,0,0.0,0,1057461.0
2020-02-26,IRN,Alborz,1,0,1,1,0,0,0,0,2.0,2,2712400.0
2020-02-26,IRN,Ardebil,1,0,1,1,0,0,0,0,0.0,0,1270420.0
2020-02-26,IRN,Bushehr,0,0,1,1,0,0,0,0,0.0,0,1163400.0
2020-02-26,IRN,Chahar Mahall and Bakhtiari,0,0,1,1,0,0,0,0,0.0,0,947763.0
2020-02-26,IRN,East Azarbaijan,0,0,1,1,0,0,0,0,0.0,0,3909652.0
2020-02-26,IRN,Esfahan,0,0,1,1,0,0,0,0,2.0,2,5120850.0
2020-02-26,IRN,Fars,0,0,1,1,0,0,0,0,3.0,3,4851274.0
2020-02-26,IRN,Gilan,1,0,1,1,0,0,0,0,9.0,9,2530696.0
2020-02-26,IRN,Golestan,1,0,1,1,0,0,0,0,0.0,0,1868819.0
2020-02-26,IRN,Hamadan,1,0,1,1,0,0,0,0,1.0,1,1738234.0
2020-02-26,IRN,Hormozgan,0,0,1,1,0,0,0,0,2.0,2,1776415.0
2020-02-26,IRN,Ilam,0,0,1,1,0,0,0,0,0.0,0,580158.0
2020-02-26,IRN,Kerman,0,0,1,1,0,0,0,0,0.0,0,3164718.0
2020-02-26,IRN,Kermanshah,1,0,1,1,0,0,0,0,1.0,1,1952434.0
2020-02-26,IRN,Khuzestan,0,0,1,1,0,0,0,0,3.0,3,4710509.0
2020-02-26,IRN,Kohgiluyeh and Buyer Ahmad,0,0,1,1,0,0,0,0,2.0,2,713052.0
2020-02-26,IRN,Kordestan,1,0,1,1,0,0,0,0,0.0,0,1603011.0
2020-02-26,IRN,Lorestan,0,0,1,1,0,0,0,0,1.0,1,1760649.0
2020-02-26,IRN,Markazi,1,0,1,1,0,0,0,0,5.0,5,1429475.0
2020-02-26,IRN,Mazandaran,1,0,1,1,0,0,0,0,4.0,4,3283582.0
2020-02-26,IRN,North Khorasan,0,0,1,1,0,0,0,0,0.0,0,863092.0
2020-02-26,IRN,Qazvin,1,0,1,1,0,0,0,0,0.0,0,1273761.0
2020-02-26,IRN,Qom,1,1,1,1,0,0,0,0,65.0,65,1292283.0
2020-02-26,IRN,Razavi Khorasan,0,0,1,1,0,0,0,0,1.0,1,6434501.0
2020-02-26,IRN,Semnan,1,0,1,1,0,0,0,0,1.0,1,702360.0
2020-02-26,IRN,Sistan and Baluchestan,0,0,1,1,0,0,0,0,2.0,2,2775014.0
2020-02-26,IRN,South Khorasan,0,0,1,1,0,0,0,0,0.0,0,768898.0
2020-02-26,IRN,Tehran,1,0,1,1,0,0,0,0,25.0,25,13267637.0
2020-02-26,IRN,West Azarbaijan,0,0,1,1,0,0,0,0,0.0,0,3265219.0
2020-02-26,IRN,Yazd,0,0,1,1,0,0,0,0,0.0,0,1138533.0
2020-02-26,IRN,Zanjan,1,0,1,1,0,0,0,0,0.0,0,1057461.0
2020-02-27,IRN,Alborz,1,0,1,1,0,0,0,0,5.0,5,2712400.0
2020-02-27,IRN,Ardebil,1,0,1,1,0,0,0,0,5.0,5,1270420.0
2020-02-27,IRN,Bushehr,0,0,1,1,0,0,0,0,0.0,0,1163400.0
2020-02-27,IRN,Chahar Mahall and Bakhtiari,0,0,1,1,0,0,0,0,0.0,0,947763.0
2020-02-27,IRN,East Azarbaijan,0,0,1,1,0,0,0,0,2.0,2,3909652.0
2020-02-27,IRN,Esfahan,0,0,1,1,0,0,0,0,10.0,10,5120850.0
2020-02-27,IRN,Fars,0,0,1,1,0,0,0,0,3.0,3,4851274.0
2020-02-27,IRN,Gilan,1,0,1,1,0,0,0,0,32.0,32,2530696.0
2020-02-27,IRN,Golestan,1,0,1,1,0,0,0,0,0.0,0,1868819.0
2020-02-27,IRN,Hamadan,1,0,1,1,0,0,0,0,2.0,2,1738234.0
2020-02-27,IRN,Hormozgan,0,0,1,1,0,0,0,0,2.0,2,1776415.0
2020-02-27,IRN,Ilam,0,0,1,1,0,0,0,0,0.0,0,580158.0
2020-02-27,IRN,Kerman,0,0,1,1,0,0,0,0,0.0,0,3164718.0
2020-02-27,IRN,Kermanshah,1,0,1,1,0,0,0,0,3.0,3,1952434.0
2020-02-27,IRN,Khuzestan,0,0,1,1,0,0,0,0,3.0,3,4710509.0
2020-02-27,IRN,Kohgiluyeh and Buyer Ahmad,0,0,1,1,0,0,0,0,2.0,2,713052.0
2020-02-27,IRN,Kordestan,1,0,1,1,0,0,0,0,1.0,1,1603011.0
2020-02-27,IRN,Lorestan,0,0,1,1,0,0,0,0,4.0,4,1760649.0
2020-02-27,IRN,Markazi,1,0,1,1,0,0,0,0,5.0,5,1429475.0
2020-02-27,IRN,Mazandaran,1,0,1,1,0,0,0,0,11.0,11,3283582.0
2020-02-27,IRN,North Khorasan,0,0,1,1,0,0,0,0,0.0,0,863092.0
2020-02-27,IRN,Qazvin,1,0,1,1,0,0,0,0,0.0,0,1273761.0
2020-02-27,IRN,Qom,1,1,1,1,0,0,0,0,72.0,72,1292283.0
2020-02-27,IRN,Razavi Khorasan,0,0,1,1,0,0,0,0,2.0,2,6434501.0
2020-02-27,IRN,Semnan,1,0,1,1,0,0,0,0,4.0,4,702360.0
2020-02-27,IRN,Sistan and Baluchestan,0,0,1,1,0,0,0,0,2.0,2,2775014.0
2020-02-27,IRN,South Khorasan,0,0,1,1,0,0,0,0,0.0,0,768898.0
2020-02-27,IRN,Tehran,1,0,1,1,0,0,0,0,63.0,63,13267637.0
2020-02-27,IRN,West Azarbaijan,0,0,1,1,0,0,0,0,1.0,1,3265219.0
2020-02-27,IRN,Yazd,0,0,1,1,0,0,0,0,1.0,1,1138533.0
2020-02-27,IRN,Zanjan,1,0,1,1,0,0,0,0,0.0,0,1057461.0
2020-02-28,IRN,Alborz,1,0,1,1,0,0,0,0,8.0,8,2712400.0
2020-02-28,IRN,Ardebil,1,0,1,1,0,0,0,0,6.0,6,1270420.0
2020-02-28,IRN,Bushehr,0,0,1,1,0,0,0,0,0.0,0,1163400.0
2020-02-28,IRN,Chahar Mahall and Bakhtiari,0,0,1,1,0,0,0,0,0.0,0,947763.0
2020-02-28,IRN,East Azarbaijan,0,0,1,1,0,0,0,0,6.0,6,3909652.0
2020-02-28,IRN,Esfahan,0,0,1,1,0,0,0,0,20.0,20,5120850.0
2020-02-28,IRN,Fars,0,0,1,1,0,0,0,0,3.0,3,4851274.0
2020-02-28,IRN,Gilan,1,0,1,1,0,0,0,0,57.0,57,2530696.0
2020-02-28,IRN,Golestan,1,0,1,1,0,0,0,0,2.0,2,1868819.0
2020-02-28,IRN,Hamadan,1,0,1,1,0,0,0,0,2.0,2,1738234.0
2020-02-28,IRN,Hormozgan,0,0,1,1,0,0,0,0,2.0,2,1776415.0
2020-02-28,IRN,Ilam,0,0,1,1,0,0,0,0,0.0,0,580158.0
2020-02-28,IRN,Kerman,0,0,1,1,0,0,0,0,0.0,0,3164718.0
2020-02-28,IRN,Kermanshah,1,0,1,1,0,0,0,0,3.0,3,1952434.0
2020-02-28,IRN,Khuzestan,0,0,1,1,0,0,0,0,6.0,6,4710509.0
2020-02-28,IRN,Kohgiluyeh and Buyer Ahmad,0,0,1,1,0,0,0,0,2.0,2,713052.0
2020-02-28,IRN,Kordestan,1,0,1,1,0,0,0,0,3.0,3,1603011.0
2020-02-28,IRN,Lorestan,0,0,1,1,0,0,0,0,4.0,4,1760649.0
2020-02-28,IRN,Markazi,1,0,1,1,0,0,0,0,5.0,5,1429475.0
2020-02-28,IRN,Mazandaran,1,0,1,1,0,0,0,0,20.0,20,3283582.0
2020-02-28,IRN,North Khorasan,0,0,1,1,0,0,0,0,0.0,0,863092.0
2020-02-28,IRN,Qazvin,1,0,1,1,0,0,0,0,2.0,2,1273761.0
2020-02-28,IRN,Qom,1,1,1,1,0,0,0,0,88.0,88,1292283.0
2020-02-28,IRN,Razavi Khorasan,0,0,1,1,0,0,0,0,2.0,2,6434501.0
2020-02-28,IRN,Semnan,1,0,1,1,0,0,0,0,6.0,6,702360.0
2020-02-28,IRN,Sistan and Baluchestan,0,0,1,1,0,0,0,0,2.0,2,2775014.0
2020-02-28,IRN,South Khorasan,0,0,1,1,0,0,0,0,0.0,0,768898.0
2020-02-28,IRN,Tehran,1,0,1,1,0,0,0,0,127.0,127,13267637.0
2020-02-28,IRN,West Azarbaijan,0,0,1,1,0,0,0,0,1.0,1,3265219.0
2020-02-28,IRN,Yazd,0,0,1,1,0,0,0,0,1.0,1,1138533.0
2020-02-28,IRN,Zanjan,1,0,1,1,0,0,0,0,0.0,0,1057461.0
2020-02-29,IRN,Alborz,1,0,1,1,0,0,0,0,16.0,16,2712400.0
2020-02-29,IRN,Ardebil,1,0,1,1,0,0,0,0,9.0,9,1270420.0
2020-02-29,IRN,Bushehr,0,0,1,1,0,0,0,0,0.0,0,1163400.0
2020-02-29,IRN,Chahar Mahall and Bakhtiari,0,0,1,1,0,0,0,0,0.0,0,947763.0
2020-02-29,IRN,East Azarbaijan,0,0,1,1,0,0,0,0,12.0,12,3909652.0
2020-02-29,IRN,Esfahan,0,0,1,1,0,0,0,0,32.0,32,5120850.0
2020-02-29,IRN,Fars,0,0,1,1,0,0,0,0,11.0,11,4851274.0
2020-02-29,IRN,Gilan,1,0,1,1,0,0,0,0,74.0,74,2530696.0
2020-02-29,IRN,Golestan,1,0,1,1,0,0,0,0,24.0,24,1868819.0
2020-02-29,IRN,Hamadan,1,0,1,1,0,0,0,0,2.0,2,1738234.0
2020-02-29,IRN,Hormozgan,0,0,1,1,0,0,0,0,2.0,2,1776415.0
2020-02-29,IRN,Ilam,0,0,1,1,0,0,0,0,1.0,1,580158.0
2020-02-29,IRN,Kerman,0,0,1,1,0,0,0,0,0.0,0,3164718.0
2020-02-29,IRN,Kermanshah,1,0,1,1,0,0,0,0,3.0,3,1952434.0
2020-02-29,IRN,Khuzestan,0,0,1,1,0,0,0,0,10.0,10,4710509.0
2020-02-29,IRN,Kohgiluyeh and Buyer Ahmad,0,0,1,1,0,0,0,0,2.0,2,713052.0
2020-02-29,IRN,Kordestan,1,0,1,1,0,0,0,0,8.0,8,1603011.0
2020-02-29,IRN,Lorestan,0,0,1,1,0,0,0,0,4.0,4,1760649.0
2020-02-29,IRN,Markazi,1,0,1,1,0,0,0,0,23.0,23,1429475.0
2020-02-29,IRN,Mazandaran,1,0,1,1,0,0,0,0,32.0,32,3283582.0
2020-02-29,IRN,North Khorasan,0,0,1,1,0,0,0,0,0.0,0,863092.0
2020-02-29,IRN,Qazvin,1,0,1,1,0,0,0,0,8.0,8,1273761.0
2020-02-29,IRN,Qom,1,1,1,1,0,0,0,0,109.0,109,1292283.0
2020-02-29,IRN,Razavi Khorasan,0,0,1,1,0,0,0,0,2.0,2,6434501.0
2020-02-29,IRN,Semnan,1,0,1,1,0,0,0,0,10.0,10,702360.0
2020-02-29,IRN,Sistan and Baluchestan,0,0,1,1,0,0,0,0,3.0,3,2775014.0
2020-02-29,IRN,South Khorasan,0,0,1,1,0,0,0,0,1.0,1,768898.0
2020-02-29,IRN,Tehran,1,0,1,1,0,0,0,0,179.0,179,13267637.0
2020-02-29,IRN,West Azarbaijan,0,0,1,1,0,0,0,0,1.0,1,3265219.0
2020-02-29,IRN,Yazd,0,0,1,1,0,0,0,0,5.0,5,1138533.0
2020-02-29,IRN,Zanjan,1,0,1,1,0,0,0,0,0.0,0,1057461.0
2020-03-01,IRN,Alborz,1,1,1,1,0,0,0,0,47.0,47,2712400.0
2020-03-01,IRN,Ardebil,1,1,1,1,0,0,0,0,9.0,9,1270420.0
2020-03-01,IRN,Bushehr,0,1,1,1,0,0,0,0,0.0,0,1163400.0
2020-03-01,IRN,Chahar Mahall and Bakhtiari,0,1,1,1,0,0,0,0,0.0,0,947763.0
2020-03-01,IRN,East Azarbaijan,0,1,1,1,0,0,0,0,12.0,12,3909652.0
2020-03-01,IRN,Esfahan,0,1,1,1,0,0,0,0,45.0,45,5120850.0
2020-03-01,IRN,Fars,0,1,1,1,0,0,0,0,19.0,19,4851274.0
2020-03-01,IRN,Gilan,1,1,1,1,0,0,0,0,102.0,102,2530696.0
2020-03-01,IRN,Golestan,1,1,1,1,0,0,0,0,24.0,24,1868819.0
2020-03-01,IRN,Hamadan,1,1,1,1,0,0,0,0,5.0,5,1738234.0
2020-03-01,IRN,Hormozgan,0,1,1,1,0,0,0,0,4.0,4,1776415.0
2020-03-01,IRN,Ilam,0,1,1,1,0,0,0,0,2.0,2,580158.0
2020-03-01,IRN,Kerman,0,1,1,1,0,0,0,0,2.0,2,3164718.0
2020-03-01,IRN,Kermanshah,1,1,1,1,0,0,0,0,5.0,5,1952434.0
2020-03-01,IRN,Khuzestan,0,1,1,1,0,0,0,0,19.0,19,4710509.0
2020-03-01,IRN,Kohgiluyeh and Buyer Ahmad,0,1,1,1,0,0,0,0,2.0,2,713052.0
2020-03-01,IRN,Kordestan,1,1,1,1,0,0,0,0,8.0,8,1603011.0
2020-03-01,IRN,Lorestan,0,1,1,1,0,0,0,0,12.0,12,1760649.0
2020-03-01,IRN,Markazi,1,1,1,1,0,0,0,0,67.0,67,1429475.0
2020-03-01,IRN,Mazandaran,1,1,1,1,0,0,0,0,43.0,43,3283582.0
2020-03-01,IRN,North Khorasan,0,1,1,1,0,0,0,0,0.0,0,863092.0
2020-03-01,IRN,Qazvin,1,1,1,1,0,0,0,0,8.0,8,1273761.0
2020-03-01,IRN,Qom,1,1,1,1,0,0,0,0,139.0,139,1292283.0
2020-03-01,IRN,Razavi Khorasan,0,1,1,1,0,0,0,0,19.0,19,6434501.0
2020-03-01,IRN,Semnan,1,1,1,1,0,0,0,0,13.0,13,702360.0
2020-03-01,IRN,Sistan and Baluchestan,0,1,1,1,0,0,0,0,5.0,5,2775014.0
2020-03-01,IRN,South Khorasan,0,1,1,1,0,0,0,0,3.0,3,768898.0
2020-03-01,IRN,Tehran,1,1,1,1,0,0,0,0,349.0,349,13267637.0
2020-03-01,IRN,West Azarbaijan,0,1,1,1,0,0,0,0,1.0,1,3265219.0
2020-03-01,IRN,Yazd,0,1,1,1,0,0,0,0,5.0,5,1138533.0
2020-03-01,IRN,Zanjan,1,1,1,1,0,0,0,0,0.0,0,1057461.0
2020-03-02,IRN,Alborz,1,1,1,1,0,0,0,0,,89,2712400.0
2020-03-02,IRN,Ardebil,1,1,1,1,0,0,0,0,,9,1270420.0
2020-03-02,IRN,Bushehr,0,1,1,1,0,0,0,0,,0,1163400.0
2020-03-02,IRN,Chahar Mahall and Bakhtiari,0,1,1,1,0,0,0,0,,0,947763.0
2020-03-02,IRN,East Azarbaijan,0,1,1,1,0,0,0,0,,12,3909652.0
2020-03-02,IRN,Esfahan,0,1,1,1,0,0,0,0,,63,5120850.0
2020-03-02,IRN,Fars,0,1,1,1,0,0,0,0,,30,4851274.0
2020-03-02,IRN,Gilan,1,1,1,1,0,0,0,0,,140,2530696.0
2020-03-02,IRN,Golestan,1,1,1,1,0,0,0,0,,24,1868819.0
2020-03-02,IRN,Hamadan,1,1,1,1,0,0,0,0,,9,1738234.0
2020-03-02,IRN,Hormozgan,0,1,1,1,0,0,0,0,,7,1776415.0
2020-03-02,IRN,Ilam,0,1,1,1,0,0,0,0,,3,580158.0
2020-03-02,IRN,Kerman,0,1,1,1,0,0,0,0,,5,3164718.0
2020-03-02,IRN,Kermanshah,1,1,1,1,0,0,0,0,,8,1952434.0
2020-03-02,IRN,Khuzestan,0,1,1,1,0,0,0,0,,31,4710509.0
2020-03-02,IRN,Kohgiluyeh and Buyer Ahmad,0,1,1,1,0,0,0,0,,2,713052.0
2020-03-02,IRN,Kordestan,1,1,1,1,0,0,0,0,,8,1603011.0
2020-03-02,IRN,Lorestan,0,1,1,1,0,0,0,0,,23,1760649.0
2020-03-02,IRN,Markazi,1,1,1,1,0,0,0,0,,127,1429475.0
2020-03-02,IRN,Mazandaran,1,1,1,1,0,0,0,0,,58,3283582.0
2020-03-02,IRN,North Khorasan,0,1,1,1,0,0,0,0,,0,863092.0
2020-03-02,IRN,Qazvin,1,1,1,1,0,0,0,0,,8,1273761.0
2020-03-02,IRN,Qom,1,1,1,1,0,0,0,0,,180,1292283.0
2020-03-02,IRN,Razavi Khorasan,0,1,1,1,0,0,0,0,,42,6434501.0
2020-03-02,IRN,Semnan,1,1,1,1,0,0,0,0,,17,702360.0
2020-03-02,IRN,Sistan and Baluchestan,0,1,1,1,0,0,0,0,,8,2775014.0
2020-03-02,IRN,South Khorasan,0,1,1,1,0,0,0,0,,6,768898.0
2020-03-02,IRN,Tehran,1,1,1,1,0,0,0,0,,579,13267637.0
2020-03-02,IRN,West Azarbaijan,0,1,1,1,0,0,0,0,,1,3265219.0
2020-03-02,IRN,Yazd,0,1,1,1,0,0,0,0,,5,1138533.0
2020-03-02,IRN,Zanjan,1,1,1,1,0,0,0,0,,0,1057461.0
2020-03-03,IRN,Alborz,1,1,1,1,1,0,0,0,,156,2712400.0
2020-03-03,IRN,Ardebil,1,1,1,1,1,0,0,0,,9,1270420.0
2020-03-03,IRN,Bushehr,0,1,1,1,1,0,0,0,,0,1163400.0
2020-03-03,IRN,Chahar Mahall and Bakhtiari,0,1,1,1,1,0,0,0,,0,947763.0
2020-03-03,IRN,East Azarbaijan,0,1,1,1,1,0,0,0,,12,3909652.0
2020-03-03,IRN,Esfahan,0,1,1,1,1,0,0,0,,91,5120850.0
2020-03-03,IRN,Fars,0,1,1,1,1,0,0,0,,47,4851274.0
2020-03-03,IRN,Gilan,1,1,1,1,1,0,0,0,,201,2530696.0
2020-03-03,IRN,Golestan,1,1,1,1,1,0,0,0,,24,1868819.0
2020-03-03,IRN,Hamadan,1,1,1,1,1,0,0,0,,15,1738234.0
2020-03-03,IRN,Hormozgan,0,1,1,1,1,0,0,0,,11,1776415.0
2020-03-03,IRN,Ilam,0,1,1,1,1,0,0,0,,5,580158.0
2020-03-03,IRN,Kerman,0,1,1,1,1,0,0,0,,9,3164718.0
2020-03-03,IRN,Kermanshah,1,1,1,1,1,0,0,0,,12,1952434.0
2020-03-03,IRN,Khuzestan,0,1,1,1,1,0,0,0,,50,4710509.0
2020-03-03,IRN,Kohgiluyeh and Buyer Ahmad,0,1,1,1,1,0,0,0,,2,713052.0
2020-03-03,IRN,Kordestan,1,1,1,1,1,0,0,0,,8,1603011.0
2020-03-03,IRN,Lorestan,0,1,1,1,1,0,0,0,,40,1760649.0
2020-03-03,IRN,Markazi,1,1,1,1,1,0,0,0,,222,1429475.0
2020-03-03,IRN,Mazandaran,1,1,1,1,1,0,0,0,,82,3283582.0
2020-03-03,IRN,North Khorasan,0,1,1,1,1,0,0,0,,0,863092.0
2020-03-03,IRN,Qazvin,1,1,1,1,1,0,0,0,,8,1273761.0
2020-03-03,IRN,Qom,1,1,1,1,1,0,0,0,,245,1292283.0
2020-03-03,IRN,Razavi Khorasan,0,1,1,1,1,0,0,0,,79,6434501.0
2020-03-03,IRN,Semnan,1,1,1,1,1,0,0,0,,23,702360.0
2020-03-03,IRN,Sistan and Baluchestan,0,1,1,1,1,0,0,0,,12,2775014.0
2020-03-03,IRN,South Khorasan,0,1,1,1,1,0,0,0,,10,768898.0
2020-03-03,IRN,Tehran,1,1,1,1,1,0,0,0,,947,13267637.0
2020-03-03,IRN,West Azarbaijan,0,1,1,1,1,0,0,0,,1,3265219.0
2020-03-03,IRN,Yazd,0,1,1,1,1,0,0,0,,5,1138533.0
2020-03-03,IRN,Zanjan,1,1,1,1,1,0,0,0,,0,1057461.0
2020-03-04,IRN,Alborz,1,1,1,1,1,0,0,0,66.0,175,2712400.0
2020-03-04,IRN,Ardebil,1,1,1,1,1,0,0,0,9.0,9,1270420.0
2020-03-04,IRN,Bushehr,0,1,1,1,1,0,0,0,0.0,0,1163400.0
2020-03-04,IRN,Chahar Mahall and Bakhtiari,0,1,1,1,1,0,0,0,1.0,1,947763.0
2020-03-04,IRN,East Azarbaijan,0,1,1,1,1,0,0,0,21.0,21,3909652.0
2020-03-04,IRN,Esfahan,0,1,1,1,1,0,0,0,45.0,91,5120850.0
2020-03-04,IRN,Fars,0,1,1,1,1,0,0,0,33.0,61,4851274.0
2020-03-04,IRN,Gilan,1,1,1,1,1,0,0,0,137.0,236,2530696.0
2020-03-04,IRN,Golestan,1,1,1,1,1,0,0,0,33.0,33,1868819.0
2020-03-04,IRN,Hamadan,1,1,1,1,1,0,0,0,5.0,15,1738234.0
2020-03-04,IRN,Hormozgan,0,1,1,1,1,0,0,0,4.0,11,1776415.0
2020-03-04,IRN,Ilam,0,1,1,1,1,0,0,0,9.0,12,580158.0
2020-03-04,IRN,Kerman,0,1,1,1,1,0,0,0,16.0,23,3164718.0
2020-03-04,IRN,Kermanshah,1,1,1,1,1,0,0,0,20.0,27,1952434.0
2020-03-04,IRN,Khuzestan,0,1,1,1,1,0,0,0,46.0,77,4710509.0
2020-03-04,IRN,Kohgiluyeh and Buyer Ahmad,0,1,1,1,1,0,0,0,2.0,2,713052.0
2020-03-04,IRN,Kordestan,1,1,1,1,1,0,0,0,12.0,12,1603011.0
2020-03-04,IRN,Lorestan,0,1,1,1,1,0,0,0,17.0,45,1760649.0
2020-03-04,IRN,Markazi,1,1,1,1,1,0,0,0,75.0,230,1429475.0
2020-03-04,IRN,Mazandaran,1,1,1,1,1,0,0,0,52.0,91,3283582.0
2020-03-04,IRN,North Khorasan,0,1,1,1,1,0,0,0,1.0,1,863092.0
2020-03-04,IRN,Qazvin,1,1,1,1,1,0,0,0,33.0,33,1273761.0
2020-03-04,IRN,Qom,1,1,1,1,1,0,0,0,240.0,346,1292283.0
2020-03-04,IRN,Razavi Khorasan,0,1,1,1,1,0,0,0,27.0,87,6434501.0
2020-03-04,IRN,Semnan,1,1,1,1,1,0,0,0,21.0,31,702360.0
2020-03-04,IRN,Sistan and Baluchestan,0,1,1,1,1,0,0,0,13.0,20,2775014.0
2020-03-04,IRN,South Khorasan,0,1,1,1,1,0,0,0,3.0,10,768898.0
2020-03-04,IRN,Tehran,1,1,1,1,1,0,0,0,602.0,1200,13267637.0
2020-03-04,IRN,West Azarbaijan,0,1,1,1,1,0,0,0,1.0,1,3265219.0
2020-03-04,IRN,Yazd,0,1,1,1,1,0,0,0,5.0,5,1138533.0
2020-03-04,IRN,Zanjan,1,1,1,1,1,0,0,0,6.0,6,1057461.0
2020-03-05,IRN,Alborz,1,1,1,1,1,0,0,0,127.0,236,2712400.0
2020-03-05,IRN,Ardebil,1,1,1,1,1,0,0,0,26.0,26,1270420.0
2020-03-05,IRN,Bushehr,1,1,1,1,1,0,0,0,3.0,3,1163400.0
2020-03-05,IRN,Chahar Mahall and Bakhtiari,1,1,1,1,1,0,0,0,9.0,9,947763.0
2020-03-05,IRN,East Azarbaijan,1,1,1,1,1,0,0,0,31.0,31,3909652.0
2020-03-05,IRN,Esfahan,1,1,1,1,1,0,0,0,163.0,209,5120850.0
2020-03-05,IRN,Fars,1,1,1,1,1,0,0,0,52.0,80,4851274.0
2020-03-05,IRN,Gilan,1,1,1,1,1,0,0,0,217.0,316,2530696.0
2020-03-05,IRN,Golestan,1,1,1,1,1,0,0,0,37.0,37,1868819.0
2020-03-05,IRN,Hamadan,1,1,1,1,1,0,0,0,11.0,21,1738234.0
2020-03-05,IRN,Hormozgan,1,1,1,1,1,0,0,0,6.0,13,1776415.0
2020-03-05,IRN,Ilam,1,1,1,1,1,0,0,0,9.0,12,580158.0
2020-03-05,IRN,Kerman,1,1,1,1,1,0,0,0,16.0,23,3164718.0
2020-03-05,IRN,Kermanshah,1,1,1,1,1,0,0,0,20.0,27,1952434.0
2020-03-05,IRN,Khuzestan,1,1,1,1,1,0,0,0,47.0,78,4710509.0
2020-03-05,IRN,Kohgiluyeh and Buyer Ahmad,1,1,1,1,1,0,0,0,2.0,2,713052.0
2020-03-05,IRN,Kordestan,1,1,1,1,1,0,0,0,18.0,18,1603011.0
2020-03-05,IRN,Lorestan,1,1,1,1,1,0,0,0,28.0,56,1760649.0
2020-03-05,IRN,Markazi,1,1,1,1,1,0,0,0,106.0,261,1429475.0
2020-03-05,IRN,Mazandaran,1,1,1,1,1,0,0,0,102.0,141,3283582.0
2020-03-05,IRN,North Khorasan,1,1,1,1,1,0,0,0,3.0,3,863092.0
2020-03-05,IRN,Qazvin,1,1,1,1,1,0,0,0,64.0,64,1273761.0
2020-03-05,IRN,Qom,1,1,1,1,1,0,0,0,272.0,378,1292283.0
2020-03-05,IRN,Razavi Khorasan,1,1,1,1,1,0,0,0,80.0,140,6434501.0
2020-03-05,IRN,Semnan,1,1,1,1,1,0,0,0,43.0,53,702360.0
2020-03-05,IRN,Sistan and Baluchestan,1,1,1,1,1,0,0,0,18.0,25,2775014.0
2020-03-05,IRN,South Khorasan,1,1,1,1,1,0,0,0,12.0,19,768898.0
2020-03-05,IRN,Tehran,1,1,1,1,1,0,0,0,658.0,1256,13267637.0
2020-03-05,IRN,West Azarbaijan,1,1,1,1,1,0,0,0,6.0,6,3265219.0
2020-03-05,IRN,Yazd,1,1,1,1,1,0,0,0,5.0,5,1138533.0
2020-03-05,IRN,Zanjan,1,1,1,1,1,0,0,0,13.0,13,1057461.0
2020-03-06,IRN,Alborz,1,1,1,1,1,0,0,0,256.0,365,2712400.0
2020-03-06,IRN,Ardebil,1,1,1,1,1,0,0,0,37.0,37,1270420.0
2020-03-06,IRN,Bushehr,1,1,1,1,1,0,0,0,5.0,5,1163400.0
2020-03-06,IRN,Chahar Mahall and Bakhtiari,1,1,1,1,1,0,0,0,14.0,14,947763.0
2020-03-06,IRN,East Azarbaijan,1,1,1,1,1,0,0,0,41.0,41,3909652.0
2020-03-06,IRN,Esfahan,1,1,1,1,1,1,0,0,313.0,359,5120850.0
2020-03-06,IRN,Fars,1,1,1,1,1,0,0,0,65.0,93,4851274.0
2020-03-06,IRN,Gilan,1,1,1,1,1,1,0,0,308.0,407,2530696.0
2020-03-06,IRN,Golestan,1,1,1,1,1,0,0,0,104.0,104,1868819.0
2020-03-06,IRN,Hamadan,1,1,1,1,1,0,0,0,18.0,28,1738234.0
2020-03-06,IRN,Hormozgan,1,1,1,1,1,0,0,0,12.0,19,1776415.0
2020-03-06,IRN,Ilam,1,1,1,1,1,0,0,0,11.0,14,580158.0
2020-03-06,IRN,Kerman,1,1,1,1,1,0,0,0,23.0,30,3164718.0
2020-03-06,IRN,Kermanshah,1,1,1,1,1,0,0,0,25.0,32,1952434.0
2020-03-06,IRN,Khuzestan,1,1,1,1,1,0,0,0,47.0,78,4710509.0
2020-03-06,IRN,Kohgiluyeh and Buyer Ahmad,1,1,1,1,1,0,0,0,6.0,6,713052.0
2020-03-06,IRN,Kordestan,1,1,1,1,1,0,0,0,42.0,42,1603011.0
2020-03-06,IRN,Lorestan,1,1,1,1,1,0,0,0,78.0,106,1760649.0
2020-03-06,IRN,Markazi,1,1,1,1,1,0,0,0,154.0,309,1429475.0
2020-03-06,IRN,Mazandaran,1,1,1,1,1,0,0,0,282.0,321,3283582.0
2020-03-06,IRN,North Khorasan,1,1,1,1,1,0,0,0,15.0,15,863092.0
2020-03-06,IRN,Qazvin,1,1,1,1,1,0,0,0,129.0,129,1273761.0
2020-03-06,IRN,Qom,1,1,1,1,1,1,0,0,409.0,515,1292283.0
2020-03-06,IRN,Razavi Khorasan,1,1,1,1,1,0,0,0,80.0,140,6434501.0
2020-03-06,IRN,Semnan,1,1,1,1,1,0,0,0,97.0,107,702360.0
2020-03-06,IRN,Sistan and Baluchestan,1,1,1,1,1,0,0,0,20.0,27,2775014.0
2020-03-06,IRN,South Khorasan,1,1,1,1,1,0,0,0,15.0,22,768898.0
2020-03-06,IRN,Tehran,1,1,1,1,1,0,0,0,719.0,1317,13267637.0
2020-03-06,IRN,West Azarbaijan,1,1,1,1,1,0,0,0,7.0,7,3265219.0
2020-03-06,IRN,Yazd,1,1,1,1,1,0,0,0,55.0,55,1138533.0
2020-03-06,IRN,Zanjan,1,1,1,1,1,0,0,0,48.0,48,1057461.0
2020-03-07,IRN,Alborz,1,1,1,1,1,0,0,0,259.0,368,2712400.0
2020-03-07,IRN,Ardebil,1,1,1,1,1,0,0,0,38.0,38,1270420.0
2020-03-07,IRN,Bushehr,1,1,1,1,1,0,0,0,8.0,8,1163400.0
2020-03-07,IRN,Chahar Mahall and Bakhtiari,1,1,1,1,1,0,0,0,16.0,16,947763.0
2020-03-07,IRN,East Azarbaijan,1,1,1,1,1,0,0,0,43.0,43,3909652.0
2020-03-07,IRN,Esfahan,1,1,1,1,1,1,0,0,409.0,455,5120850.0
2020-03-07,IRN,Fars,1,1,1,1,1,0,0,0,79.0,107,4851274.0
2020-03-07,IRN,Gilan,1,1,1,1,1,1,0,0,378.0,477,2530696.0
2020-03-07,IRN,Golestan,1,1,1,1,1,0,0,0,162.0,162,1868819.0
2020-03-07,IRN,Hamadan,1,1,1,1,1,0,0,0,29.0,39,1738234.0
2020-03-07,IRN,Hormozgan,1,1,1,1,1,0,0,0,23.0,30,1776415.0
2020-03-07,IRN,Ilam,1,1,1,1,1,0,0,0,13.0,16,580158.0
2020-03-07,IRN,Kerman,1,1,1,1,1,0,0,0,,33,3164718.0
2020-03-07,IRN,Kermanshah,1,1,1,1,1,0,0,0,29.0,36,1952434.0
2020-03-07,IRN,Khuzestan,1,1,1,1,1,0,0,0,48.0,79,4710509.0
2020-03-07,IRN,Kohgiluyeh and Buyer Ahmad,1,1,1,1,1,0,0,0,6.0,6,713052.0
2020-03-07,IRN,Kordestan,1,1,1,1,1,0,0,0,44.0,44,1603011.0
2020-03-07,IRN,Lorestan,1,1,1,1,1,0,0,0,105.0,133,1760649.0
2020-03-07,IRN,Markazi,1,1,1,1,1,0,0,0,191.0,346,1429475.0
2020-03-07,IRN,Mazandaran,1,1,1,1,1,0,0,0,587.0,626,3283582.0
2020-03-07,IRN,North Khorasan,1,1,1,1,1,0,0,0,23.0,23,863092.0
2020-03-07,IRN,Qazvin,1,1,1,1,1,0,0,0,131.0,131,1273761.0
2020-03-07,IRN,Qom,1,1,1,1,1,1,0,0,554.0,660,1292283.0
2020-03-07,IRN,Razavi Khorasan,1,1,1,1,1,0,0,0,126.0,186,6434501.0
2020-03-07,IRN,Semnan,1,1,1,1,1,0,0,0,121.0,131,702360.0
2020-03-07,IRN,Sistan and Baluchestan,1,1,1,1,1,0,0,0,33.0,40,2775014.0
2020-03-07,IRN,South Khorasan,1,1,1,1,1,0,0,0,15.0,22,768898.0
2020-03-07,IRN,Tehran,1,1,1,1,1,0,0,0,845.0,1443,13267637.0
2020-03-07,IRN,West Azarbaijan,1,1,1,1,1,0,0,0,29.0,29,3265219.0
2020-03-07,IRN,Yazd,1,1,1,1,1,0,0,0,79.0,79,1138533.0
2020-03-07,IRN,Zanjan,1,1,1,1,1,0,0,0,50.0,50,1057461.0
2020-03-08,IRN,Alborz,1,1,1,1,1,0,0,0,261.0,370,2712400.0
2020-03-08,IRN,Ardebil,1,1,1,1,1,0,0,0,47.0,47,1270420.0
2020-03-08,IRN,Bushehr,1,1,1,1,1,0,0,0,10.0,10,1163400.0
2020-03-08,IRN,Chahar Mahall and Bakhtiari,1,1,1,1,1,0,0,0,21.0,21,947763.0
2020-03-08,IRN,East Azarbaijan,1,1,1,1,1,0,0,0,73.0,73,3909652.0
2020-03-08,IRN,Esfahan,1,1,1,1,1,1,0,0,489.0,535,5120850.0
2020-03-08,IRN,Fars,1,1,1,1,1,0,0,0,88.0,116,4851274.0
2020-03-08,IRN,Gilan,1,1,1,1,1,1,0,0,380.0,479,2530696.0
2020-03-08,IRN,Golestan,1,1,1,1,1,0,0,0,175.0,175,1868819.0
2020-03-08,IRN,Hamadan,1,1,1,1,1,0,0,0,55.0,65,1738234.0
2020-03-08,IRN,Hormozgan,1,1,1,1,1,0,0,0,28.0,35,1776415.0
2020-03-08,IRN,Ilam,1,1,1,1,1,0,0,0,13.0,16,580158.0
2020-03-08,IRN,Kerman,1,1,1,1,1,0,0,0,,37,3164718.0
2020-03-08,IRN,Kermanshah,1,1,1,1,1,0,0,0,31.0,38,1952434.0
2020-03-08,IRN,Khuzestan,1,1,1,1,1,0,0,0,53.0,84,4710509.0
2020-03-08,IRN,Kohgiluyeh and Buyer Ahmad,1,1,1,1,1,0,0,0,9.0,9,713052.0
2020-03-08,IRN,Kordestan,1,1,1,1,1,0,0,0,63.0,63,1603011.0
2020-03-08,IRN,Lorestan,1,1,1,1,1,0,0,0,142.0,170,1760649.0
2020-03-08,IRN,Markazi,1,1,1,1,1,0,0,0,261.0,416,1429475.0
2020-03-08,IRN,Mazandaran,1,1,1,1,1,0,0,0,601.0,640,3283582.0
2020-03-08,IRN,North Khorasan,1,1,1,1,1,0,0,0,24.0,24,863092.0
2020-03-08,IRN,Qazvin,1,1,1,1,1,0,0,0,160.0,160,1273761.0
2020-03-08,IRN,Qom,1,1,1,1,1,1,0,0,571.0,677,1292283.0
2020-03-08,IRN,Razavi Khorasan,1,1,1,1,1,0,0,0,145.0,205,6434501.0
2020-03-08,IRN,Semnan,1,1,1,1,1,0,0,0,158.0,168,702360.0
2020-03-08,IRN,Sistan and Baluchestan,1,1,1,1,1,0,0,0,33.0,40,2775014.0
2020-03-08,IRN,South Khorasan,1,1,1,1,1,0,0,0,,30,768898.0
2020-03-08,IRN,Tehran,1,1,1,1,1,0,0,0,1111.0,1709,13267637.0
2020-03-08,IRN,West Azarbaijan,1,1,1,1,1,0,0,0,36.0,36,3265219.0
2020-03-08,IRN,Yazd,1,1,1,1,1,0,0,0,85.0,85,1138533.0
2020-03-08,IRN,Zanjan,1,1,1,1,1,0,0,0,51.0,51,1057461.0
2020-03-09,IRN,Alborz,1,1,1,1,1,0,0,0,261.0,370,2712400.0
2020-03-09,IRN,Ardebil,1,1,1,1,1,0,0,0,69.0,69,1270420.0
2020-03-09,IRN,Bushehr,1,1,1,1,1,0,0,0,11.0,11,1163400.0
2020-03-09,IRN,Chahar Mahall and Bakhtiari,1,1,1,1,1,0,0,0,26.0,26,947763.0
2020-03-09,IRN,East Azarbaijan,1,1,1,1,1,0,0,0,95.0,95,3909652.0
2020-03-09,IRN,Esfahan,1,1,1,1,1,1,0,0,526.0,572,5120850.0
2020-03-09,IRN,Fars,1,1,1,1,1,0,0,0,117.0,145,4851274.0
2020-03-09,IRN,Gilan,1,1,1,1,1,1,0,0,408.0,507,2530696.0
2020-03-09,IRN,Golestan,1,1,1,1,1,0,0,0,175.0,175,1868819.0
2020-03-09,IRN,Hamadan,1,1,1,1,1,0,0,0,55.0,65,1738234.0
2020-03-09,IRN,Hormozgan,1,1,1,1,1,0,0,0,45.0,52,1776415.0
2020-03-09,IRN,Ilam,1,1,1,1,1,0,0,0,29.0,32,580158.0
2020-03-09,IRN,Kerman,1,1,1,1,1,0,0,0,34.0,41,3164718.0
2020-03-09,IRN,Kermanshah,1,1,1,1,1,0,0,0,42.0,49,1952434.0
2020-03-09,IRN,Khuzestan,1,1,1,1,1,0,0,0,57.0,88,4710509.0
2020-03-09,IRN,Kohgiluyeh and Buyer Ahmad,1,1,1,1,1,0,0,0,9.0,9,713052.0
2020-03-09,IRN,Kordestan,1,1,1,1,1,0,0,0,66.0,66,1603011.0
2020-03-09,IRN,Lorestan,1,1,1,1,1,0,0,0,149.0,177,1760649.0
2020-03-09,IRN,Markazi,1,1,1,1,1,0,0,0,315.0,470,1429475.0
2020-03-09,IRN,Mazandaran,1,1,1,1,1,0,0,0,614.0,653,3283582.0
2020-03-09,IRN,North Khorasan,1,1,1,1,1,0,0,0,34.0,34,863092.0
2020-03-09,IRN,Qazvin,1,1,1,1,1,0,0,0,200.0,200,1273761.0
2020-03-09,IRN,Qom,1,1,1,1,1,1,0,0,598.0,704,1292283.0
2020-03-09,IRN,Razavi Khorasan,1,1,1,1,1,0,0,0,174.0,234,6434501.0
2020-03-09,IRN,Semnan,1,1,1,1,1,0,0,0,203.0,213,702360.0
2020-03-09,IRN,Sistan and Baluchestan,1,1,1,1,1,0,0,0,33.0,40,2775014.0
2020-03-09,IRN,South Khorasan,1,1,1,1,1,0,0,0,34.0,41,768898.0
2020-03-09,IRN,Tehran,1,1,1,1,1,0,0,0,1251.0,1849,13267637.0
2020-03-09,IRN,West Azarbaijan,1,1,1,1,1,0,0,0,65.0,65,3265219.0
2020-03-09,IRN,Yazd,1,1,1,1,1,0,0,0,88.0,88,1138533.0
2020-03-09,IRN,Zanjan,1,1,1,1,1,0,0,0,66.0,66,1057461.0
2020-03-10,IRN,Alborz,1,1,1,1,1,0,0,0,293.0,402,2712400.0
2020-03-10,IRN,Ardebil,1,1,1,1,1,0,0,0,88.0,88,1270420.0
2020-03-10,IRN,Bushehr,1,1,1,1,1,0,0,0,18.0,18,1163400.0
2020-03-10,IRN,Chahar Mahall and Bakhtiari,1,1,1,1,1,0,0,0,37.0,37,947763.0
2020-03-10,IRN,East Azarbaijan,1,1,1,1,1,0,0,0,112.0,112,3909652.0
2020-03-10,IRN,Esfahan,1,1,1,1,1,1,0,0,543.0,589,5120850.0
2020-03-10,IRN,Fars,1,1,1,1,1,0,0,0,135.0,163,4851274.0
2020-03-10,IRN,Gilan,1,1,1,1,1,1,0,0,408.0,507,2530696.0
2020-03-10,IRN,Golestan,1,1,1,1,1,0,0,0,179.0,179,1868819.0
2020-03-10,IRN,Hamadan,1,1,1,1,1,0,0,0,72.0,82,1738234.0
2020-03-10,IRN,Hormozgan,1,1,1,1,1,0,0,0,62.0,69,1776415.0
2020-03-10,IRN,Ilam,1,1,1,1,1,0,0,0,54.0,57,580158.0
2020-03-10,IRN,Kerman,1,1,1,1,1,0,0,0,38.0,45,3164718.0
2020-03-10,IRN,Kermanshah,1,1,1,1,1,0,0,0,49.0,56,1952434.0
2020-03-10,IRN,Khuzestan,1,1,1,1,1,0,0,0,94.0,125,4710509.0
2020-03-10,IRN,Kohgiluyeh and Buyer Ahmad,1,1,1,1,1,0,0,0,11.0,11,713052.0
2020-03-10,IRN,Kordestan,1,1,1,1,1,0,0,0,78.0,78,1603011.0
2020-03-10,IRN,Lorestan,1,1,1,1,1,0,0,0,174.0,202,1760649.0
2020-03-10,IRN,Markazi,1,1,1,1,1,0,0,0,342.0,497,1429475.0
2020-03-10,IRN,Mazandaran,1,1,1,1,1,0,0,0,867.0,906,3283582.0
2020-03-10,IRN,North Khorasan,1,1,1,1,1,0,0,0,34.0,34,863092.0
2020-03-10,IRN,Qazvin,1,1,1,1,1,0,0,0,210.0,210,1273761.0
2020-03-10,IRN,Qom,1,1,1,1,1,1,0,0,637.0,743,1292283.0
2020-03-10,IRN,Razavi Khorasan,1,1,1,1,1,0,0,0,213.0,273,6434501.0
2020-03-10,IRN,Semnan,1,1,1,1,1,0,0,0,204.0,214,702360.0
2020-03-10,IRN,Sistan and Baluchestan,1,1,1,1,1,0,0,0,39.0,46,2775014.0
2020-03-10,IRN,South Khorasan,1,1,1,1,1,0,0,0,48.0,55,768898.0
2020-03-10,IRN,Tehran,1,1,1,1,1,0,0,0,1420.0,2018,13267637.0
2020-03-10,IRN,West Azarbaijan,1,1,1,1,1,0,0,0,69.0,69,3265219.0
2020-03-10,IRN,Yazd,1,1,1,1,1,0,0,0,125.0,125,1138533.0
2020-03-10,IRN,Zanjan,1,1,1,1,1,0,0,0,77.0,77,1057461.0
2020-03-11,IRN,Alborz,1,1,1,1,1,0,0,0,338.0,447,2712400.0
2020-03-11,IRN,Ardebil,1,1,1,1,1,0,0,0,89.0,89,1270420.0
2020-03-11,IRN,Bushehr,1,1,1,1,1,0,0,0,18.0,18,1163400.0
2020-03-11,IRN,Chahar Mahall and Bakhtiari,1,1,1,1,1,0,0,0,38.0,38,947763.0
2020-03-11,IRN,East Azarbaijan,1,1,1,1,1,0,0,0,141.0,141,3909652.0
2020-03-11,IRN,Esfahan,1,1,1,1,1,1,0,0,713.0,759,5120850.0
2020-03-11,IRN,Fars,1,1,1,1,1,0,0,0,154.0,182,4851274.0
2020-03-11,IRN,Gilan,1,1,1,1,1,1,0,0,413.0,512,2530696.0
2020-03-11,IRN,Golestan,1,1,1,1,1,0,0,0,188.0,188,1868819.0
2020-03-11,IRN,Hamadan,1,1,1,1,1,0,0,0,79.0,89,1738234.0
2020-03-11,IRN,Hormozgan,1,1,1,1,1,0,0,0,72.0,79,1776415.0
2020-03-11,IRN,Ilam,1,1,1,1,1,0,0,0,60.0,63,580158.0
2020-03-11,IRN,Kerman,1,1,1,1,1,0,0,0,56.0,63,3164718.0
2020-03-11,IRN,Kermanshah,1,1,1,1,1,0,0,0,57.0,64,1952434.0
2020-03-11,IRN,Khuzestan,1,1,1,1,1,0,0,0,111.0,142,4710509.0
2020-03-11,IRN,Kohgiluyeh and Buyer Ahmad,1,1,1,1,1,0,0,0,11.0,11,713052.0
2020-03-11,IRN,Kordestan,1,1,1,1,1,0,0,0,84.0,84,1603011.0
2020-03-11,IRN,Lorestan,1,1,1,1,1,0,0,0,183.0,211,1760649.0
2020-03-11,IRN,Markazi,1,1,1,1,1,0,0,0,373.0,528,1429475.0
2020-03-11,IRN,Mazandaran,1,1,1,1,1,0,0,0,899.0,938,3283582.0
2020-03-11,IRN,North Khorasan,1,1,1,1,1,0,0,0,45.0,45,863092.0
2020-03-11,IRN,Qazvin,1,1,1,1,1,0,0,0,237.0,237,1273761.0
2020-03-11,IRN,Qom,1,1,1,1,1,1,0,0,690.0,796,1292283.0
2020-03-11,IRN,Razavi Khorasan,1,1,1,1,1,0,0,0,247.0,307,6434501.0
2020-03-11,IRN,Semnan,1,1,1,1,1,0,0,0,267.0,277,702360.0
2020-03-11,IRN,Sistan and Baluchestan,1,1,1,1,1,0,0,0,43.0,50,2775014.0
2020-03-11,IRN,South Khorasan,1,1,1,1,1,0,0,0,63.0,70,768898.0
2020-03-11,IRN,Tehran,1,1,1,1,1,0,0,0,1676.0,2274,13267637.0
2020-03-11,IRN,West Azarbaijan,1,1,1,1,1,0,0,0,96.0,96,3265219.0
2020-03-11,IRN,Yazd,1,1,1,1,1,0,0,0,148.0,148,1138533.0
2020-03-11,IRN,Zanjan,1,1,1,1,1,0,0,0,99.0,99,1057461.0
2020-03-12,IRN,Alborz,1,1,1,1,1,0,0,0,412.0,521,2712400.0
2020-03-12,IRN,Ardebil,1,1,1,1,1,0,0,0,103.0,103,1270420.0
2020-03-12,IRN,Bushehr,1,1,1,1,1,0,0,0,21.0,21,1163400.0
2020-03-12,IRN,Chahar Mahall and Bakhtiari,1,1,1,1,1,0,0,0,49.0,49,947763.0
2020-03-12,IRN,East Azarbaijan,1,1,1,1,1,0,0,0,148.0,148,3909652.0
2020-03-12,IRN,Esfahan,1,1,1,1,1,1,0,0,717.0,763,5120850.0
2020-03-12,IRN,Fars,1,1,1,1,1,0,0,0,183.0,211,4851274.0
2020-03-12,IRN,Gilan,1,1,1,1,1,1,0,0,497.0,596,2530696.0
2020-03-12,IRN,Golestan,1,1,1,1,1,0,0,0,213.0,213,1868819.0
2020-03-12,IRN,Hamadan,1,1,1,1,1,0,0,0,91.0,101,1738234.0
2020-03-12,IRN,Hormozgan,1,1,1,1,1,0,0,0,72.0,79,1776415.0
2020-03-12,IRN,Ilam,1,1,1,1,1,0,0,0,67.0,70,580158.0
2020-03-12,IRN,Kerman,1,1,1,1,1,0,0,0,63.0,70,3164718.0
2020-03-12,IRN,Kermanshah,1,1,1,1,1,0,0,0,77.0,84,1952434.0
2020-03-12,IRN,Khuzestan,1,1,1,1,1,0,0,0,142.0,173,4710509.0
2020-03-12,IRN,Kohgiluyeh and Buyer Ahmad,1,1,1,1,1,0,0,0,26.0,26,713052.0
2020-03-12,IRN,Kordestan,1,1,1,1,1,0,0,0,93.0,93,1603011.0
2020-03-12,IRN,Lorestan,1,1,1,1,1,0,0,0,208.0,236,1760649.0
2020-03-12,IRN,Markazi,1,1,1,1,1,0,0,0,461.0,616,1429475.0
2020-03-12,IRN,Mazandaran,1,1,1,1,1,0,0,0,978.0,1017,3283582.0
2020-03-12,IRN,North Khorasan,1,1,1,1,1,0,0,0,45.0,45,863092.0
2020-03-12,IRN,Qazvin,1,1,1,1,1,0,0,0,279.0,279,1273761.0
2020-03-12,IRN,Qom,1,1,1,1,1,1,0,0,732.0,838,1292283.0
2020-03-12,IRN,Razavi Khorasan,1,1,1,1,1,0,0,0,276.0,336,6434501.0
2020-03-12,IRN,Semnan,1,1,1,1,1,0,0,0,307.0,317,702360.0
2020-03-12,IRN,Sistan and Baluchestan,1,1,1,1,1,0,0,0,49.0,56,2775014.0
2020-03-12,IRN,South Khorasan,1,1,1,1,1,0,0,0,75.0,82,768898.0
2020-03-12,IRN,Tehran,1,1,1,1,1,0,0,0,1979.0,2577,13267637.0
2020-03-12,IRN,West Azarbaijan,1,1,1,1,1,0,0,0,115.0,115,3265219.0
2020-03-12,IRN,Yazd,1,1,1,1,1,0,0,0,169.0,169,1138533.0
2020-03-12,IRN,Zanjan,1,1,1,1,1,0,0,0,116.0,116,1057461.0
2020-03-13,IRN,Alborz,1,1,1,1,1,1,1,0,418.0,527,2712400.0
2020-03-13,IRN,Ardebil,1,1,1,1,1,1,1,0,118.0,118,1270420.0
2020-03-13,IRN,Bushehr,1,1,1,1,1,1,1,0,21.0,21,1163400.0
2020-03-13,IRN,Chahar Mahall and Bakhtiari,1,1,1,1,1,1,1,0,49.0,49,947763.0
2020-03-13,IRN,East Azarbaijan,1,1,1,1,1,1,1,0,245.0,245,3909652.0
2020-03-13,IRN,Esfahan,1,1,1,1,1,1,1,0,827.0,873,5120850.0
2020-03-13,IRN,Fars,1,1,1,1,1,1,1,0,216.0,244,4851274.0
2020-03-13,IRN,Gilan,1,1,1,1,1,1,1,0,568.0,667,2530696.0
2020-03-13,IRN,Golestan,1,1,1,1,1,1,1,0,234.0,234,1868819.0
2020-03-13,IRN,Hamadan,1,1,1,1,1,1,1,0,101.0,111,1738234.0
2020-03-13,IRN,Hormozgan,1,1,1,1,1,1,1,0,76.0,83,1776415.0
2020-03-13,IRN,Ilam,1,1,1,1,1,1,1,0,75.0,78,580158.0
2020-03-13,IRN,Kerman,1,1,1,1,1,1,1,0,75.0,82,3164718.0
2020-03-13,IRN,Kermanshah,1,1,1,1,1,1,1,0,92.0,99,1952434.0
2020-03-13,IRN,Khuzestan,1,1,1,1,1,1,1,0,157.0,188,4710509.0
2020-03-13,IRN,Kohgiluyeh and Buyer Ahmad,1,1,1,1,1,1,1,0,26.0,26,713052.0
2020-03-13,IRN,Kordestan,1,1,1,1,1,1,1,0,102.0,102,1603011.0
2020-03-13,IRN,Lorestan,1,1,1,1,1,1,1,0,233.0,261,1760649.0
2020-03-13,IRN,Markazi,1,1,1,1,1,1,1,0,509.0,664,1429475.0
2020-03-13,IRN,Mazandaran,1,1,1,1,1,1,1,0,1170.0,1209,3283582.0
2020-03-13,IRN,North Khorasan,1,1,1,1,1,1,1,0,45.0,45,863092.0
2020-03-13,IRN,Qazvin,1,1,1,1,1,1,1,0,291.0,291,1273761.0
2020-03-13,IRN,Qom,1,1,1,1,1,1,1,0,774.0,880,1292283.0
2020-03-13,IRN,Razavi Khorasan,1,1,1,1,1,1,1,0,386.0,446,6434501.0
2020-03-13,IRN,Semnan,1,1,1,1,1,1,1,0,345.0,355,702360.0
2020-03-13,IRN,Sistan and Baluchestan,1,1,1,1,1,1,1,0,51.0,58,2775014.0
2020-03-13,IRN,South Khorasan,1,1,1,1,1,1,1,0,75.0,82,768898.0
2020-03-13,IRN,Tehran,1,1,1,1,1,1,1,0,2282.0,2880,13267637.0
2020-03-13,IRN,West Azarbaijan,1,1,1,1,1,1,1,0,140.0,140,3265219.0
2020-03-13,IRN,Yazd,1,1,1,1,1,1,1,0,215.0,215,1138533.0
2020-03-13,IRN,Zanjan,1,1,1,1,1,1,1,0,136.0,136,1057461.0
2020-03-14,IRN,Alborz,1,1,1,1,1,1,1,0,552.0,661,2712400.0
2020-03-14,IRN,Ardebil,1,1,1,1,1,1,1,0,151.0,151,1270420.0
2020-03-14,IRN,Bushehr,1,1,1,1,1,1,1,0,28.0,28,1163400.0
2020-03-14,IRN,Chahar Mahall and Bakhtiari,1,1,1,1,1,1,1,0,49.0,49,947763.0
2020-03-14,IRN,East Azarbaijan,1,1,1,1,1,1,1,0,304.0,304,3909652.0
2020-03-14,IRN,Esfahan,1,1,1,1,1,1,1,0,982.0,1028,5120850.0
2020-03-14,IRN,Fars,1,1,1,1,1,1,1,0,227.0,255,4851274.0
2020-03-14,IRN,Gilan,1,1,1,1,1,1,1,0,681.0,780,2530696.0
2020-03-14,IRN,Golestan,1,1,1,1,1,1,1,0,234.0,234,1868819.0
2020-03-14,IRN,Hamadan,1,1,1,1,1,1,1,0,108.0,118,1738234.0
2020-03-14,IRN,Hormozgan,1,1,1,1,1,1,1,0,76.0,83,1776415.0
2020-03-14,IRN,Ilam,1,1,1,1,1,1,1,0,81.0,84,580158.0
2020-03-14,IRN,Kerman,1,1,1,1,1,1,1,0,75.0,82,3164718.0
2020-03-14,IRN,Kermanshah,1,1,1,1,1,1,1,0,100.0,107,1952434.0
2020-03-14,IRN,Khuzestan,1,1,1,1,1,1,1,0,205.0,236,4710509.0
2020-03-14,IRN,Kohgiluyeh and Buyer Ahmad,1,1,1,1,1,1,1,0,26.0,26,713052.0
2020-03-14,IRN,Kordestan,1,1,1,1,1,1,1,0,107.0,107,1603011.0
2020-03-14,IRN,Lorestan,1,1,1,1,1,1,1,0,235.0,263,1760649.0
2020-03-14,IRN,Markazi,1,1,1,1,1,1,1,0,624.0,779,1429475.0
2020-03-14,IRN,Mazandaran,1,1,1,1,1,1,1,0,1187.0,1226,3283582.0
2020-03-14,IRN,North Khorasan,1,1,1,1,1,1,1,0,46.0,46,863092.0
2020-03-14,IRN,Qazvin,1,1,1,1,1,1,1,0,338.0,338,1273761.0
2020-03-14,IRN,Qom,1,1,1,1,1,1,1,0,806.0,912,1292283.0
2020-03-14,IRN,Razavi Khorasan,1,1,1,1,1,1,1,0,416.0,476,6434501.0
2020-03-14,IRN,Semnan,1,1,1,1,1,1,1,0,392.0,402,702360.0
2020-03-14,IRN,Sistan and Baluchestan,1,1,1,1,1,1,1,0,53.0,60,2775014.0
2020-03-14,IRN,South Khorasan,1,1,1,1,1,1,1,0,79.0,86,768898.0
2020-03-14,IRN,Tehran,1,1,1,1,1,1,1,0,2629.0,3227,13267637.0
2020-03-14,IRN,West Azarbaijan,1,1,1,1,1,1,1,0,171.0,171,3265219.0
2020-03-14,IRN,Yazd,1,1,1,1,1,1,1,0,288.0,288,1138533.0
2020-03-14,IRN,Zanjan,1,1,1,1,1,1,1,0,167.0,167,1057461.0
2020-03-15,IRN,Alborz,1,1,1,1,1,1,1,0,619.0,728,2712400.0
2020-03-15,IRN,Ardebil,1,1,1,1,1,1,1,0,151.0,151,1270420.0
2020-03-15,IRN,Bushehr,1,1,1,1,1,1,1,0,34.0,34,1163400.0
2020-03-15,IRN,Chahar Mahall and Bakhtiari,1,1,1,1,1,1,1,0,49.0,49,947763.0
2020-03-15,IRN,East Azarbaijan,1,1,1,1,1,1,1,0,340.0,340,3909652.0
2020-03-15,IRN,Esfahan,1,1,1,1,1,1,1,0,1108.0,1154,5120850.0
2020-03-15,IRN,Fars,1,1,1,1,1,1,1,0,236.0,264,4851274.0
2020-03-15,IRN,Gilan,1,1,1,1,1,1,1,0,724.0,823,2530696.0
2020-03-15,IRN,Golestan,1,1,1,1,1,1,1,0,259.0,259,1868819.0
2020-03-15,IRN,Hamadan,1,1,1,1,1,1,1,0,119.0,129,1738234.0
2020-03-15,IRN,Hormozgan,1,1,1,1,1,1,1,0,83.0,90,1776415.0
2020-03-15,IRN,Ilam,1,1,1,1,1,1,1,0,99.0,102,580158.0
2020-03-15,IRN,Kerman,1,1,1,1,1,1,1,0,82.0,89,3164718.0
2020-03-15,IRN,Kermanshah,1,1,1,1,1,1,1,0,113.0,120,1952434.0
2020-03-15,IRN,Khuzestan,1,1,1,1,1,1,1,0,237.0,268,4710509.0
2020-03-15,IRN,Kohgiluyeh and Buyer Ahmad,1,1,1,1,1,1,1,0,27.0,27,713052.0
2020-03-15,IRN,Kordestan,1,1,1,1,1,1,1,0,134.0,134,1603011.0
2020-03-15,IRN,Lorestan,1,1,1,1,1,1,1,0,287.0,315,1760649.0
2020-03-15,IRN,Markazi,1,1,1,1,1,1,1,0,624.0,779,1429475.0
2020-03-15,IRN,Mazandaran,1,1,1,1,1,1,1,0,1259.0,1298,3283582.0
2020-03-15,IRN,North Khorasan,1,1,1,1,1,1,1,0,52.0,52,863092.0
2020-03-15,IRN,Qazvin,1,1,1,1,1,1,1,0,360.0,360,1273761.0
2020-03-15,IRN,Qom,1,1,1,1,1,1,1,0,890.0,996,1292283.0
2020-03-15,IRN,Razavi Khorasan,1,1,1,1,1,1,1,0,559.0,619,6434501.0
2020-03-15,IRN,Semnan,1,1,1,1,1,1,1,0,433.0,443,702360.0
2020-03-15,IRN,Sistan and Baluchestan,1,1,1,1,1,1,1,0,59.0,66,2775014.0
2020-03-15,IRN,South Khorasan,1,1,1,1,1,1,1,0,97.0,104,768898.0
2020-03-15,IRN,Tehran,1,1,1,1,1,1,1,0,2880.0,3478,13267637.0
2020-03-15,IRN,West Azarbaijan,1,1,1,1,1,1,1,0,189.0,189,3265219.0
2020-03-15,IRN,Yazd,1,1,1,1,1,1,1,0,324.0,324,1138533.0
2020-03-15,IRN,Zanjan,1,1,1,1,1,1,1,0,199.0,199,1057461.0
2020-03-16,IRN,Alborz,1,1,1,1,1,1,1,0,668.0,777,2712400.0
2020-03-16,IRN,Ardebil,1,1,1,1,1,1,1,0,181.0,181,1270420.0
2020-03-16,IRN,Bushehr,1,1,1,1,1,1,1,0,38.0,38,1163400.0
2020-03-16,IRN,Chahar Mahall and Bakhtiari,1,1,1,1,1,1,1,0,52.0,52,947763.0
2020-03-16,IRN,East Azarbaijan,1,1,1,1,1,1,1,0,375.0,375,3909652.0
2020-03-16,IRN,Esfahan,1,1,1,1,1,1,1,0,1226.0,1272,5120850.0
2020-03-16,IRN,Fars,1,1,1,1,1,1,1,0,279.0,307,4851274.0
2020-03-16,IRN,Gilan,1,1,1,1,1,1,1,0,742.0,841,2530696.0
2020-03-16,IRN,Golestan,1,1,1,1,1,1,1,0,301.0,301,1868819.0
2020-03-16,IRN,Hamadan,1,1,1,1,1,1,1,0,131.0,141,1738234.0
2020-03-16,IRN,Hormozgan,1,1,1,1,1,1,1,0,99.0,106,1776415.0
2020-03-16,IRN,Ilam,1,1,1,1,1,1,1,0,101.0,104,580158.0
2020-03-16,IRN,Kerman,1,1,1,1,1,1,1,0,95.0,102,3164718.0
2020-03-16,IRN,Kermanshah,1,1,1,1,1,1,1,0,129.0,136,1952434.0
2020-03-16,IRN,Khuzestan,1,1,1,1,1,1,1,0,290.0,321,4710509.0
2020-03-16,IRN,Kohgiluyeh and Buyer Ahmad,1,1,1,1,1,1,1,0,32.0,32,713052.0
2020-03-16,IRN,Kordestan,1,1,1,1,1,1,1,0,165.0,165,1603011.0
2020-03-16,IRN,Lorestan,1,1,1,1,1,1,1,0,287.0,315,1760649.0
2020-03-16,IRN,Markazi,1,1,1,1,1,1,1,0,638.0,793,1429475.0
2020-03-16,IRN,Mazandaran,1,1,1,1,1,1,1,0,1355.0,1394,3283582.0
2020-03-16,IRN,North Khorasan,1,1,1,1,1,1,1,0,97.0,97,863092.0
2020-03-16,IRN,Qazvin,1,1,1,1,1,1,1,0,400.0,400,1273761.0
2020-03-16,IRN,Qom,1,1,1,1,1,1,1,0,909.0,1015,1292283.0
2020-03-16,IRN,Razavi Khorasan,1,1,1,1,1,1,1,0,559.0,619,6434501.0
2020-03-16,IRN,Semnan,1,1,1,1,1,1,1,0,467.0,477,702360.0
2020-03-16,IRN,Sistan and Baluchestan,1,1,1,1,1,1,1,0,70.0,77,2775014.0
2020-03-16,IRN,South Khorasan,1,1,1,1,1,1,1,0,104.0,111,768898.0
2020-03-16,IRN,Tehran,1,1,1,1,1,1,1,0,3080.0,3678,13267637.0
2020-03-16,IRN,West Azarbaijan,1,1,1,1,1,1,1,0,220.0,220,3265219.0
2020-03-16,IRN,Yazd,1,1,1,1,1,1,1,0,375.0,375,1138533.0
2020-03-16,IRN,Zanjan,1,1,1,1,1,1,1,0,214.0,214,1057461.0
2020-03-17,IRN,Alborz,1,1,1,1,1,1,1,0,784.0,893,2712400.0
2020-03-17,IRN,Ardebil,1,1,1,1,1,1,1,0,200.0,200,1270420.0
2020-03-17,IRN,Bushehr,1,1,1,1,1,1,1,0,42.0,42,1163400.0
2020-03-17,IRN,Chahar Mahall and Bakhtiari,1,1,1,1,1,1,1,0,54.0,54,947763.0
2020-03-17,IRN,East Azarbaijan,1,1,1,1,1,1,1,0,453.0,453,3909652.0
2020-03-17,IRN,Esfahan,1,1,1,1,1,1,1,0,1301.0,1347,5120850.0
2020-03-17,IRN,Fars,1,1,1,1,1,1,1,0,310.0,338,4851274.0
2020-03-17,IRN,Gilan,1,1,1,1,1,1,1,0,787.0,886,2530696.0
2020-03-17,IRN,Golestan,1,1,1,1,1,1,1,0,331.0,331,1868819.0
2020-03-17,IRN,Hamadan,1,1,1,1,1,1,1,0,137.0,147,1738234.0
2020-03-17,IRN,Hormozgan,1,1,1,1,1,1,1,0,105.0,112,1776415.0
2020-03-17,IRN,Ilam,1,1,1,1,1,1,1,0,108.0,111,580158.0
2020-03-17,IRN,Kerman,1,1,1,1,1,1,1,0,114.0,121,3164718.0
2020-03-17,IRN,Kermanshah,1,1,1,1,1,1,1,0,143.0,150,1952434.0
2020-03-17,IRN,Khuzestan,1,1,1,1,1,1,1,0,315.0,346,4710509.0
2020-03-17,IRN,Kohgiluyeh and Buyer Ahmad,1,1,1,1,1,1,1,0,32.0,32,713052.0
2020-03-17,IRN,Kordestan,1,1,1,1,1,1,1,0,167.0,167,1603011.0
2020-03-17,IRN,Lorestan,1,1,1,1,1,1,1,0,322.0,350,1760649.0
2020-03-17,IRN,Markazi,1,1,1,1,1,1,1,0,685.0,840,1429475.0
2020-03-17,IRN,Mazandaran,1,1,1,1,1,1,1,0,1414.0,1453,3283582.0
2020-03-17,IRN,North Khorasan,1,1,1,1,1,1,1,0,100.0,100,863092.0
2020-03-17,IRN,Qazvin,1,1,1,1,1,1,1,0,426.0,426,1273761.0
2020-03-17,IRN,Qom,1,1,1,1,1,1,1,1,938.0,1044,1292283.0
2020-03-17,IRN,Razavi Khorasan,1,1,1,1,1,1,1,0,622.0,682,6434501.0
2020-03-17,IRN,Semnan,1,1,1,1,1,1,1,0,500.0,510,702360.0
2020-03-17,IRN,Sistan and Baluchestan,1,1,1,1,1,1,1,0,81.0,88,2775014.0
2020-03-17,IRN,South Khorasan,1,1,1,1,1,1,1,0,116.0,123,768898.0
2020-03-17,IRN,Tehran,1,1,1,1,1,1,1,0,3353.0,3951,13267637.0
2020-03-17,IRN,West Azarbaijan,1,1,1,1,1,1,1,0,254.0,254,3265219.0
2020-03-17,IRN,Yazd,1,1,1,1,1,1,1,0,424.0,424,1138533.0
2020-03-17,IRN,Zanjan,1,1,1,1,1,1,1,0,239.0,239,1057461.0
2020-03-18,IRN,Alborz,1,1,1,1,1,1,1,0,860.0,969,2712400.0
2020-03-18,IRN,Ardebil,1,1,1,1,1,1,1,0,210.0,210,1270420.0
2020-03-18,IRN,Bushehr,1,1,1,1,1,1,1,0,46.0,46,1163400.0
2020-03-18,IRN,Chahar Mahall and Bakhtiari,1,1,1,1,1,1,1,0,58.0,58,947763.0
2020-03-18,IRN,East Azarbaijan,1,1,1,1,1,1,1,0,537.0,537,3909652.0
2020-03-18,IRN,Esfahan,1,1,1,1,1,1,1,0,1463.0,1509,5120850.0
2020-03-18,IRN,Fars,1,1,1,1,1,1,1,0,370.0,398,4851274.0
2020-03-18,IRN,Gilan,1,1,1,1,1,1,1,0,808.0,907,2530696.0
2020-03-18,IRN,Golestan,1,1,1,1,1,1,1,0,351.0,351,1868819.0
2020-03-18,IRN,Hamadan,1,1,1,1,1,1,1,0,150.0,160,1738234.0
2020-03-18,IRN,Hormozgan,1,1,1,1,1,1,1,0,117.0,124,1776415.0
2020-03-18,IRN,Ilam,1,1,1,1,1,1,1,0,118.0,121,580158.0
2020-03-18,IRN,Kerman,1,1,1,1,1,1,1,0,125.0,132,3164718.0
2020-03-18,IRN,Kermanshah,1,1,1,1,1,1,1,0,150.0,157,1952434.0
2020-03-18,IRN,Khuzestan,1,1,1,1,1,1,1,0,343.0,374,4710509.0
2020-03-18,IRN,Kohgiluyeh and Buyer Ahmad,1,1,1,1,1,1,1,0,45.0,45,713052.0
2020-03-18,IRN,Kordestan,1,1,1,1,1,1,1,0,189.0,189,1603011.0
2020-03-18,IRN,Lorestan,1,1,1,1,1,1,1,0,361.0,389,1760649.0
2020-03-18,IRN,Markazi,1,1,1,1,1,1,1,0,708.0,863,1429475.0
2020-03-18,IRN,Mazandaran,1,1,1,1,1,1,1,0,1475.0,1514,3283582.0
2020-03-18,IRN,North Khorasan,1,1,1,1,1,1,1,0,100.0,100,863092.0
2020-03-18,IRN,Qazvin,1,1,1,1,1,1,1,0,479.0,479,1273761.0
2020-03-18,IRN,Qom,1,1,1,1,1,1,1,1,960.0,1066,1292283.0
2020-03-18,IRN,Razavi Khorasan,1,1,1,1,1,1,1,0,652.0,712,6434501.0
2020-03-18,IRN,Semnan,1,1,1,1,1,1,1,0,560.0,570,702360.0
2020-03-18,IRN,Sistan and Baluchestan,1,1,1,1,1,1,1,0,87.0,94,2775014.0
2020-03-18,IRN,South Khorasan,1,1,1,1,1,1,1,0,137.0,144,768898.0
2020-03-18,IRN,Tehran,1,1,1,1,1,1,1,0,3566.0,4164,13267637.0
2020-03-18,IRN,West Azarbaijan,1,1,1,1,1,1,1,0,296.0,296,3265219.0
2020-03-18,IRN,Yazd,1,1,1,1,1,1,1,0,469.0,469,1138533.0
2020-03-18,IRN,Zanjan,1,1,1,1,1,1,1,0,259.0,259,1057461.0
2020-03-19,IRN,Alborz,1,1,1,1,1,1,1,0,921.0,1030,2712400.0
2020-03-19,IRN,Ardebil,1,1,1,1,1,1,1,0,226.0,226,1270420.0
2020-03-19,IRN,Bushehr,1,1,1,1,1,1,1,0,54.0,54,1163400.0
2020-03-19,IRN,Chahar Mahall and Bakhtiari,1,1,1,1,1,1,1,0,61.0,61,947763.0
2020-03-19,IRN,East Azarbaijan,1,1,1,1,1,1,1,0,595.0,595,3909652.0
2020-03-19,IRN,Esfahan,1,1,1,1,1,1,1,0,1571.0,1617,5120850.0
2020-03-19,IRN,Fars,1,1,1,1,1,1,1,0,391.0,419,4851274.0
2020-03-19,IRN,Gilan,1,1,1,1,1,1,1,0,881.0,980,2530696.0
2020-03-19,IRN,Golestan,1,1,1,1,1,1,1,0,360.0,360,1868819.0
2020-03-19,IRN,Hamadan,1,1,1,1,1,1,1,0,153.0,163,1738234.0
2020-03-19,IRN,Hormozgan,1,1,1,1,1,1,1,0,122.0,129,1776415.0
2020-03-19,IRN,Ilam,1,1,1,1,1,1,1,0,126.0,129,580158.0
2020-03-19,IRN,Kerman,1,1,1,1,1,1,1,0,139.0,146,3164718.0
2020-03-19,IRN,Kermanshah,1,1,1,1,1,1,1,0,173.0,180,1952434.0
2020-03-19,IRN,Khuzestan,1,1,1,1,1,1,1,0,365.0,396,4710509.0
2020-03-19,IRN,Kohgiluyeh and Buyer Ahmad,1,1,1,1,1,1,1,0,60.0,60,713052.0
2020-03-19,IRN,Kordestan,1,1,1,1,1,1,1,0,200.0,200,1603011.0
2020-03-19,IRN,Lorestan,1,1,1,1,1,1,1,0,398.0,426,1760649.0
2020-03-19,IRN,Markazi,1,1,1,1,1,1,1,0,755.0,910,1429475.0
2020-03-19,IRN,Mazandaran,1,1,1,1,1,1,1,0,1533.0,1572,3283582.0
2020-03-19,IRN,North Khorasan,1,1,1,1,1,1,1,0,121.0,121,863092.0
2020-03-19,IRN,Qazvin,1,1,1,1,1,1,1,0,526.0,526,1273761.0
2020-03-19,IRN,Qom,1,1,1,1,1,1,1,1,991.0,1097,1292283.0
2020-03-19,IRN,Razavi Khorasan,1,1,1,1,1,1,1,0,702.0,762,6434501.0
2020-03-19,IRN,Semnan,1,1,1,1,1,1,1,0,576.0,586,702360.0
2020-03-19,IRN,Sistan and Baluchestan,1,1,1,1,1,1,1,0,105.0,112,2775014.0
2020-03-19,IRN,South Khorasan,1,1,1,1,1,1,1,0,142.0,149,768898.0
2020-03-19,IRN,Tehran,1,1,1,1,1,1,1,0,3703.0,4301,13267637.0
2020-03-19,IRN,West Azarbaijan,1,1,1,1,1,1,1,0,322.0,322,3265219.0
2020-03-19,IRN,Yazd,1,1,1,1,1,1,1,0,538.0,538,1138533.0
2020-03-19,IRN,Zanjan,1,1,1,1,1,1,1,0,285.0,285,1057461.0
2020-03-20,IRN,Alborz,1,1,1,1,1,1,1,0,1016.0,1125,2712400.0
2020-03-20,IRN,Ardebil,1,1,1,1,1,1,1,0,261.0,261,1270420.0
2020-03-20,IRN,Bushehr,1,1,1,1,1,1,1,0,55.0,55,1163400.0
2020-03-20,IRN,Chahar Mahall and Bakhtiari,1,1,1,1,1,1,1,0,64.0,64,947763.0
2020-03-20,IRN,East Azarbaijan,1,1,1,1,1,1,1,0,650.0,650,3909652.0
2020-03-20,IRN,Esfahan,1,1,1,1,1,1,1,0,1716.0,1762,5120850.0
2020-03-20,IRN,Fars,1,1,1,1,1,1,1,0,441.0,469,4851274.0
2020-03-20,IRN,Gilan,1,1,1,1,1,1,1,0,980.0,1079,2530696.0
2020-03-20,IRN,Golestan,1,1,1,1,1,1,1,0,375.0,375,1868819.0
2020-03-20,IRN,Hamadan,1,1,1,1,1,1,1,0,158.0,168,1738234.0
2020-03-20,IRN,Hormozgan,1,1,1,1,1,1,1,0,139.0,146,1776415.0
2020-03-20,IRN,Ilam,1,1,1,1,1,1,1,0,146.0,149,580158.0
2020-03-20,IRN,Kerman,1,1,1,1,1,1,1,0,151.0,158,3164718.0
2020-03-20,IRN,Kermanshah,1,1,1,1,1,1,1,0,195.0,202,1952434.0
2020-03-20,IRN,Khuzestan,1,1,1,1,1,1,1,0,375.0,406,4710509.0
2020-03-20,IRN,Kohgiluyeh and Buyer Ahmad,1,1,1,1,1,1,1,0,61.0,61,713052.0
2020-03-20,IRN,Kordestan,1,1,1,1,1,1,1,0,215.0,215,1603011.0
2020-03-20,IRN,Lorestan,1,1,1,1,1,1,1,0,407.0,435,1760649.0
2020-03-20,IRN,Markazi,1,1,1,1,1,1,1,0,772.0,927,1429475.0
2020-03-20,IRN,Mazandaran,1,1,1,1,1,1,1,0,1617.0,1656,3283582.0
2020-03-20,IRN,North Khorasan,1,1,1,1,1,1,1,0,138.0,138,863092.0
2020-03-20,IRN,Qazvin,1,1,1,1,1,1,1,0,534.0,534,1273761.0
2020-03-20,IRN,Qom,1,1,1,1,1,1,1,1,1027.0,1133,1292283.0
2020-03-20,IRN,Razavi Khorasan,1,1,1,1,1,1,1,0,750.0,810,6434501.0
2020-03-20,IRN,Semnan,1,1,1,1,1,1,1,0,628.0,638,702360.0
2020-03-20,IRN,Sistan and Baluchestan,1,1,1,1,1,1,1,0,113.0,120,2775014.0
2020-03-20,IRN,South Khorasan,1,1,1,1,1,1,1,0,160.0,167,768898.0
2020-03-20,IRN,Tehran,1,1,1,1,1,1,1,0,3923.0,4521,13267637.0
2020-03-20,IRN,West Azarbaijan,1,1,1,1,1,1,1,0,349.0,349,3265219.0
2020-03-20,IRN,Yazd,1,1,1,1,1,1,1,0,587.0,587,1138533.0
2020-03-20,IRN,Zanjan,1,1,1,1,1,1,1,0,329.0,329,1057461.0
2020-03-21,IRN,Alborz,1,1,1,1,1,1,1,0,1071.0,1180,2712400.0
2020-03-21,IRN,Ardebil,1,1,1,1,1,1,1,0,267.0,267,1270420.0
2020-03-21,IRN,Bushehr,1,1,1,1,1,1,1,0,55.0,55,1163400.0
2020-03-21,IRN,Chahar Mahall and Bakhtiari,1,1,1,1,1,1,1,0,66.0,66,947763.0
2020-03-21,IRN,East Azarbaijan,1,1,1,1,1,1,1,0,722.0,722,3909652.0
2020-03-21,IRN,Esfahan,1,1,1,1,1,1,1,0,1817.0,1863,5120850.0
2020-03-21,IRN,Fars,1,1,1,1,1,1,1,0,463.0,491,4851274.0
2020-03-21,IRN,Gilan,1,1,1,1,1,1,1,0,1037.0,1136,2530696.0
2020-03-21,IRN,Golestan,1,1,1,1,1,1,1,0,381.0,381,1868819.0
2020-03-21,IRN,Hamadan,1,1,1,1,1,1,1,0,163.0,173,1738234.0
2020-03-21,IRN,Hormozgan,1,1,1,1,1,1,1,0,139.0,146,1776415.0
2020-03-21,IRN,Ilam,1,1,1,1,1,1,1,0,164.0,167,580158.0
2020-03-21,IRN,Kerman,1,1,1,1,1,1,1,0,159.0,166,3164718.0
2020-03-21,IRN,Kermanshah,1,1,1,1,1,1,1,0,222.0,229,1952434.0
2020-03-21,IRN,Khuzestan,1,1,1,1,1,1,1,0,406.0,437,4710509.0
2020-03-21,IRN,Kohgiluyeh and Buyer Ahmad,1,1,1,1,1,1,1,0,73.0,73,713052.0
2020-03-21,IRN,Kordestan,1,1,1,1,1,1,1,0,222.0,222,1603011.0
2020-03-21,IRN,Lorestan,1,1,1,1,1,1,1,0,441.0,469,1760649.0
2020-03-21,IRN,Markazi,1,1,1,1,1,1,1,0,772.0,927,1429475.0
2020-03-21,IRN,Mazandaran,1,1,1,1,1,1,1,0,1645.0,1684,3283582.0
2020-03-21,IRN,North Khorasan,1,1,1,1,1,1,1,0,139.0,139,863092.0
2020-03-21,IRN,Qazvin,1,1,1,1,1,1,1,0,593.0,593,1273761.0
2020-03-21,IRN,Qom,1,1,1,1,1,1,1,1,1047.0,1153,1292283.0
2020-03-21,IRN,Razavi Khorasan,1,1,1,1,1,1,1,0,807.0,867,6434501.0
2020-03-21,IRN,Semnan,1,1,1,1,1,1,1,0,628.0,638,702360.0
2020-03-21,IRN,Sistan and Baluchestan,1,1,1,1,1,1,1,0,118.0,125,2775014.0
2020-03-21,IRN,South Khorasan,1,1,1,1,1,1,1,0,160.0,167,768898.0
2020-03-21,IRN,Tehran,1,1,1,1,1,1,1,0,4155.0,4753,13267637.0
2020-03-21,IRN,West Azarbaijan,1,1,1,1,1,1,1,0,363.0,363,3265219.0
2020-03-21,IRN,Yazd,1,1,1,1,1,1,1,0,639.0,639,1138533.0
2020-03-21,IRN,Zanjan,1,1,1,1,1,1,1,0,364.0,364,1057461.0
2020-03-22,IRN,Alborz,1,1,1,1,1,1,1,0,1131.0,1240,2712400.0
2020-03-22,IRN,Ardebil,1,1,1,1,1,1,1,0,286.0,286,1270420.0
2020-03-22,IRN,Bushehr,1,1,1,1,1,1,1,0,55.0,55,1163400.0
2020-03-22,IRN,Chahar Mahall and Bakhtiari,1,1,1,1,1,1,1,0,68.0,68,947763.0
2020-03-22,IRN,East Azarbaijan,1,1,1,1,1,1,1,0,779.0,779,3909652.0
2020-03-22,IRN,Esfahan,1,1,1,1,1,1,1,0,1904.0,1950,5120850.0
2020-03-22,IRN,Fars,1,1,1,1,1,1,1,0,489.0,517,4851274.0
2020-03-22,IRN,Gilan,1,1,1,1,1,1,1,0,1075.0,1174,2530696.0
2020-03-22,IRN,Golestan,1,1,1,1,1,1,1,0,391.0,391,1868819.0
2020-03-22,IRN,Hamadan,1,1,1,1,1,1,1,0,170.0,180,1738234.0
2020-03-22,IRN,Hormozgan,1,1,1,1,1,1,1,0,141.0,148,1776415.0
2020-03-22,IRN,Ilam,1,1,1,1,1,1,1,0,181.0,184,580158.0
2020-03-22,IRN,Kerman,1,1,1,1,1,1,1,0,167.0,174,3164718.0
2020-03-22,IRN,Kermanshah,1,1,1,1,1,1,1,0,241.0,248,1952434.0
2020-03-22,IRN,Khuzestan,1,1,1,1,1,1,1,0,428.0,459,4710509.0
2020-03-22,IRN,Kohgiluyeh and Buyer Ahmad,1,1,1,1,1,1,1,0,73.0,73,713052.0
2020-03-22,IRN,Kordestan,1,1,1,1,1,1,1,0,238.0,238,1603011.0
2020-03-22,IRN,Lorestan,1,1,1,1,1,1,1,0,474.0,502,1760649.0
2020-03-22,IRN,Markazi,1,1,1,1,1,1,1,0,808.0,963,1429475.0
2020-03-22,IRN,Mazandaran,1,1,1,1,1,1,1,0,1681.0,1720,3283582.0
2020-03-22,IRN,North Khorasan,1,1,1,1,1,1,1,0,165.0,165,863092.0
2020-03-22,IRN,Qazvin,1,1,1,1,1,1,1,0,622.0,622,1273761.0
2020-03-22,IRN,Qom,1,1,1,1,1,1,1,1,1064.0,1170,1292283.0
2020-03-22,IRN,Razavi Khorasan,1,1,1,1,1,1,1,0,849.0,909,6434501.0
2020-03-22,IRN,Semnan,1,1,1,1,1,1,1,0,628.0,638,702360.0
2020-03-22,IRN,Sistan and Baluchestan,1,1,1,1,1,1,1,0,133.0,140,2775014.0
2020-03-22,IRN,South Khorasan,1,1,1,1,1,1,1,0,175.0,182,768898.0
2020-03-22,IRN,Tehran,1,1,1,1,1,1,1,0,4404.0,5002,13267637.0
2020-03-22,IRN,West Azarbaijan,1,1,1,1,1,1,1,0,391.0,391,3265219.0
2020-03-22,IRN,Yazd,1,1,1,1,1,1,1,0,723.0,723,1138533.0
2020-03-22,IRN,Zanjan,1,1,1,1,1,1,1,0,392.0,392,1057461.0
