date,adm0_name,adm1_name,school_closure,travel_ban_local_opt,no_gathering,work_from_home,testing_regime,home_isolation,cum_confirmed_cases,cum_confirmed_cases_imputed
2020-02-19,IRN,Alburz,0,0,0,0,0,0,0,0
2020-02-19,IRN,Ardebil,0,0,0,0,0,0,0,0
2020-02-19,IRN,Bushehr,0,0,0,0,0,0,0,0
2020-02-19,IRN,Chaharmahal.and.Bakhtiari,0,0,0,0,0,0,0,0
2020-02-19,IRN,East.Azerbaijan,0,0,0,0,0,0,0,0
2020-02-19,IRN,Esfahan,0,0,0,0,0,0,0,0
2020-02-19,IRN,Fars,0,0,0,0,0,0,0,0
2020-02-19,IRN,Gilan,0,0,0,0,0,0,0,0
2020-02-19,IRN,Golestan,0,0,0,0,0,0,0,0
2020-02-19,IRN,Hamedan,0,0,0,0,0,0,0,0
2020-02-19,IRN,Hormozgan,0,0,0,0,0,0,0,0
2020-02-19,IRN,Ilam,0,0,0,0,0,0,0,0
2020-02-19,IRN,Kerman,0,0,0,0,0,0,0,0
2020-02-19,IRN,Kermanshah,0,0,0,0,0,0,0,0
2020-02-19,IRN,Khuzistan,0,0,0,0,0,0,0,0
2020-02-19,IRN,Kohgiluyeh.and.Boyer_Ahmad,0,0,0,0,0,0,0,0
2020-02-19,IRN,Kurdistan,0,0,0,0,0,0,0,0
2020-02-19,IRN,Lorestan,0,0,0,0,0,0,0,0
2020-02-19,IRN,Markazi,0,0,0,0,0,0,0,0
2020-02-19,IRN,Mazandaran,0,0,0,0,0,0,0,0
2020-02-19,IRN,North.Khorasan,0,0,0,0,0,0,0,0
2020-02-19,IRN,Qazvin,0,0,0,0,0,0,0,0
2020-02-19,IRN,Qom,0,0,0,0,0,0,2,2
2020-02-19,IRN,Razavi.Khorasan,0,0,0,0,0,0,0,0
2020-02-19,IRN,Semnan,0,0,0,0,0,0,0,0
2020-02-19,IRN,Sistan.and.Baluchestan,0,0,0,0,0,0,0,0
2020-02-19,IRN,South.Khorasan,0,0,0,0,0,0,0,0
2020-02-19,IRN,Tehran,0,0,0,0,0,0,0,0
2020-02-19,IRN,West.Azerbaijan,0,0,0,0,0,0,0,0
2020-02-19,IRN,Yazd,0,0,0,0,0,0,0,0
2020-02-19,IRN,Zanjan,0,0,0,0,0,0,0,0
2020-02-20,IRN,Alburz,0,0,0,0,0,0,0,0
2020-02-20,IRN,Ardebil,0,0,0,0,0,0,0,0
2020-02-20,IRN,Bushehr,0,0,0,0,0,0,0,0
2020-02-20,IRN,Chaharmahal.and.Bakhtiari,0,0,0,0,0,0,0,0
2020-02-20,IRN,East.Azerbaijan,0,0,0,0,0,0,0,0
2020-02-20,IRN,Esfahan,0,0,0,0,0,0,0,0
2020-02-20,IRN,Fars,0,0,0,0,0,0,0,0
2020-02-20,IRN,Gilan,0,0,0,0,0,0,0,0
2020-02-20,IRN,Golestan,0,0,0,0,0,0,0,0
2020-02-20,IRN,Hamedan,0,0,0,0,0,0,0,0
2020-02-20,IRN,Hormozgan,0,0,0,0,0,0,0,0
2020-02-20,IRN,Ilam,0,0,0,0,0,0,0,0
2020-02-20,IRN,Kerman,0,0,0,0,0,0,0,0
2020-02-20,IRN,Kermanshah,0,0,0,0,0,0,0,0
2020-02-20,IRN,Khuzistan,0,0,0,0,0,0,0,0
2020-02-20,IRN,Kohgiluyeh.and.Boyer_Ahmad,0,0,0,0,0,0,0,0
2020-02-20,IRN,Kurdistan,0,0,0,0,0,0,0,0
2020-02-20,IRN,Lorestan,0,0,0,0,0,0,0,0
2020-02-20,IRN,Markazi,0,0,0,0,0,0,1,1
2020-02-20,IRN,Mazandaran,0,0,0,0,0,0,0,0
2020-02-20,IRN,North.Khorasan,0,0,0,0,0,0,0,0
2020-02-20,IRN,Qazvin,0,0,0,0,0,0,0,0
2020-02-20,IRN,Qom,1,1,0,0,0,0,4,4
2020-02-20,IRN,Razavi.Khorasan,0,0,0,0,0,0,0,0
2020-02-20,IRN,Semnan,0,0,0,0,0,0,0,0
2020-02-20,IRN,Sistan.and.Baluchestan,0,0,0,0,0,0,0,0
2020-02-20,IRN,South.Khorasan,0,0,0,0,0,0,0,0
2020-02-20,IRN,Tehran,0,0,0,0,0,0,0,0
2020-02-20,IRN,West.Azerbaijan,0,0,0,0,0,0,0,0
2020-02-20,IRN,Yazd,0,0,0,0,0,0,0,0
2020-02-20,IRN,Zanjan,0,0,0,0,0,0,0,0
2020-02-21,IRN,Alburz,0,0,0,0,0,0,0,0
2020-02-21,IRN,Ardebil,0,0,0,0,0,0,0,0
2020-02-21,IRN,Bushehr,0,0,0,0,0,0,0,0
2020-02-21,IRN,Chaharmahal.and.Bakhtiari,0,0,0,0,0,0,0,0
2020-02-21,IRN,East.Azerbaijan,0,0,0,0,0,0,0,0
2020-02-21,IRN,Esfahan,0,0,0,0,0,0,0,0
2020-02-21,IRN,Fars,0,0,0,0,0,0,0,0
2020-02-21,IRN,Gilan,0,0,0,0,0,0,2,2
2020-02-21,IRN,Golestan,0,0,0,0,0,0,0,0
2020-02-21,IRN,Hamedan,0,0,0,0,0,0,0,0
2020-02-21,IRN,Hormozgan,0,0,0,0,0,0,0,0
2020-02-21,IRN,Ilam,0,0,0,0,0,0,0,0
2020-02-21,IRN,Kerman,0,0,0,0,0,0,0,0
2020-02-21,IRN,Kermanshah,0,0,0,0,0,0,0,0
2020-02-21,IRN,Khuzistan,0,0,0,0,0,0,0,0
2020-02-21,IRN,Kohgiluyeh.and.Boyer_Ahmad,0,0,0,0,0,0,0,0
2020-02-21,IRN,Kurdistan,0,0,0,0,0,0,0,0
2020-02-21,IRN,Lorestan,0,0,0,0,0,0,0,0
2020-02-21,IRN,Markazi,0,0,0,0,0,0,1,1
2020-02-21,IRN,Mazandaran,0,0,0,0,0,0,0,0
2020-02-21,IRN,North.Khorasan,0,0,0,0,0,0,0,0
2020-02-21,IRN,Qazvin,0,0,0,0,0,0,0,0
2020-02-21,IRN,Qom,1,1,0,0,0,0,11,11
2020-02-21,IRN,Razavi.Khorasan,0,0,0,0,0,0,0,0
2020-02-21,IRN,Semnan,0,0,0,0,0,0,0,0
2020-02-21,IRN,Sistan.and.Baluchestan,0,0,0,0,0,0,0,0
2020-02-21,IRN,South.Khorasan,0,0,0,0,0,0,0,0
2020-02-21,IRN,Tehran,0,0,0,0,0,0,4,4
2020-02-21,IRN,West.Azerbaijan,0,0,0,0,0,0,0,0
2020-02-21,IRN,Yazd,0,0,0,0,0,0,0,0
2020-02-21,IRN,Zanjan,0,0,0,0,0,0,0,0
2020-02-22,IRN,Alburz,0,0,1,0,0,0,0,0
2020-02-22,IRN,Ardebil,0,0,1,0,0,0,0,0
2020-02-22,IRN,Bushehr,0,0,1,0,0,0,0,0
2020-02-22,IRN,Chaharmahal.and.Bakhtiari,0,0,1,0,0,0,0,0
2020-02-22,IRN,East.Azerbaijan,0,0,1,0,0,0,0,0
2020-02-22,IRN,Esfahan,0,0,1,0,0,0,0,0
2020-02-22,IRN,Fars,0,0,1,0,0,0,0,0
2020-02-22,IRN,Gilan,0,0,1,0,0,0,2,2
2020-02-22,IRN,Golestan,0,0,1,0,0,0,0,0
2020-02-22,IRN,Hamedan,0,0,1,0,0,0,0,0
2020-02-22,IRN,Hormozgan,0,0,1,0,0,0,0,0
2020-02-22,IRN,Ilam,0,0,1,0,0,0,0,0
2020-02-22,IRN,Kerman,0,0,1,0,0,0,0,0
2020-02-22,IRN,Kermanshah,0,0,1,0,0,0,0,0
2020-02-22,IRN,Khuzistan,0,0,1,0,0,0,0,0
2020-02-22,IRN,Kohgiluyeh.and.Boyer_Ahmad,0,0,1,0,0,0,0,0
2020-02-22,IRN,Kurdistan,0,0,1,0,0,0,0,0
2020-02-22,IRN,Lorestan,0,0,1,0,0,0,0,0
2020-02-22,IRN,Markazi,0,0,1,0,0,0,1,1
2020-02-22,IRN,Mazandaran,0,0,1,0,0,0,0,0
2020-02-22,IRN,North.Khorasan,0,0,1,0,0,0,0,0
2020-02-22,IRN,Qazvin,0,0,1,0,0,0,0,0
2020-02-22,IRN,Qom,1,1,1,0,0,0,19,19
2020-02-22,IRN,Razavi.Khorasan,0,0,1,0,0,0,0,0
2020-02-22,IRN,Semnan,0,0,1,0,0,0,0,0
2020-02-22,IRN,Sistan.and.Baluchestan,0,0,1,0,0,0,0,0
2020-02-22,IRN,South.Khorasan,0,0,1,0,0,0,0,0
2020-02-22,IRN,Tehran,0,0,1,0,0,0,6,6
2020-02-22,IRN,West.Azerbaijan,0,0,1,0,0,0,0,0
2020-02-22,IRN,Yazd,0,0,1,0,0,0,0,0
2020-02-22,IRN,Zanjan,0,0,1,0,0,0,0,0
2020-02-23,IRN,Alburz,0,0,1,0,0,0,0,0
2020-02-23,IRN,Ardebil,0,0,1,0,0,0,0,0
2020-02-23,IRN,Bushehr,0,0,1,0,0,0,0,0
2020-02-23,IRN,Chaharmahal.and.Bakhtiari,0,0,1,0,0,0,0,0
2020-02-23,IRN,East.Azerbaijan,0,0,1,0,0,0,0,0
2020-02-23,IRN,Esfahan,0,0,1,0,0,0,0,0
2020-02-23,IRN,Fars,0,0,1,0,0,0,0,0
2020-02-23,IRN,Gilan,0,0,1,0,0,0,4,4
2020-02-23,IRN,Golestan,0,0,1,0,0,0,0,0
2020-02-23,IRN,Hamedan,0,0,1,0,0,0,0,0
2020-02-23,IRN,Hormozgan,0,0,1,0,0,0,0,0
2020-02-23,IRN,Ilam,0,0,1,0,0,0,0,0
2020-02-23,IRN,Kerman,0,0,1,0,0,0,0,0
2020-02-23,IRN,Kermanshah,0,0,1,0,0,0,0,0
2020-02-23,IRN,Khuzistan,0,0,1,0,0,0,0,0
2020-02-23,IRN,Kohgiluyeh.and.Boyer_Ahmad,0,0,1,0,0,0,0,0
2020-02-23,IRN,Kurdistan,0,0,1,0,0,0,0,0
2020-02-23,IRN,Lorestan,0,0,1,0,0,0,0,0
2020-02-23,IRN,Markazi,0,0,1,0,0,0,2,2
2020-02-23,IRN,Mazandaran,0,0,1,0,0,0,1,1
2020-02-23,IRN,North.Khorasan,0,0,1,0,0,0,0,0
2020-02-23,IRN,Qazvin,0,0,1,0,0,0,0,0
2020-02-23,IRN,Qom,1,1,1,0,0,0,26,26
2020-02-23,IRN,Razavi.Khorasan,0,0,1,0,0,0,0,0
2020-02-23,IRN,Semnan,0,0,1,0,0,0,0,0
2020-02-23,IRN,Sistan.and.Baluchestan,0,0,1,0,0,0,0,0
2020-02-23,IRN,South.Khorasan,0,0,1,0,0,0,0,0
2020-02-23,IRN,Tehran,0,0,1,0,0,0,10,10
2020-02-23,IRN,West.Azerbaijan,0,0,1,0,0,0,0,0
2020-02-23,IRN,Yazd,0,0,1,0,0,0,0,0
2020-02-23,IRN,Zanjan,0,0,1,0,0,0,0,0
2020-02-24,IRN,Alburz,0,0,1,0,0,0,0,0
2020-02-24,IRN,Ardebil,0,0,1,0,0,0,0,0
2020-02-24,IRN,Bushehr,0,0,1,0,0,0,0,0
2020-02-24,IRN,Chaharmahal.and.Bakhtiari,0,0,1,0,0,0,0,0
2020-02-24,IRN,East.Azerbaijan,0,0,1,0,0,0,0,0
2020-02-24,IRN,Esfahan,0,0,1,0,0,0,2,2
2020-02-24,IRN,Fars,0,0,1,0,0,0,0,0
2020-02-24,IRN,Gilan,0,0,1,0,0,0,6,6
2020-02-24,IRN,Golestan,0,0,1,0,0,0,0,0
2020-02-24,IRN,Hamedan,0,0,1,0,0,0,1,1
2020-02-24,IRN,Hormozgan,0,0,1,0,0,0,0,0
2020-02-24,IRN,Ilam,0,0,1,0,0,0,0,0
2020-02-24,IRN,Kerman,0,0,1,0,0,0,0,0
2020-02-24,IRN,Kermanshah,0,0,1,0,0,0,0,0
2020-02-24,IRN,Khuzistan,0,0,1,0,0,0,0,0
2020-02-24,IRN,Kohgiluyeh.and.Boyer_Ahmad,0,0,1,0,0,0,0,0
2020-02-24,IRN,Kurdistan,0,0,1,0,0,0,0,0
2020-02-24,IRN,Lorestan,0,0,1,0,0,0,0,0
2020-02-24,IRN,Markazi,0,0,1,0,0,0,4,4
2020-02-24,IRN,Mazandaran,0,0,1,0,0,0,1,1
2020-02-24,IRN,North.Khorasan,0,0,1,0,0,0,0,0
2020-02-24,IRN,Qazvin,0,0,1,0,0,0,0,0
2020-02-24,IRN,Qom,1,1,1,0,0,0,34,34
2020-02-24,IRN,Razavi.Khorasan,0,0,1,0,0,0,0,0
2020-02-24,IRN,Semnan,0,0,1,0,0,0,0,0
2020-02-24,IRN,Sistan.and.Baluchestan,0,0,1,0,0,0,0,0
2020-02-24,IRN,South.Khorasan,0,0,1,0,0,0,0,0
2020-02-24,IRN,Tehran,0,0,1,0,0,0,13,13
2020-02-24,IRN,West.Azerbaijan,0,0,1,0,0,0,0,0
2020-02-24,IRN,Yazd,0,0,1,0,0,0,0,0
2020-02-24,IRN,Zanjan,0,0,1,0,0,0,0,0
2020-02-25,IRN,Alburz,0,0,1,0,0,0,2,2
2020-02-25,IRN,Ardebil,0,0,1,0,0,0,0,0
2020-02-25,IRN,Bushehr,0,0,1,0,0,0,0,0
2020-02-25,IRN,Chaharmahal.and.Bakhtiari,0,0,1,0,0,0,0,0
2020-02-25,IRN,East.Azerbaijan,0,0,1,0,0,0,0,0
2020-02-25,IRN,Esfahan,0,0,1,0,0,0,2,2
2020-02-25,IRN,Fars,0,0,1,0,0,0,1,1
2020-02-25,IRN,Gilan,0,0,1,0,0,0,8,8
2020-02-25,IRN,Golestan,0,0,1,0,0,0,0,0
2020-02-25,IRN,Hamedan,0,0,1,0,0,0,1,1
2020-02-25,IRN,Hormozgan,0,0,1,0,0,0,1,1
2020-02-25,IRN,Ilam,0,0,1,0,0,0,0,0
2020-02-25,IRN,Kerman,0,0,1,0,0,0,0,0
2020-02-25,IRN,Kermanshah,0,0,1,0,0,0,0,0
2020-02-25,IRN,Khuzistan,0,0,1,0,0,0,0,0
2020-02-25,IRN,Kohgiluyeh.and.Boyer_Ahmad,0,0,1,0,0,0,0,0
2020-02-25,IRN,Kurdistan,0,0,1,0,0,0,0,0
2020-02-25,IRN,Lorestan,0,0,1,0,0,0,0,0
2020-02-25,IRN,Markazi,0,0,1,0,0,0,4,4
2020-02-25,IRN,Mazandaran,0,0,1,0,0,0,3,3
2020-02-25,IRN,North.Khorasan,0,0,1,0,0,0,0,0
2020-02-25,IRN,Qazvin,0,0,1,0,0,0,0,0
2020-02-25,IRN,Qom,1,1,1,0,0,0,50,50
2020-02-25,IRN,Razavi.Khorasan,0,0,1,0,0,0,1,1
2020-02-25,IRN,Semnan,0,0,1,0,0,0,0,0
2020-02-25,IRN,Sistan.and.Baluchestan,0,0,1,0,0,0,0,0
2020-02-25,IRN,South.Khorasan,0,0,1,0,0,0,0,0
2020-02-25,IRN,Tehran,0,0,1,0,0,0,21,21
2020-02-25,IRN,West.Azerbaijan,0,0,1,0,0,0,0,0
2020-02-25,IRN,Yazd,0,0,1,0,0,0,0,0
2020-02-25,IRN,Zanjan,0,0,1,0,0,0,0,0
2020-02-26,IRN,Alburz,0,0,1,0,0,0,2,2
2020-02-26,IRN,Ardebil,0,0,1,0,0,0,0,0
2020-02-26,IRN,Bushehr,0,0,1,0,0,0,0,0
2020-02-26,IRN,Chaharmahal.and.Bakhtiari,0,0,1,0,0,0,0,0
2020-02-26,IRN,East.Azerbaijan,0,0,1,0,0,0,0,0
2020-02-26,IRN,Esfahan,0,0,1,0,0,0,2,2
2020-02-26,IRN,Fars,0,0,1,0,0,0,3,3
2020-02-26,IRN,Gilan,0,0,1,0,0,0,9,9
2020-02-26,IRN,Golestan,0,0,1,0,0,0,0,0
2020-02-26,IRN,Hamedan,0,0,1,0,0,0,1,1
2020-02-26,IRN,Hormozgan,0,0,1,0,0,0,2,2
2020-02-26,IRN,Ilam,0,0,1,0,0,0,0,0
2020-02-26,IRN,Kerman,0,0,1,0,0,0,0,0
2020-02-26,IRN,Kermanshah,0,0,1,0,0,0,1,1
2020-02-26,IRN,Khuzistan,0,0,1,0,0,0,3,3
2020-02-26,IRN,Kohgiluyeh.and.Boyer_Ahmad,0,0,1,0,0,0,2,2
2020-02-26,IRN,Kurdistan,0,0,1,0,0,0,0,0
2020-02-26,IRN,Lorestan,0,0,1,0,0,0,1,1
2020-02-26,IRN,Markazi,0,0,1,0,0,0,5,5
2020-02-26,IRN,Mazandaran,0,0,1,0,0,0,4,4
2020-02-26,IRN,North.Khorasan,0,0,1,0,0,0,0,0
2020-02-26,IRN,Qazvin,0,0,1,0,0,0,0,0
2020-02-26,IRN,Qom,1,1,1,0,0,0,65,65
2020-02-26,IRN,Razavi.Khorasan,0,0,1,0,0,0,1,1
2020-02-26,IRN,Semnan,0,0,1,0,0,0,1,1
2020-02-26,IRN,Sistan.and.Baluchestan,0,0,1,0,0,0,2,2
2020-02-26,IRN,South.Khorasan,0,0,1,0,0,0,0,0
2020-02-26,IRN,Tehran,0,0,1,0,0,0,25,25
2020-02-26,IRN,West.Azerbaijan,0,0,1,0,0,0,0,0
2020-02-26,IRN,Yazd,0,0,1,0,0,0,0,0
2020-02-26,IRN,Zanjan,0,0,1,0,0,0,0,0
2020-02-27,IRN,Alburz,0,0,1,0,0,0,5,5
2020-02-27,IRN,Ardebil,0,0,1,0,0,0,5,5
2020-02-27,IRN,Bushehr,0,0,1,0,0,0,0,0
2020-02-27,IRN,Chaharmahal.and.Bakhtiari,0,0,1,0,0,0,0,0
2020-02-27,IRN,East.Azerbaijan,0,0,1,0,0,0,2,2
2020-02-27,IRN,Esfahan,0,0,1,0,0,0,10,10
2020-02-27,IRN,Fars,0,0,1,0,0,0,3,3
2020-02-27,IRN,Gilan,0,0,1,0,0,0,32,32
2020-02-27,IRN,Golestan,0,0,1,0,0,0,0,0
2020-02-27,IRN,Hamedan,0,0,1,0,0,0,2,2
2020-02-27,IRN,Hormozgan,0,0,1,0,0,0,2,2
2020-02-27,IRN,Ilam,0,0,1,0,0,0,0,0
2020-02-27,IRN,Kerman,0,0,1,0,0,0,0,0
2020-02-27,IRN,Kermanshah,0,0,1,0,0,0,3,3
2020-02-27,IRN,Khuzistan,0,0,1,0,0,0,3,3
2020-02-27,IRN,Kohgiluyeh.and.Boyer_Ahmad,0,0,1,0,0,0,2,2
2020-02-27,IRN,Kurdistan,0,0,1,0,0,0,1,1
2020-02-27,IRN,Lorestan,0,0,1,0,0,0,4,4
2020-02-27,IRN,Markazi,0,0,1,0,0,0,5,5
2020-02-27,IRN,Mazandaran,0,0,1,0,0,0,11,11
2020-02-27,IRN,North.Khorasan,0,0,1,0,0,0,0,0
2020-02-27,IRN,Qazvin,0,0,1,0,0,0,0,0
2020-02-27,IRN,Qom,1,1,1,0,0,0,72,72
2020-02-27,IRN,Razavi.Khorasan,0,0,1,0,0,0,2,2
2020-02-27,IRN,Semnan,0,0,1,0,0,0,4,4
2020-02-27,IRN,Sistan.and.Baluchestan,0,0,1,0,0,0,2,2
2020-02-27,IRN,South.Khorasan,0,0,1,0,0,0,0,0
2020-02-27,IRN,Tehran,0,0,1,0,0,0,63,63
2020-02-27,IRN,West.Azerbaijan,0,0,1,0,0,0,1,1
2020-02-27,IRN,Yazd,0,0,1,0,0,0,1,1
2020-02-27,IRN,Zanjan,0,0,1,0,0,0,0,0
2020-02-28,IRN,Alburz,0,0,1,0,0,0,8,8
2020-02-28,IRN,Ardebil,0,0,1,0,0,0,6,6
2020-02-28,IRN,Bushehr,0,0,1,0,0,0,0,0
2020-02-28,IRN,Chaharmahal.and.Bakhtiari,0,0,1,0,0,0,0,0
2020-02-28,IRN,East.Azerbaijan,0,0,1,0,0,0,6,6
2020-02-28,IRN,Esfahan,0,0,1,0,0,0,20,20
2020-02-28,IRN,Fars,0,0,1,0,0,0,3,3
2020-02-28,IRN,Gilan,0,0,1,0,0,0,57,57
2020-02-28,IRN,Golestan,0,0,1,0,0,0,2,2
2020-02-28,IRN,Hamedan,0,0,1,0,0,0,2,2
2020-02-28,IRN,Hormozgan,0,0,1,0,0,0,2,2
2020-02-28,IRN,Ilam,0,0,1,0,0,0,0,0
2020-02-28,IRN,Kerman,0,0,1,0,0,0,0,0
2020-02-28,IRN,Kermanshah,0,0,1,0,0,0,3,3
2020-02-28,IRN,Khuzistan,0,0,1,0,0,0,6,6
2020-02-28,IRN,Kohgiluyeh.and.Boyer_Ahmad,0,0,1,0,0,0,2,2
2020-02-28,IRN,Kurdistan,0,0,1,0,0,0,3,3
2020-02-28,IRN,Lorestan,0,0,1,0,0,0,4,4
2020-02-28,IRN,Markazi,0,0,1,0,0,0,5,5
2020-02-28,IRN,Mazandaran,0,0,1,0,0,0,20,20
2020-02-28,IRN,North.Khorasan,0,0,1,0,0,0,0,0
2020-02-28,IRN,Qazvin,0,0,1,0,0,0,2,2
2020-02-28,IRN,Qom,1,1,1,0,0,0,88,88
2020-02-28,IRN,Razavi.Khorasan,0,0,1,0,0,0,2,2
2020-02-28,IRN,Semnan,0,0,1,0,0,0,6,6
2020-02-28,IRN,Sistan.and.Baluchestan,0,0,1,0,0,0,2,2
2020-02-28,IRN,South.Khorasan,0,0,1,0,0,0,0,0
2020-02-28,IRN,Tehran,0,0,1,0,0,0,127,127
2020-02-28,IRN,West.Azerbaijan,0,0,1,0,0,0,1,1
2020-02-28,IRN,Yazd,0,0,1,0,0,0,1,1
2020-02-28,IRN,Zanjan,0,0,1,0,0,0,0,0
2020-02-29,IRN,Alburz,0,0,1,0,0,0,16,16
2020-02-29,IRN,Ardebil,0,0,1,0,0,0,9,9
2020-02-29,IRN,Bushehr,0,0,1,0,0,0,0,0
2020-02-29,IRN,Chaharmahal.and.Bakhtiari,0,0,1,0,0,0,0,0
2020-02-29,IRN,East.Azerbaijan,0,0,1,0,0,0,12,12
2020-02-29,IRN,Esfahan,0,0,1,0,0,0,32,32
2020-02-29,IRN,Fars,0,0,1,0,0,0,11,11
2020-02-29,IRN,Gilan,0,0,1,0,0,0,74,74
2020-02-29,IRN,Golestan,0,0,1,0,0,0,24,24
2020-02-29,IRN,Hamedan,0,0,1,0,0,0,2,2
2020-02-29,IRN,Hormozgan,0,0,1,0,0,0,2,2
2020-02-29,IRN,Ilam,0,0,1,0,0,0,1,1
2020-02-29,IRN,Kerman,0,0,1,0,0,0,0,0
2020-02-29,IRN,Kermanshah,0,0,1,0,0,0,3,3
2020-02-29,IRN,Khuzistan,0,0,1,0,0,0,10,10
2020-02-29,IRN,Kohgiluyeh.and.Boyer_Ahmad,0,0,1,0,0,0,2,2
2020-02-29,IRN,Kurdistan,0,0,1,0,0,0,8,8
2020-02-29,IRN,Lorestan,0,0,1,0,0,0,4,4
2020-02-29,IRN,Markazi,0,0,1,0,0,0,23,23
2020-02-29,IRN,Mazandaran,0,0,1,0,0,0,32,32
2020-02-29,IRN,North.Khorasan,0,0,1,0,0,0,0,0
2020-02-29,IRN,Qazvin,0,0,1,0,0,0,8,8
2020-02-29,IRN,Qom,1,1,1,0,0,0,109,109
2020-02-29,IRN,Razavi.Khorasan,0,0,1,0,0,0,2,2
2020-02-29,IRN,Semnan,0,0,1,0,0,0,10,10
2020-02-29,IRN,Sistan.and.Baluchestan,0,0,1,0,0,0,3,3
2020-02-29,IRN,South.Khorasan,0,0,1,0,0,0,1,1
2020-02-29,IRN,Tehran,0,0,1,0,0,0,179,179
2020-02-29,IRN,West.Azerbaijan,0,0,1,0,0,0,1,1
2020-02-29,IRN,Yazd,0,0,1,0,0,0,5,5
2020-02-29,IRN,Zanjan,0,0,1,0,0,0,0,0
2020-03-01,IRN,Alburz,0,1,1,0,0,0,47,47
2020-03-01,IRN,Ardebil,0,1,1,0,0,0,9,9
2020-03-01,IRN,Bushehr,0,1,1,0,0,0,0,0
2020-03-01,IRN,Chaharmahal.and.Bakhtiari,0,1,1,0,0,0,0,0
2020-03-01,IRN,East.Azerbaijan,0,1,1,0,0,0,12,12
2020-03-01,IRN,Esfahan,0,1,1,0,0,0,45,45
2020-03-01,IRN,Fars,0,1,1,0,0,0,19,19
2020-03-01,IRN,Gilan,0,1,1,0,0,0,102,102
2020-03-01,IRN,Golestan,0,1,1,0,0,0,24,24
2020-03-01,IRN,Hamedan,0,1,1,0,0,0,5,5
2020-03-01,IRN,Hormozgan,0,1,1,0,0,0,4,4
2020-03-01,IRN,Ilam,0,1,1,0,0,0,2,2
2020-03-01,IRN,Kerman,0,1,1,0,0,0,2,2
2020-03-01,IRN,Kermanshah,0,1,1,0,0,0,5,5
2020-03-01,IRN,Khuzistan,0,1,1,0,0,0,19,19
2020-03-01,IRN,Kohgiluyeh.and.Boyer_Ahmad,0,1,1,0,0,0,2,2
2020-03-01,IRN,Kurdistan,0,1,1,0,0,0,8,8
2020-03-01,IRN,Lorestan,0,1,1,0,0,0,12,12
2020-03-01,IRN,Markazi,0,1,1,0,0,0,67,67
2020-03-01,IRN,Mazandaran,0,1,1,0,0,0,43,43
2020-03-01,IRN,North.Khorasan,0,1,1,0,0,0,0,0
2020-03-01,IRN,Qazvin,0,1,1,0,0,0,8,8
2020-03-01,IRN,Qom,1,1,1,0,0,0,139,139
2020-03-01,IRN,Razavi.Khorasan,0,1,1,0,0,0,19,19
2020-03-01,IRN,Semnan,0,1,1,0,0,0,13,13
2020-03-01,IRN,Sistan.and.Baluchestan,0,1,1,0,0,0,5,5
2020-03-01,IRN,South.Khorasan,0,1,1,0,0,0,3,3
2020-03-01,IRN,Tehran,0,1,1,0,0,0,349,349
2020-03-01,IRN,West.Azerbaijan,0,1,1,0,0,0,1,1
2020-03-01,IRN,Yazd,0,1,1,0,0,0,5,5
2020-03-01,IRN,Zanjan,0,1,1,0,0,0,0,0
2020-03-02,IRN,Alburz,0,1,1,0,0,0,47,89
2020-03-02,IRN,Ardebil,0,1,1,0,0,0,9,9
2020-03-02,IRN,Bushehr,0,1,1,0,0,0,0,0
2020-03-02,IRN,Chaharmahal.and.Bakhtiari,0,1,1,0,0,0,0,0
2020-03-02,IRN,East.Azerbaijan,0,1,1,0,0,0,12,12
2020-03-02,IRN,Esfahan,0,1,1,0,0,0,45,63
2020-03-02,IRN,Fars,0,1,1,0,0,0,19,30
2020-03-02,IRN,Gilan,0,1,1,0,0,0,102,140
2020-03-02,IRN,Golestan,0,1,1,0,0,0,24,24
2020-03-02,IRN,Hamedan,0,1,1,0,0,0,5,9
2020-03-02,IRN,Hormozgan,0,1,1,0,0,0,4,7
2020-03-02,IRN,Ilam,0,1,1,0,0,0,2,3
2020-03-02,IRN,Kerman,0,1,1,0,0,0,2,5
2020-03-02,IRN,Kermanshah,0,1,1,0,0,0,5,8
2020-03-02,IRN,Khuzistan,0,1,1,0,0,0,19,31
2020-03-02,IRN,Kohgiluyeh.and.Boyer_Ahmad,0,1,1,0,0,0,2,2
2020-03-02,IRN,Kurdistan,0,1,1,0,0,0,8,8
2020-03-02,IRN,Lorestan,0,1,1,0,0,0,12,23
2020-03-02,IRN,Markazi,0,1,1,0,0,0,67,127
2020-03-02,IRN,Mazandaran,0,1,1,0,0,0,43,58
2020-03-02,IRN,North.Khorasan,0,1,1,0,0,0,0,0
2020-03-02,IRN,Qazvin,0,1,1,0,0,0,8,8
2020-03-02,IRN,Qom,1,1,1,0,0,0,139,180
2020-03-02,IRN,Razavi.Khorasan,0,1,1,0,0,0,19,42
2020-03-02,IRN,Semnan,0,1,1,0,0,0,13,17
2020-03-02,IRN,Sistan.and.Baluchestan,0,1,1,0,0,0,5,8
2020-03-02,IRN,South.Khorasan,0,1,1,0,0,0,3,6
2020-03-02,IRN,Tehran,0,1,1,0,0,0,349,579
2020-03-02,IRN,West.Azerbaijan,0,1,1,0,0,0,1,1
2020-03-02,IRN,Yazd,0,1,1,0,0,0,5,5
2020-03-02,IRN,Zanjan,0,1,1,0,0,0,0,0
2020-03-03,IRN,Alburz,0,1,1,1,0,0,47,156
2020-03-03,IRN,Ardebil,0,1,1,1,0,0,9,9
2020-03-03,IRN,Bushehr,0,1,1,1,0,0,0,0
2020-03-03,IRN,Chaharmahal.and.Bakhtiari,0,1,1,1,0,0,0,0
2020-03-03,IRN,East.Azerbaijan,0,1,1,1,0,0,12,12
2020-03-03,IRN,Esfahan,0,1,1,1,0,0,45,91
2020-03-03,IRN,Fars,0,1,1,1,0,0,19,47
2020-03-03,IRN,Gilan,0,1,1,1,0,0,102,201
2020-03-03,IRN,Golestan,0,1,1,1,0,0,24,24
2020-03-03,IRN,Hamedan,0,1,1,1,0,0,5,15
2020-03-03,IRN,Hormozgan,0,1,1,1,0,0,4,11
2020-03-03,IRN,Ilam,0,1,1,1,0,0,2,5
2020-03-03,IRN,Kerman,0,1,1,1,0,0,2,9
2020-03-03,IRN,Kermanshah,0,1,1,1,0,0,5,12
2020-03-03,IRN,Khuzistan,0,1,1,1,0,0,19,50
2020-03-03,IRN,Kohgiluyeh.and.Boyer_Ahmad,0,1,1,1,0,0,2,2
2020-03-03,IRN,Kurdistan,0,1,1,1,0,0,8,8
2020-03-03,IRN,Lorestan,0,1,1,1,0,0,12,40
2020-03-03,IRN,Markazi,0,1,1,1,0,0,67,222
2020-03-03,IRN,Mazandaran,0,1,1,1,0,0,43,82
2020-03-03,IRN,North.Khorasan,0,1,1,1,0,0,0,0
2020-03-03,IRN,Qazvin,0,1,1,1,0,0,8,8
2020-03-03,IRN,Qom,1,1,1,1,0,0,139,245
2020-03-03,IRN,Razavi.Khorasan,0,1,1,1,0,0,19,79
2020-03-03,IRN,Semnan,0,1,1,1,0,0,13,23
2020-03-03,IRN,Sistan.and.Baluchestan,0,1,1,1,0,0,5,12
2020-03-03,IRN,South.Khorasan,0,1,1,1,0,0,3,10
2020-03-03,IRN,Tehran,0,1,1,1,0,0,349,947
2020-03-03,IRN,West.Azerbaijan,0,1,1,1,0,0,1,1
2020-03-03,IRN,Yazd,0,1,1,1,0,0,5,5
2020-03-03,IRN,Zanjan,0,1,1,1,0,0,0,0
2020-03-04,IRN,Alburz,0,1,1,1,0,0,66,175
2020-03-04,IRN,Ardebil,0,1,1,1,0,0,9,9
2020-03-04,IRN,Bushehr,0,1,1,1,0,0,0,0
2020-03-04,IRN,Chaharmahal.and.Bakhtiari,0,1,1,1,0,0,1,1
2020-03-04,IRN,East.Azerbaijan,0,1,1,1,0,0,21,21
2020-03-04,IRN,Esfahan,0,1,1,1,0,0,45,91
2020-03-04,IRN,Fars,0,1,1,1,0,0,33,61
2020-03-04,IRN,Gilan,0,1,1,1,0,0,137,236
2020-03-04,IRN,Golestan,0,1,1,1,0,0,33,33
2020-03-04,IRN,Hamedan,0,1,1,1,0,0,5,15
2020-03-04,IRN,Hormozgan,0,1,1,1,0,0,4,11
2020-03-04,IRN,Ilam,0,1,1,1,0,0,9,12
2020-03-04,IRN,Kerman,0,1,1,1,0,0,16,23
2020-03-04,IRN,Kermanshah,0,1,1,1,0,0,20,27
2020-03-04,IRN,Khuzistan,0,1,1,1,0,0,46,77
2020-03-04,IRN,Kohgiluyeh.and.Boyer_Ahmad,0,1,1,1,0,0,2,2
2020-03-04,IRN,Kurdistan,0,1,1,1,0,0,12,12
2020-03-04,IRN,Lorestan,0,1,1,1,0,0,17,45
2020-03-04,IRN,Markazi,0,1,1,1,0,0,75,230
2020-03-04,IRN,Mazandaran,0,1,1,1,0,0,52,91
2020-03-04,IRN,North.Khorasan,0,1,1,1,0,0,1,1
2020-03-04,IRN,Qazvin,0,1,1,1,0,0,33,33
2020-03-04,IRN,Qom,1,1,1,1,0,0,240,346
2020-03-04,IRN,Razavi.Khorasan,0,1,1,1,0,0,27,87
2020-03-04,IRN,Semnan,0,1,1,1,0,0,21,31
2020-03-04,IRN,Sistan.and.Baluchestan,0,1,1,1,0,0,13,20
2020-03-04,IRN,South.Khorasan,0,1,1,1,0,0,3,10
2020-03-04,IRN,Tehran,0,1,1,1,0,0,602,1200
2020-03-04,IRN,West.Azerbaijan,0,1,1,1,0,0,1,1
2020-03-04,IRN,Yazd,0,1,1,1,0,0,5,5
2020-03-04,IRN,Zanjan,0,1,1,1,0,0,6,6
2020-03-05,IRN,Alburz,1,1,1,1,0,0,127,236
2020-03-05,IRN,Ardebil,1,1,1,1,0,0,26,26
2020-03-05,IRN,Bushehr,1,1,1,1,0,0,3,3
2020-03-05,IRN,Chaharmahal.and.Bakhtiari,1,1,1,1,0,0,9,9
2020-03-05,IRN,East.Azerbaijan,1,1,1,1,0,0,31,31
2020-03-05,IRN,Esfahan,1,1,1,1,0,0,163,209
2020-03-05,IRN,Fars,1,1,1,1,0,0,52,80
2020-03-05,IRN,Gilan,1,1,1,1,0,0,217,316
2020-03-05,IRN,Golestan,1,1,1,1,0,0,37,37
2020-03-05,IRN,Hamedan,1,1,1,1,0,0,11,21
2020-03-05,IRN,Hormozgan,1,1,1,1,0,0,6,13
2020-03-05,IRN,Ilam,1,1,1,1,0,0,9,12
2020-03-05,IRN,Kerman,1,1,1,1,0,0,16,23
2020-03-05,IRN,Kermanshah,1,1,1,1,0,0,20,27
2020-03-05,IRN,Khuzistan,1,1,1,1,0,0,47,78
2020-03-05,IRN,Kohgiluyeh.and.Boyer_Ahmad,1,1,1,1,0,0,2,2
2020-03-05,IRN,Kurdistan,1,1,1,1,0,0,18,18
2020-03-05,IRN,Lorestan,1,1,1,1,0,0,28,56
2020-03-05,IRN,Markazi,1,1,1,1,0,0,106,261
2020-03-05,IRN,Mazandaran,1,1,1,1,0,0,102,141
2020-03-05,IRN,North.Khorasan,1,1,1,1,0,0,3,3
2020-03-05,IRN,Qazvin,1,1,1,1,0,0,64,64
2020-03-05,IRN,Qom,1,1,1,1,0,0,272,378
2020-03-05,IRN,Razavi.Khorasan,1,1,1,1,0,0,80,140
2020-03-05,IRN,Semnan,1,1,1,1,0,0,43,53
2020-03-05,IRN,Sistan.and.Baluchestan,1,1,1,1,0,0,18,25
2020-03-05,IRN,South.Khorasan,1,1,1,1,0,0,12,19
2020-03-05,IRN,Tehran,1,1,1,1,0,0,658,1256
2020-03-05,IRN,West.Azerbaijan,1,1,1,1,0,0,6,6
2020-03-05,IRN,Yazd,1,1,1,1,0,0,5,5
2020-03-05,IRN,Zanjan,1,1,1,1,0,0,13,13
2020-03-06,IRN,Alburz,1,1,1,1,0,0,256,365
2020-03-06,IRN,Ardebil,1,1,1,1,0,0,37,37
2020-03-06,IRN,Bushehr,1,1,1,1,0,0,5,5
2020-03-06,IRN,Chaharmahal.and.Bakhtiari,1,1,1,1,0,0,14,14
2020-03-06,IRN,East.Azerbaijan,1,1,1,1,0,0,41,41
2020-03-06,IRN,Esfahan,1,1,1,1,0,0,313,359
2020-03-06,IRN,Fars,1,1,1,1,0,0,65,93
2020-03-06,IRN,Gilan,1,1,1,1,0,0,308,407
2020-03-06,IRN,Golestan,1,1,1,1,0,0,104,104
2020-03-06,IRN,Hamedan,1,1,1,1,0,0,18,28
2020-03-06,IRN,Hormozgan,1,1,1,1,0,0,12,19
2020-03-06,IRN,Ilam,1,1,1,1,0,0,11,14
2020-03-06,IRN,Kerman,1,1,1,1,0,0,23,30
2020-03-06,IRN,Kermanshah,1,1,1,1,0,0,25,32
2020-03-06,IRN,Khuzistan,1,1,1,1,0,0,47,78
2020-03-06,IRN,Kohgiluyeh.and.Boyer_Ahmad,1,1,1,1,0,0,6,6
2020-03-06,IRN,Kurdistan,1,1,1,1,0,0,42,42
2020-03-06,IRN,Lorestan,1,1,1,1,0,0,78,106
2020-03-06,IRN,Markazi,1,1,1,1,0,0,154,309
2020-03-06,IRN,Mazandaran,1,1,1,1,0,0,282,321
2020-03-06,IRN,North.Khorasan,1,1,1,1,0,0,15,15
2020-03-06,IRN,Qazvin,1,1,1,1,0,0,129,129
2020-03-06,IRN,Qom,1,1,1,1,1,0,409,515
2020-03-06,IRN,Razavi.Khorasan,1,1,1,1,0,0,80,140
2020-03-06,IRN,Semnan,1,1,1,1,0,0,97,107
2020-03-06,IRN,Sistan.and.Baluchestan,1,1,1,1,0,0,20,27
2020-03-06,IRN,South.Khorasan,1,1,1,1,0,0,15,22
2020-03-06,IRN,Tehran,1,1,1,1,0,0,719,1317
2020-03-06,IRN,West.Azerbaijan,1,1,1,1,0,0,7,7
2020-03-06,IRN,Yazd,1,1,1,1,0,0,55,55
2020-03-06,IRN,Zanjan,1,1,1,1,0,0,48,48
2020-03-07,IRN,Alburz,1,1,1,1,0,0,259,368
2020-03-07,IRN,Ardebil,1,1,1,1,0,0,38,38
2020-03-07,IRN,Bushehr,1,1,1,1,0,0,8,8
2020-03-07,IRN,Chaharmahal.and.Bakhtiari,1,1,1,1,0,0,16,16
2020-03-07,IRN,East.Azerbaijan,1,1,1,1,0,0,43,43
2020-03-07,IRN,Esfahan,1,1,1,1,0,0,409,455
2020-03-07,IRN,Fars,1,1,1,1,0,0,79,107
2020-03-07,IRN,Gilan,1,1,1,1,0,0,378,477
2020-03-07,IRN,Golestan,1,1,1,1,0,0,162,162
2020-03-07,IRN,Hamedan,1,1,1,1,0,0,29,39
2020-03-07,IRN,Hormozgan,1,1,1,1,0,0,23,30
2020-03-07,IRN,Ilam,1,1,1,1,0,0,13,16
2020-03-07,IRN,Kerman,1,1,1,1,0,0,38,33
2020-03-07,IRN,Kermanshah,1,1,1,1,0,0,29,36
2020-03-07,IRN,Khuzistan,1,1,1,1,0,0,48,79
2020-03-07,IRN,Kohgiluyeh.and.Boyer_Ahmad,1,1,1,1,0,0,6,6
2020-03-07,IRN,Kurdistan,1,1,1,1,0,0,44,44
2020-03-07,IRN,Lorestan,1,1,1,1,0,0,105,133
2020-03-07,IRN,Markazi,1,1,1,1,0,0,191,346
2020-03-07,IRN,Mazandaran,1,1,1,1,0,0,587,626
2020-03-07,IRN,North.Khorasan,1,1,1,1,0,0,23,23
2020-03-07,IRN,Qazvin,1,1,1,1,0,0,131,131
2020-03-07,IRN,Qom,1,1,1,1,1,0,554,660
2020-03-07,IRN,Razavi.Khorasan,1,1,1,1,0,0,126,186
2020-03-07,IRN,Semnan,1,1,1,1,0,0,121,131
2020-03-07,IRN,Sistan.and.Baluchestan,1,1,1,1,0,0,33,40
2020-03-07,IRN,South.Khorasan,1,1,1,1,0,0,15,22
2020-03-07,IRN,Tehran,1,1,1,1,0,0,845,1443
2020-03-07,IRN,West.Azerbaijan,1,1,1,1,0,0,29,29
2020-03-07,IRN,Yazd,1,1,1,1,0,0,79,79
2020-03-07,IRN,Zanjan,1,1,1,1,0,0,50,50
2020-03-08,IRN,Alburz,1,1,1,1,0,0,261,370
2020-03-08,IRN,Ardebil,1,1,1,1,0,0,47,47
2020-03-08,IRN,Bushehr,1,1,1,1,0,0,10,10
2020-03-08,IRN,Chaharmahal.and.Bakhtiari,1,1,1,1,0,0,21,21
2020-03-08,IRN,East.Azerbaijan,1,1,1,1,0,0,73,73
2020-03-08,IRN,Esfahan,1,1,1,1,0,0,489,535
2020-03-08,IRN,Fars,1,1,1,1,0,0,88,116
2020-03-08,IRN,Gilan,1,1,1,1,0,0,380,479
2020-03-08,IRN,Golestan,1,1,1,1,0,0,175,175
2020-03-08,IRN,Hamedan,1,1,1,1,0,0,55,65
2020-03-08,IRN,Hormozgan,1,1,1,1,0,0,28,35
2020-03-08,IRN,Ilam,1,1,1,1,0,0,13,16
2020-03-08,IRN,Kerman,1,1,1,1,0,0,39,37
2020-03-08,IRN,Kermanshah,1,1,1,1,0,0,31,38
2020-03-08,IRN,Khuzistan,1,1,1,1,0,0,53,84
2020-03-08,IRN,Kohgiluyeh.and.Boyer_Ahmad,1,1,1,1,0,0,9,9
2020-03-08,IRN,Kurdistan,1,1,1,1,0,0,63,63
2020-03-08,IRN,Lorestan,1,1,1,1,0,0,142,170
2020-03-08,IRN,Markazi,1,1,1,1,0,0,261,416
2020-03-08,IRN,Mazandaran,1,1,1,1,0,0,601,640
2020-03-08,IRN,North.Khorasan,1,1,1,1,0,0,24,24
2020-03-08,IRN,Qazvin,1,1,1,1,0,0,160,160
2020-03-08,IRN,Qom,1,1,1,1,1,0,571,677
2020-03-08,IRN,Razavi.Khorasan,1,1,1,1,0,0,145,205
2020-03-08,IRN,Semnan,1,1,1,1,0,0,158,168
2020-03-08,IRN,Sistan.and.Baluchestan,1,1,1,1,0,0,33,40
2020-03-08,IRN,South.Khorasan,1,1,1,1,0,0,41,30
2020-03-08,IRN,Tehran,1,1,1,1,0,0,1111,1709
2020-03-08,IRN,West.Azerbaijan,1,1,1,1,0,0,36,36
2020-03-08,IRN,Yazd,1,1,1,1,0,0,85,85
2020-03-08,IRN,Zanjan,1,1,1,1,0,0,51,51
2020-03-09,IRN,Alburz,1,1,1,1,0,0,261,370
2020-03-09,IRN,Ardebil,1,1,1,1,0,0,69,69
2020-03-09,IRN,Bushehr,1,1,1,1,0,0,11,11
2020-03-09,IRN,Chaharmahal.and.Bakhtiari,1,1,1,1,0,0,26,26
2020-03-09,IRN,East.Azerbaijan,1,1,1,1,0,0,95,95
2020-03-09,IRN,Esfahan,1,1,1,1,0,0,526,572
2020-03-09,IRN,Fars,1,1,1,1,0,0,117,145
2020-03-09,IRN,Gilan,1,1,1,1,0,0,408,507
2020-03-09,IRN,Golestan,1,1,1,1,0,0,175,175
2020-03-09,IRN,Hamedan,1,1,1,1,0,0,55,65
2020-03-09,IRN,Hormozgan,1,1,1,1,0,0,45,52
2020-03-09,IRN,Ilam,1,1,1,1,0,0,29,32
2020-03-09,IRN,Kerman,1,1,1,1,0,0,34,41
2020-03-09,IRN,Kermanshah,1,1,1,1,0,0,42,49
2020-03-09,IRN,Khuzistan,1,1,1,1,0,0,57,88
2020-03-09,IRN,Kohgiluyeh.and.Boyer_Ahmad,1,1,1,1,0,0,9,9
2020-03-09,IRN,Kurdistan,1,1,1,1,0,0,66,66
2020-03-09,IRN,Lorestan,1,1,1,1,0,0,149,177
2020-03-09,IRN,Markazi,1,1,1,1,0,0,315,470
2020-03-09,IRN,Mazandaran,1,1,1,1,0,0,614,653
2020-03-09,IRN,North.Khorasan,1,1,1,1,0,0,34,34
2020-03-09,IRN,Qazvin,1,1,1,1,0,0,200,200
2020-03-09,IRN,Qom,1,1,1,1,1,0,598,704
2020-03-09,IRN,Razavi.Khorasan,1,1,1,1,0,0,174,234
2020-03-09,IRN,Semnan,1,1,1,1,0,0,203,213
2020-03-09,IRN,Sistan.and.Baluchestan,1,1,1,1,0,0,33,40
2020-03-09,IRN,South.Khorasan,1,1,1,1,0,0,34,41
2020-03-09,IRN,Tehran,1,1,1,1,0,0,1251,1849
2020-03-09,IRN,West.Azerbaijan,1,1,1,1,0,0,65,65
2020-03-09,IRN,Yazd,1,1,1,1,0,0,88,88
2020-03-09,IRN,Zanjan,1,1,1,1,0,0,66,66
2020-03-10,IRN,Alburz,1,1,1,1,0,0,293,402
2020-03-10,IRN,Ardebil,1,1,1,1,0,0,88,88
2020-03-10,IRN,Bushehr,1,1,1,1,0,0,18,18
2020-03-10,IRN,Chaharmahal.and.Bakhtiari,1,1,1,1,0,0,37,37
2020-03-10,IRN,East.Azerbaijan,1,1,1,1,0,0,112,112
2020-03-10,IRN,Esfahan,1,1,1,1,0,0,543,589
2020-03-10,IRN,Fars,1,1,1,1,0,0,135,163
2020-03-10,IRN,Gilan,1,1,1,1,0,0,408,507
2020-03-10,IRN,Golestan,1,1,1,1,0,0,179,179
2020-03-10,IRN,Hamedan,1,1,1,1,0,0,72,82
2020-03-10,IRN,Hormozgan,1,1,1,1,0,0,62,69
2020-03-10,IRN,Ilam,1,1,1,1,0,0,54,57
2020-03-10,IRN,Kerman,1,1,1,1,0,0,38,45
2020-03-10,IRN,Kermanshah,1,1,1,1,0,0,49,56
2020-03-10,IRN,Khuzistan,1,1,1,1,0,0,94,125
2020-03-10,IRN,Kohgiluyeh.and.Boyer_Ahmad,1,1,1,1,0,0,11,11
2020-03-10,IRN,Kurdistan,1,1,1,1,0,0,78,78
2020-03-10,IRN,Lorestan,1,1,1,1,0,0,174,202
2020-03-10,IRN,Markazi,1,1,1,1,0,0,342,497
2020-03-10,IRN,Mazandaran,1,1,1,1,0,0,867,906
2020-03-10,IRN,North.Khorasan,1,1,1,1,0,0,34,34
2020-03-10,IRN,Qazvin,1,1,1,1,0,0,210,210
2020-03-10,IRN,Qom,1,1,1,1,1,0,637,743
2020-03-10,IRN,Razavi.Khorasan,1,1,1,1,0,0,213,273
2020-03-10,IRN,Semnan,1,1,1,1,0,0,204,214
2020-03-10,IRN,Sistan.and.Baluchestan,1,1,1,1,0,0,39,46
2020-03-10,IRN,South.Khorasan,1,1,1,1,0,0,48,55
2020-03-10,IRN,Tehran,1,1,1,1,0,0,1420,2018
2020-03-10,IRN,West.Azerbaijan,1,1,1,1,0,0,69,69
2020-03-10,IRN,Yazd,1,1,1,1,0,0,125,125
2020-03-10,IRN,Zanjan,1,1,1,1,0,0,77,77
2020-03-11,IRN,Alburz,1,1,1,1,0,0,338,447
2020-03-11,IRN,Ardebil,1,1,1,1,0,0,89,89
2020-03-11,IRN,Bushehr,1,1,1,1,0,0,18,18
2020-03-11,IRN,Chaharmahal.and.Bakhtiari,1,1,1,1,0,0,38,38
2020-03-11,IRN,East.Azerbaijan,1,1,1,1,0,0,141,141
2020-03-11,IRN,Esfahan,1,1,1,1,0,0,713,759
2020-03-11,IRN,Fars,1,1,1,1,0,0,154,182
2020-03-11,IRN,Gilan,1,1,1,1,0,0,413,512
2020-03-11,IRN,Golestan,1,1,1,1,0,0,188,188
2020-03-11,IRN,Hamedan,1,1,1,1,0,0,79,89
2020-03-11,IRN,Hormozgan,1,1,1,1,0,0,72,79
2020-03-11,IRN,Ilam,1,1,1,1,0,0,60,63
2020-03-11,IRN,Kerman,1,1,1,1,0,0,56,63
2020-03-11,IRN,Kermanshah,1,1,1,1,0,0,57,64
2020-03-11,IRN,Khuzistan,1,1,1,1,0,0,111,142
2020-03-11,IRN,Kohgiluyeh.and.Boyer_Ahmad,1,1,1,1,0,0,11,11
2020-03-11,IRN,Kurdistan,1,1,1,1,0,0,84,84
2020-03-11,IRN,Lorestan,1,1,1,1,0,0,183,211
2020-03-11,IRN,Markazi,1,1,1,1,0,0,373,528
2020-03-11,IRN,Mazandaran,1,1,1,1,0,0,899,938
2020-03-11,IRN,North.Khorasan,1,1,1,1,0,0,45,45
2020-03-11,IRN,Qazvin,1,1,1,1,0,0,237,237
2020-03-11,IRN,Qom,1,1,1,1,1,0,690,796
2020-03-11,IRN,Razavi.Khorasan,1,1,1,1,0,0,247,307
2020-03-11,IRN,Semnan,1,1,1,1,0,0,267,277
2020-03-11,IRN,Sistan.and.Baluchestan,1,1,1,1,0,0,43,50
2020-03-11,IRN,South.Khorasan,1,1,1,1,0,0,63,70
2020-03-11,IRN,Tehran,1,1,1,1,0,0,1676,2274
2020-03-11,IRN,West.Azerbaijan,1,1,1,1,0,0,96,96
2020-03-11,IRN,Yazd,1,1,1,1,0,0,148,148
2020-03-11,IRN,Zanjan,1,1,1,1,0,0,99,99
2020-03-12,IRN,Alburz,1,1,1,1,0,0,412,521
2020-03-12,IRN,Ardebil,1,1,1,1,0,0,103,103
2020-03-12,IRN,Bushehr,1,1,1,1,0,0,21,21
2020-03-12,IRN,Chaharmahal.and.Bakhtiari,1,1,1,1,0,0,49,49
2020-03-12,IRN,East.Azerbaijan,1,1,1,1,0,0,148,148
2020-03-12,IRN,Esfahan,1,1,1,1,0,0,717,763
2020-03-12,IRN,Fars,1,1,1,1,0,0,183,211
2020-03-12,IRN,Gilan,1,1,1,1,0,0,497,596
2020-03-12,IRN,Golestan,1,1,1,1,0,0,213,213
2020-03-12,IRN,Hamedan,1,1,1,1,0,0,91,101
2020-03-12,IRN,Hormozgan,1,1,1,1,0,0,72,79
2020-03-12,IRN,Ilam,1,1,1,1,0,0,67,70
2020-03-12,IRN,Kerman,1,1,1,1,0,0,63,70
2020-03-12,IRN,Kermanshah,1,1,1,1,0,0,77,84
2020-03-12,IRN,Khuzistan,1,1,1,1,0,0,142,173
2020-03-12,IRN,Kohgiluyeh.and.Boyer_Ahmad,1,1,1,1,0,0,26,26
2020-03-12,IRN,Kurdistan,1,1,1,1,0,0,93,93
2020-03-12,IRN,Lorestan,1,1,1,1,0,0,208,236
2020-03-12,IRN,Markazi,1,1,1,1,0,0,461,616
2020-03-12,IRN,Mazandaran,1,1,1,1,0,0,978,1017
2020-03-12,IRN,North.Khorasan,1,1,1,1,0,0,45,45
2020-03-12,IRN,Qazvin,1,1,1,1,0,0,279,279
2020-03-12,IRN,Qom,1,1,1,1,1,0,732,838
2020-03-12,IRN,Razavi.Khorasan,1,1,1,1,0,0,276,336
2020-03-12,IRN,Semnan,1,1,1,1,0,0,307,317
2020-03-12,IRN,Sistan.and.Baluchestan,1,1,1,1,0,0,49,56
2020-03-12,IRN,South.Khorasan,1,1,1,1,0,0,75,82
2020-03-12,IRN,Tehran,1,1,1,1,0,0,1979,2577
2020-03-12,IRN,West.Azerbaijan,1,1,1,1,0,0,115,115
2020-03-12,IRN,Yazd,1,1,1,1,0,0,169,169
2020-03-12,IRN,Zanjan,1,1,1,1,0,0,116,116
2020-03-13,IRN,Alburz,1,1,1,1,1,1,418,527
2020-03-13,IRN,Ardebil,1,1,1,1,1,1,118,118
2020-03-13,IRN,Bushehr,1,1,1,1,1,1,21,21
2020-03-13,IRN,Chaharmahal.and.Bakhtiari,1,1,1,1,1,1,49,49
2020-03-13,IRN,East.Azerbaijan,1,1,1,1,1,1,245,245
2020-03-13,IRN,Esfahan,1,1,1,1,1,1,827,873
2020-03-13,IRN,Fars,1,1,1,1,1,1,216,244
2020-03-13,IRN,Gilan,1,1,1,1,1,1,568,667
2020-03-13,IRN,Golestan,1,1,1,1,1,1,234,234
2020-03-13,IRN,Hamedan,1,1,1,1,1,1,101,111
2020-03-13,IRN,Hormozgan,1,1,1,1,1,1,76,83
2020-03-13,IRN,Ilam,1,1,1,1,1,1,75,78
2020-03-13,IRN,Kerman,1,1,1,1,1,1,75,82
2020-03-13,IRN,Kermanshah,1,1,1,1,1,1,92,99
2020-03-13,IRN,Khuzistan,1,1,1,1,1,1,157,188
2020-03-13,IRN,Kohgiluyeh.and.Boyer_Ahmad,1,1,1,1,1,1,26,26
2020-03-13,IRN,Kurdistan,1,1,1,1,1,1,102,102
2020-03-13,IRN,Lorestan,1,1,1,1,1,1,233,261
2020-03-13,IRN,Markazi,1,1,1,1,1,1,509,664
2020-03-13,IRN,Mazandaran,1,1,1,1,1,1,1170,1209
2020-03-13,IRN,North.Khorasan,1,1,1,1,1,1,45,45
2020-03-13,IRN,Qazvin,1,1,1,1,1,1,291,291
2020-03-13,IRN,Qom,1,1,1,1,1,1,774,880
2020-03-13,IRN,Razavi.Khorasan,1,1,1,1,1,1,386,446
2020-03-13,IRN,Semnan,1,1,1,1,1,1,345,355
2020-03-13,IRN,Sistan.and.Baluchestan,1,1,1,1,1,1,51,58
2020-03-13,IRN,South.Khorasan,1,1,1,1,1,1,75,82
2020-03-13,IRN,Tehran,1,1,1,1,1,1,2282,2880
2020-03-13,IRN,West.Azerbaijan,1,1,1,1,1,1,140,140
2020-03-13,IRN,Yazd,1,1,1,1,1,1,215,215
2020-03-13,IRN,Zanjan,1,1,1,1,1,1,136,136
2020-03-14,IRN,Alburz,1,1,1,1,1,1,552,661
2020-03-14,IRN,Ardebil,1,1,1,1,1,1,151,151
2020-03-14,IRN,Bushehr,1,1,1,1,1,1,28,28
2020-03-14,IRN,Chaharmahal.and.Bakhtiari,1,1,1,1,1,1,49,49
2020-03-14,IRN,East.Azerbaijan,1,1,1,1,1,1,304,304
2020-03-14,IRN,Esfahan,1,1,1,1,1,1,982,1028
2020-03-14,IRN,Fars,1,1,1,1,1,1,227,255
2020-03-14,IRN,Gilan,1,1,1,1,1,1,681,780
2020-03-14,IRN,Golestan,1,1,1,1,1,1,234,234
2020-03-14,IRN,Hamedan,1,1,1,1,1,1,108,118
2020-03-14,IRN,Hormozgan,1,1,1,1,1,1,76,83
2020-03-14,IRN,Ilam,1,1,1,1,1,1,81,84
2020-03-14,IRN,Kerman,1,1,1,1,1,1,75,82
2020-03-14,IRN,Kermanshah,1,1,1,1,1,1,100,107
2020-03-14,IRN,Khuzistan,1,1,1,1,1,1,205,236
2020-03-14,IRN,Kohgiluyeh.and.Boyer_Ahmad,1,1,1,1,1,1,26,26
2020-03-14,IRN,Kurdistan,1,1,1,1,1,1,107,107
2020-03-14,IRN,Lorestan,1,1,1,1,1,1,235,263
2020-03-14,IRN,Markazi,1,1,1,1,1,1,624,779
2020-03-14,IRN,Mazandaran,1,1,1,1,1,1,1187,1226
2020-03-14,IRN,North.Khorasan,1,1,1,1,1,1,46,46
2020-03-14,IRN,Qazvin,1,1,1,1,1,1,338,338
2020-03-14,IRN,Qom,1,1,1,1,1,1,806,912
2020-03-14,IRN,Razavi.Khorasan,1,1,1,1,1,1,416,476
2020-03-14,IRN,Semnan,1,1,1,1,1,1,392,402
2020-03-14,IRN,Sistan.and.Baluchestan,1,1,1,1,1,1,53,60
2020-03-14,IRN,South.Khorasan,1,1,1,1,1,1,79,86
2020-03-14,IRN,Tehran,1,1,1,1,1,1,2629,3227
2020-03-14,IRN,West.Azerbaijan,1,1,1,1,1,1,171,171
2020-03-14,IRN,Yazd,1,1,1,1,1,1,288,288
2020-03-14,IRN,Zanjan,1,1,1,1,1,1,167,167
2020-03-15,IRN,Alburz,1,1,1,1,1,1,619,728
2020-03-15,IRN,Ardebil,1,1,1,1,1,1,151,151
2020-03-15,IRN,Bushehr,1,1,1,1,1,1,34,34
2020-03-15,IRN,Chaharmahal.and.Bakhtiari,1,1,1,1,1,1,49,49
2020-03-15,IRN,East.Azerbaijan,1,1,1,1,1,1,340,340
2020-03-15,IRN,Esfahan,1,1,1,1,1,1,1108,1154
2020-03-15,IRN,Fars,1,1,1,1,1,1,236,264
2020-03-15,IRN,Gilan,1,1,1,1,1,1,724,823
2020-03-15,IRN,Golestan,1,1,1,1,1,1,259,259
2020-03-15,IRN,Hamedan,1,1,1,1,1,1,119,129
2020-03-15,IRN,Hormozgan,1,1,1,1,1,1,83,90
2020-03-15,IRN,Ilam,1,1,1,1,1,1,99,102
2020-03-15,IRN,Kerman,1,1,1,1,1,1,82,89
2020-03-15,IRN,Kermanshah,1,1,1,1,1,1,113,120
2020-03-15,IRN,Khuzistan,1,1,1,1,1,1,237,268
2020-03-15,IRN,Kohgiluyeh.and.Boyer_Ahmad,1,1,1,1,1,1,27,27
2020-03-15,IRN,Kurdistan,1,1,1,1,1,1,134,134
2020-03-15,IRN,Lorestan,1,1,1,1,1,1,287,315
2020-03-15,IRN,Markazi,1,1,1,1,1,1,624,779
2020-03-15,IRN,Mazandaran,1,1,1,1,1,1,1259,1298
2020-03-15,IRN,North.Khorasan,1,1,1,1,1,1,52,52
2020-03-15,IRN,Qazvin,1,1,1,1,1,1,360,360
2020-03-15,IRN,Qom,1,1,1,1,1,1,890,996
2020-03-15,IRN,Razavi.Khorasan,1,1,1,1,1,1,559,619
2020-03-15,IRN,Semnan,1,1,1,1,1,1,433,443
2020-03-15,IRN,Sistan.and.Baluchestan,1,1,1,1,1,1,59,66
2020-03-15,IRN,South.Khorasan,1,1,1,1,1,1,97,104
2020-03-15,IRN,Tehran,1,1,1,1,1,1,2880,3478
2020-03-15,IRN,West.Azerbaijan,1,1,1,1,1,1,189,189
2020-03-15,IRN,Yazd,1,1,1,1,1,1,324,324
2020-03-15,IRN,Zanjan,1,1,1,1,1,1,199,199
2020-03-16,IRN,Alburz,1,1,1,1,1,1,668,777
2020-03-16,IRN,Ardebil,1,1,1,1,1,1,181,181
2020-03-16,IRN,Bushehr,1,1,1,1,1,1,38,38
2020-03-16,IRN,Chaharmahal.and.Bakhtiari,1,1,1,1,1,1,52,52
2020-03-16,IRN,East.Azerbaijan,1,1,1,1,1,1,375,375
2020-03-16,IRN,Esfahan,1,1,1,1,1,1,1226,1272
2020-03-16,IRN,Fars,1,1,1,1,1,1,279,307
2020-03-16,IRN,Gilan,1,1,1,1,1,1,742,841
2020-03-16,IRN,Golestan,1,1,1,1,1,1,301,301
2020-03-16,IRN,Hamedan,1,1,1,1,1,1,131,141
2020-03-16,IRN,Hormozgan,1,1,1,1,1,1,99,106
2020-03-16,IRN,Ilam,1,1,1,1,1,1,101,104
2020-03-16,IRN,Kerman,1,1,1,1,1,1,95,102
2020-03-16,IRN,Kermanshah,1,1,1,1,1,1,129,136
2020-03-16,IRN,Khuzistan,1,1,1,1,1,1,290,321
2020-03-16,IRN,Kohgiluyeh.and.Boyer_Ahmad,1,1,1,1,1,1,32,32
2020-03-16,IRN,Kurdistan,1,1,1,1,1,1,165,165
2020-03-16,IRN,Lorestan,1,1,1,1,1,1,287,315
2020-03-16,IRN,Markazi,1,1,1,1,1,1,638,793
2020-03-16,IRN,Mazandaran,1,1,1,1,1,1,1355,1394
2020-03-16,IRN,North.Khorasan,1,1,1,1,1,1,97,97
2020-03-16,IRN,Qazvin,1,1,1,1,1,1,400,400
2020-03-16,IRN,Qom,1,1,1,1,1,1,909,1015
2020-03-16,IRN,Razavi.Khorasan,1,1,1,1,1,1,559,619
2020-03-16,IRN,Semnan,1,1,1,1,1,1,467,477
2020-03-16,IRN,Sistan.and.Baluchestan,1,1,1,1,1,1,70,77
2020-03-16,IRN,South.Khorasan,1,1,1,1,1,1,104,111
2020-03-16,IRN,Tehran,1,1,1,1,1,1,3080,3678
2020-03-16,IRN,West.Azerbaijan,1,1,1,1,1,1,220,220
2020-03-16,IRN,Yazd,1,1,1,1,1,1,375,375
2020-03-16,IRN,Zanjan,1,1,1,1,1,1,214,214
2020-03-17,IRN,Alburz,1,1,1,1,1,1,784,893
2020-03-17,IRN,Ardebil,1,1,1,1,1,1,200,200
2020-03-17,IRN,Bushehr,1,1,1,1,1,1,42,42
2020-03-17,IRN,Chaharmahal.and.Bakhtiari,1,1,1,1,1,1,54,54
2020-03-17,IRN,East.Azerbaijan,1,1,1,1,1,1,453,453
2020-03-17,IRN,Esfahan,1,1,1,1,1,1,1301,1347
2020-03-17,IRN,Fars,1,1,1,1,1,1,310,338
2020-03-17,IRN,Gilan,1,1,1,1,1,1,787,886
2020-03-17,IRN,Golestan,1,1,1,1,1,1,331,331
2020-03-17,IRN,Hamedan,1,1,1,1,1,1,137,147
2020-03-17,IRN,Hormozgan,1,1,1,1,1,1,105,112
2020-03-17,IRN,Ilam,1,1,1,1,1,1,108,111
2020-03-17,IRN,Kerman,1,1,1,1,1,1,114,121
2020-03-17,IRN,Kermanshah,1,1,1,1,1,1,143,150
2020-03-17,IRN,Khuzistan,1,1,1,1,1,1,315,346
2020-03-17,IRN,Kohgiluyeh.and.Boyer_Ahmad,1,1,1,1,1,1,32,32
2020-03-17,IRN,Kurdistan,1,1,1,1,1,1,167,167
2020-03-17,IRN,Lorestan,1,1,1,1,1,1,322,350
2020-03-17,IRN,Markazi,1,1,1,1,1,1,685,840
2020-03-17,IRN,Mazandaran,1,1,1,1,1,1,1414,1453
2020-03-17,IRN,North.Khorasan,1,1,1,1,1,1,100,100
2020-03-17,IRN,Qazvin,1,1,1,1,1,1,426,426
2020-03-17,IRN,Qom,1,1,1,1,1,1,938,1044
2020-03-17,IRN,Razavi.Khorasan,1,1,1,1,1,1,622,682
2020-03-17,IRN,Semnan,1,1,1,1,1,1,500,510
2020-03-17,IRN,Sistan.and.Baluchestan,1,1,1,1,1,1,81,88
2020-03-17,IRN,South.Khorasan,1,1,1,1,1,1,116,123
2020-03-17,IRN,Tehran,1,1,1,1,1,1,3353,3951
2020-03-17,IRN,West.Azerbaijan,1,1,1,1,1,1,254,254
2020-03-17,IRN,Yazd,1,1,1,1,1,1,424,424
2020-03-17,IRN,Zanjan,1,1,1,1,1,1,239,239
2020-03-18,IRN,Alburz,1,1,1,1,1,1,860,969
2020-03-18,IRN,Ardebil,1,1,1,1,1,1,210,210
2020-03-18,IRN,Bushehr,1,1,1,1,1,1,46,46
2020-03-18,IRN,Chaharmahal.and.Bakhtiari,1,1,1,1,1,1,58,58
2020-03-18,IRN,East.Azerbaijan,1,1,1,1,1,1,537,537
2020-03-18,IRN,Esfahan,1,1,1,1,1,1,1463,1509
2020-03-18,IRN,Fars,1,1,1,1,1,1,370,398
2020-03-18,IRN,Gilan,1,1,1,1,1,1,808,907
2020-03-18,IRN,Golestan,1,1,1,1,1,1,351,351
2020-03-18,IRN,Hamedan,1,1,1,1,1,1,150,160
2020-03-18,IRN,Hormozgan,1,1,1,1,1,1,117,124
2020-03-18,IRN,Ilam,1,1,1,1,1,1,118,121
2020-03-18,IRN,Kerman,1,1,1,1,1,1,125,132
2020-03-18,IRN,Kermanshah,1,1,1,1,1,1,150,157
2020-03-18,IRN,Khuzistan,1,1,1,1,1,1,343,374
2020-03-18,IRN,Kohgiluyeh.and.Boyer_Ahmad,1,1,1,1,1,1,45,45
2020-03-18,IRN,Kurdistan,1,1,1,1,1,1,189,189
2020-03-18,IRN,Lorestan,1,1,1,1,1,1,361,389
2020-03-18,IRN,Markazi,1,1,1,1,1,1,708,863
2020-03-18,IRN,Mazandaran,1,1,1,1,1,1,1475,1514
2020-03-18,IRN,North.Khorasan,1,1,1,1,1,1,100,100
2020-03-18,IRN,Qazvin,1,1,1,1,1,1,479,479
2020-03-18,IRN,Qom,1,1,1,1,1,1,960,1066
2020-03-18,IRN,Razavi.Khorasan,1,1,1,1,1,1,652,712
2020-03-18,IRN,Semnan,1,1,1,1,1,1,560,570
2020-03-18,IRN,Sistan.and.Baluchestan,1,1,1,1,1,1,87,94
2020-03-18,IRN,South.Khorasan,1,1,1,1,1,1,137,144
2020-03-18,IRN,Tehran,1,1,1,1,1,1,3566,4164
2020-03-18,IRN,West.Azerbaijan,1,1,1,1,1,1,296,296
2020-03-18,IRN,Yazd,1,1,1,1,1,1,469,469
2020-03-18,IRN,Zanjan,1,1,1,1,1,1,259,259
