adm0_name,t,y_actual,lb_y_actual,ub_y_actual,y_counter,lb_counter,ub_counter,m_y_actual,m_y_counter,day_avg
"USA",15mar2020,.2905964,.2527882,.3284046,.3250804,.2496445,.4005163,,,
"USA",16mar2020,.2701748,.2238211,.3165285,.3512643,.2758284,.4267002,,,
"USA",17mar2020,.2814867,.235133,.3278404,.3625762,.2871403,.4380121,,,
"USA",18mar2020,.308233,.2709308,.3455352,.3766592,.3012233,.4520951,,,
"USA",19mar2020,.3304313,.2956589,.3652038,.3965074,.3210715,.4719433,,,
"USA",20mar2020,.3176112,.2828388,.3523836,.3836873,.3082514,.4591232,,,
"USA",21mar2020,.2968366,.2620642,.331609,.3629127,.2874768,.4383486,,,
"USA",22mar2020,.2427964,.1831633,.3024296,.3088725,.2166588,.4010861,,,
"USA",23mar2020,.2851882,.2504157,.3199607,.3512643,.2758284,.4267002,,,
"USA",24mar2020,.2965001,.2617277,.3312726,.3625762,.2871403,.4380121,,,
"USA",25mar2020,.3105831,.2758107,.3453556,.3766592,.3012233,.4520951,,,
"USA",26mar2020,.3186276,.2877634,.3494919,.3965074,.3210715,.4719433,,,
"USA",27mar2020,.306667,.280719,.332615,.3836873,.3082514,.4591232,,,
"USA",28mar2020,.1626537,.1079047,.2174027,.3629127,.2874768,.4383486,,,
"USA",29mar2020,.1248214,.0700724,.1795704,.3250804,.2496445,.4005163,,,
"USA",30mar2020,.1510053,.0962563,.2057543,.3512643,.2758284,.4267002,,,
"USA",31mar2020,.1623172,.1075682,.2170662,.3625762,.2871403,.4380121,,,
"USA",01apr2020,.1764002,.1216512,.2311492,.3766592,.3012233,.4520951,,,
"USA",02apr2020,.1962484,.1414994,.2509974,.3965074,.3210715,.4719433,,,
"USA",03apr2020,.1834283,.1286793,.2381773,.3836873,.3082514,.4591232,,,
"USA",04apr2020,.0804598,.0348499,.1260698,.3629127,.2874768,.4383486,,,
"USA",05apr2020,.0426276,0,.0882375,.3250804,.2496445,.4005163,,,
"USA",06apr2020,.0688114,.0232015,.1144214,.3512643,.2758284,.4267002,,,
"USA",20mar2020,.2814661,.258423,.3045093,.2998151,.2243792,.375251,,,
"USA",21mar2020,.2606916,.2376484,.2837347,.2790405,.2036046,.3544765,,,
"USA",22mar2020,.2228593,.1998161,.2459024,.2412083,.1657723,.3166442,,,
"USA",23mar2020,.2490431,.226,.2720863,.2673921,.1919562,.342828,,,
"USA",24mar2020,.1966989,.1611698,.2322279,.278704,.2032681,.35414,,,
"USA",25mar2020,.2107819,.1752528,.2463109,.292787,.2173511,.368223,,,
"USA",26mar2020,.2306301,.1951011,.2661591,.3126353,.2371994,.3880712,,,
"USA",27mar2020,.2178099,.1822809,.253339,.2998151,.2243792,.375251,,,
"USA",28mar2020,.111089,.0786404,.1435376,.2790405,.2036046,.3544765,,,
"USA",29mar2020,.0732567,.0408081,.1057053,.2412083,.1657723,.3166442,,,
"USA",30mar2020,.0994405,.066992,.1318891,.2673921,.1919562,.342828,,,
"USA",31mar2020,.1107525,.0783039,.1432011,.278704,.2032681,.35414,,,
"USA",01apr2020,.1248355,.0923869,.1572841,.292787,.2173511,.368223,,,
"USA",02apr2020,.1446837,.1122351,.1771323,.3126353,.2371994,.3880712,,,
"USA",03apr2020,.1318635,.0994149,.1643121,.2998151,.2243792,.375251,,,
"USA",04apr2020,.111089,.0786404,.1435376,.2790405,.2036046,.3544765,,,
"USA",05apr2020,.0732567,.0408081,.1057053,.2412083,.1657723,.3166442,,,
"USA",06apr2020,.0994405,.066992,.1318891,.2673921,.1919562,.342828,,,
"USA",12mar2020,.2817251,.2150414,.3484089,.3356226,.2601867,.4110585,,,
"USA",13mar2020,.268905,.2022212,.3355887,.3228025,.2473665,.3982384,,,
"USA",14mar2020,.3226386,.2829914,.3622858,.3020279,.226592,.3774638,,,
"USA",15mar2020,.259221,.2253639,.2930779,.2641956,.1887597,.3396315,,,
"USA",16mar2020,.2582724,.2297979,.286747,.2903795,.2149436,.3658154,,,
"USA",17mar2020,.2695843,.2411098,.2980589,.3016914,.2262555,.3771273,,,
"USA",18mar2020,.2836673,.2551928,.3121419,.3157744,.2403385,.3912103,,,
"USA",19mar2020,.267894,.2426765,.2931115,.3356226,.2601867,.4110585,,,
"USA",20mar2020,.2550738,.2298563,.2802913,.3228025,.2473665,.3982384,,,
"USA",21mar2020,.2342993,.2090818,.2595168,.3020279,.226592,.3774638,,,
"USA",22mar2020,.196467,.1712495,.2216845,.2641956,.1887597,.3396315,,,
"USA",23mar2020,.2038572,.1540579,.2536565,.2903795,.2149436,.3658154,,,
"USA",24mar2020,.2151691,.1653699,.2649685,.3016914,.2262555,.3771273,,,
"USA",25mar2020,.2174484,.1716478,.263249,.3157744,.2403385,.3912103,,,
"USA",26mar2020,.2372966,.191496,.2830973,.3356226,.2601867,.4110585,,,
"USA",27mar2020,.2662935,.1894829,.3431042,.3646195,.2635793,.4656597,,,
"USA",28mar2020,.2037019,.1579013,.2495025,.3020279,.226592,.3774638,,,
"USA",29mar2020,.1658696,.120069,.2116702,.2641956,.1887597,.3396315,,,
"USA",30mar2020,.1920535,.1462529,.2378541,.2903795,.2149436,.3658154,,,
"USA",31mar2020,.1329753,.0893337,.1766169,.3016914,.2262555,.3771273,,,
"USA",01apr2020,.1470583,.1034167,.1906999,.3157744,.2403385,.3912103,,,
"USA",02apr2020,.1669065,.1232649,.2105482,.3356226,.2601867,.4110585,,,
"USA",03apr2020,.1422826,.101675,.1828902,.3228025,.2473665,.3982384,,,
"USA",04apr2020,.1215081,.0809005,.1621156,.3020279,.226592,.3774638,,,
"USA",05apr2020,.0836758,.0430682,.1242834,.2641956,.1887597,.3396315,,,
"USA",06apr2020,.1098596,.0692521,.1504672,.2903795,.2149436,.3658154,,,
"USA",15mar2020,.1631518,.0966015,.2297021,.3028833,.2274474,.3783192,,,
"USA",16mar2020,.1893357,.1227854,.255886,.3290672,.2536313,.4045031,,,
"USA",17mar2020,.2010887,.1415444,.260633,.3403791,.2649432,.415815,,,
"USA",18mar2020,.2151717,.1556274,.274716,.3544621,.2790262,.429898,,,
"USA",19mar2020,.2490866,.1828485,.3153247,.3743103,.2988744,.4497462,,,
"USA",20mar2020,.2244627,.1613757,.2875498,.3614902,.2860543,.4369261,,,
"USA",21mar2020,.2036881,.1406011,.2667752,.3407156,.2652797,.4161515,,,
"USA",22mar2020,.1658559,.1027688,.2289429,.3028833,.2274474,.3783192,,,
"USA",23mar2020,.1920397,.1289527,.2551268,.3290672,.2536313,.4045031,,,
"USA",24mar2020,.184606,.1156136,.2535984,.3403791,.2649432,.415815,,,
"USA",25mar2020,.198689,.1296965,.2676814,.3544621,.2790262,.429898,,,
"USA",26mar2020,.2185372,.1495448,.2875296,.3743103,.2988744,.4497462,,,
"USA",27mar2020,.2057171,.1367246,.2747095,.3614902,.2860543,.4369261,,,
"USA",28mar2020,.1849425,.11595,.2539349,.3407156,.2652797,.4161515,,,
"USA",29mar2020,.1471102,.0781178,.2161026,.3028833,.2274474,.3783192,,,
"USA",30mar2020,.1732941,.1043016,.2422865,.3290672,.2536313,.4045031,,,
"USA",31mar2020,.184606,.1156136,.2535984,.3403791,.2649432,.415815,,,
"USA",01apr2020,.198689,.1296965,.2676814,.3544621,.2790262,.429898,,,
"USA",02apr2020,.2185372,.1495448,.2875296,.3743103,.2988744,.4497462,,,
"USA",03apr2020,.1939133,.1279926,.2598341,.3614902,.2860543,.4369261,,,
"USA",04apr2020,.161335,.0976522,.2250178,.3407156,.2652797,.4161515,,,
"USA",05apr2020,.1235027,.0598199,.1871855,.3028833,.2274474,.3783192,,,
"USA",06apr2020,.1496866,.0860038,.2133694,.3290672,.2536313,.4045031,,,
"USA",04mar2020,.30762,.2321841,.3830559,.30762,.2321841,.3830559,.2772321,.2903344,.3520985
"USA",05mar2020,.3647223,.2789619,.4504827,.3274682,.2520323,.4029041,.354837,.3614828,.5663366
"USA",06mar2020,.3519022,.2661418,.4376625,.3146481,.2392121,.390084,.3420169,.3486626,.1124358
"USA",07mar2020,.3311276,.2453672,.416888,.2938735,.2184376,.3693094,.3212423,.3278881,.570035
"USA",08mar2020,.293288,.2075389,.3790371,.2560412,.1806053,.3314771,.2834076,.2900558,.2224997
"USA",09mar2020,.3173419,.2318784,.4028053,.2822251,.2067892,.357661,.2812186,.2848977,.3357389
"USA",10mar2020,.3286538,.2431903,.4141172,.293537,.2181011,.3689729,.3044925,.310616,.3166888
"USA",11mar2020,.341965,.2568705,.4270595,.30762,.2321841,.3830559,.3040715,.3115843,.2285618
"USA",12mar2020,.2811829,.2220825,.3402832,.3274682,.2520323,.4029041,.2592478,.3246244,.2049143
"USA",13mar2020,.2481148,.1870896,.3091399,.3146481,.2392121,.390084,.2451175,.3123466,.269714
"USA",14mar2020,.2645943,.221432,.3077566,.2938735,.2184376,.3693094,.2952451,.2959411,.3158264
"USA",15mar2020,.2047963,.1561542,.2534384,.2560412,.1806053,.3314771,.2381652,.258052,.1997886
"USA",16mar2020,.211309,.1542196,.2683983,.295771,.1955911,.395951,.2665522,.283907,.2564974
"USA",17mar2020,.2136651,.1810284,.2463019,.293537,.2181011,.3689729,.2707811,.2982461,.2821133
"USA",18mar2020,.2277481,.1951114,.2603849,.30762,.2321841,.3830559,.2871118,.3144608,.2913829
"USA",19mar2020,.1468933,.1137842,.1800023,.3274682,.2520323,.4029041,.304727,.3387146,.3631338
"USA",20mar2020,.1340731,.1009641,.1671822,.3146481,.2392121,.390084,.2781752,.3124179,.3077942
"USA",21mar2020,.1132985,.0801895,.1464076,.2938735,.2184376,.3693094,.2582788,.2999275,.2428637
"USA",22mar2020,.0754663,.0423572,.1085753,.2560412,.1806053,.3314771,.2105473,.2593586,.2307861
"USA",23mar2020,.1016501,.0685411,.1347592,.2822251,.2067892,.357661,.2186701,.2847718,.250419
"USA",24mar2020,.112962,.079853,.1460711,.293537,.2181011,.3689729,.2072934,.2965309,.2081275
"USA",25mar2020,.127045,.093936,.1601541,.30762,.2321841,.3830559,.2066288,.3114134,.2495211
"USA",26mar2020,.1468933,.1137842,.1800023,.3274682,.2520323,.4029041,.2185494,.3298658,.2243256
"USA",27mar2020,.1340731,.1009641,.1671822,.3146481,.2392121,.390084,.2043663,.3178581,.2147728
"USA",28mar2020,.1132985,.0801895,.1464076,.2938735,.2184376,.3693094,.1754146,.2974005,.184716
"USA",29mar2020,.0754663,.0423572,.1085753,.2560412,.1806053,.3314771,.1373873,.2596764,.1573854
"USA",30mar2020,.1016501,.0685411,.1347592,.2822251,.2067892,.357661,.1506501,.285545,.1480134
"USA",31mar2020,.112962,.079853,.1460711,.293537,.2181011,.3689729,.1579045,.2971722,.1450905
"USA",01apr2020,.127045,.093936,.1601541,.30762,.2321841,.3830559,.1665704,.3112552,.1400233
"USA",02apr2020,.1468933,.1137842,.1800023,.3274682,.2520323,.4029041,.1845408,.3311034,.1328861
"USA",03apr2020,.1340731,.1009641,.1671822,.3146481,.2392121,.390084,.1609188,.3182832,.1232243
"USA",04apr2020,.1132985,.0801895,.1464076,.2938735,.2184376,.3693094,.1372794,.2975087,.1160471
"USA",05apr2020,.0754663,.0423572,.1085753,.2560412,.1806053,.3314771,.0980704,.2596764,.0870007
"USA",06apr2020,.1016501,.0685411,.1347592,.2822251,.2067892,.357661,.1179021,.2858602,.0884137
"USA",10mar2020,.2950651,.2159123,.3742178,.2969375,.2215016,.3723734,,,
"USA",11mar2020,.3283348,.250928,.4057417,.3110205,.2355846,.3864564,,,
"USA",12mar2020,.2942856,.2360611,.3525101,.3308688,.2554328,.4063047,,,
"USA",13mar2020,.2558801,.1861598,.3256004,.3180486,.2426127,.3934845,,,
"USA",14mar2020,.2790643,.2543294,.3037992,.297274,.2218381,.3727099,,,
"USA",15mar2020,.241232,.2164971,.2659669,.2594417,.1840058,.3348776,,,
"USA",16mar2020,.2674159,.242681,.2921507,.2856256,.2101897,.3610615,,,
"USA",17mar2020,.2787278,.2539929,.3034627,.2969375,.2215016,.3723734,,,
"USA",18mar2020,.2672254,.2317747,.3026761,.3110205,.2355846,.3864564,,,
"USA",19mar2020,.2677599,.2301751,.3053448,.3308688,.2554328,.4063047,,,
"USA",20mar2020,.243136,.2059565,.2803155,.3180486,.2426127,.3934845,,,
"USA",21mar2020,.2223615,.185182,.259541,.297274,.2218381,.3727099,,,
"USA",22mar2020,.1987228,.1621746,.2352709,.2594417,.1840058,.3348776,,,
"USA",23mar2020,.2440934,.213511,.2746759,.2856256,.2101897,.3610615,,,
"USA",24mar2020,.2554053,.2248229,.2859878,.2969375,.2215016,.3723734,,,
"USA",25mar2020,.2694883,.2389059,.3000708,.3110205,.2355846,.3864564,,,
"USA",26mar2020,.1883971,.1582975,.2184966,.3308688,.2554328,.4063047,,,
"USA",27mar2020,.1637732,.1334653,.1940811,.3180486,.2426127,.3934845,,,
"USA",28mar2020,.1429986,.1126907,.1733065,.297274,.2218381,.3727099,,,
"USA",29mar2020,.1051663,.0748584,.1354742,.2594417,.1840058,.3348776,,,
"USA",30mar2020,.1313502,.1010423,.1616581,.2856256,.2101897,.3610615,,,
"USA",31mar2020,.1426621,.1123542,.17297,.2969375,.2215016,.3723734,,,
"USA",01apr2020,.1567451,.1264372,.187053,.3110205,.2355846,.3864564,,,
"USA",02apr2020,.1765933,.1462854,.2069013,.3308688,.2554328,.4063047,,,
"USA",03apr2020,.1519694,.1194806,.1844583,.3180486,.2426127,.3934845,,,
"USA",04apr2020,.1311949,.098706,.1636837,.297274,.2218381,.3727099,,,
"USA",05apr2020,.0933626,.0608738,.1258514,.2594417,.1840058,.3348776,,,
"USA",06apr2020,.1195465,.0870576,.1520353,.2856256,.2101897,.3610615,,,
"USA",15mar2020,.3407485,.2994022,.3820949,.345476,.2700401,.4209119,,,
"USA",16mar2020,.3211319,.2811781,.3610856,.3716599,.296224,.4470958,,,
"USA",17mar2020,.3708174,.338817,.4028177,.3829718,.3075359,.4584077,,,
"USA",18mar2020,.3849003,.3529,.4169007,.3970548,.3216189,.4724907,,,
"USA",19mar2020,.4848032,.4255933,.5440131,.5028595,.4048444,.6008747,,,
"USA",20mar2020,.3860266,.3559224,.4161307,.4040829,.328647,.4795188,,,
"USA",21mar2020,.365252,.3351478,.3953561,.3833083,.3078724,.4587442,,,
"USA",22mar2020,.3274197,.2973155,.3575239,.345476,.2700401,.4209119,,,
"USA",23mar2020,.2006728,.1312688,.2700768,.3716599,.296224,.4470958,,,
"USA",24mar2020,.2119847,.1425807,.2813887,.3829718,.3075359,.4584077,,,
"USA",25mar2020,.2331645,.1600897,.3062393,.3970548,.3216189,.4724907,,,
"USA",26mar2020,.2302245,.1589659,.3014832,.416903,.3414671,.492339,,,
"USA",27mar2020,.2174044,.1461457,.288663,.4040829,.328647,.4795188,,,
"USA",28mar2020,.1966298,.1253711,.2678884,.3833083,.3078724,.4587442,,,
"USA",29mar2020,.1528956,.0817037,.2240876,.345476,.2700401,.4209119,,,
"USA",30mar2020,.1731776,.1018342,.244521,.3716599,.296224,.4470958,,,
"USA",31mar2020,.1844895,.1131462,.2558329,.3829718,.3075359,.4584077,,,
"USA",01apr2020,.1926707,.1209591,.2643823,.3970548,.3216189,.4724907,,,
"USA",02apr2020,.206617,.1343237,.2789104,.416903,.3414671,.492339,,,
"USA",03apr2020,.1937969,.1215036,.2660902,.4040829,.328647,.4795188,,,
"USA",04apr2020,.1730223,.100729,.2453156,.3833083,.3078724,.4587442,,,
"USA",05apr2020,.13519,.0628967,.2074834,.345476,.2700401,.4209119,,,
"USA",06apr2020,.1613739,.0890806,.2336672,.3716599,.296224,.4470958,,,
"USA",18mar2020,.288529,.2541666,.3228914,.309118,.2336821,.3845539,,,
"USA",19mar2020,.3083773,.2740149,.3427397,.3289663,.2535303,.4044022,,,
"USA",20mar2020,.2955571,.2611947,.3299195,.3161461,.2407102,.391582,,,
"USA",21mar2020,.2600279,.2279499,.2921058,.2953715,.2199356,.3708074,,,
"USA",22mar2020,.2221956,.1901177,.2542735,.2575392,.1821033,.3329751,,,
"USA",23mar2020,.2483795,.2163015,.2804574,.2837231,.2082872,.359159,,,
"USA",24mar2020,.1603453,.1281523,.1925384,.295035,.2195991,.3704709,,,
"USA",25mar2020,.1744283,.1422353,.2066214,.309118,.2336821,.3845539,,,
"USA",26mar2020,.1942766,.1620835,.2264696,.3289663,.2535303,.4044022,,,
"USA",27mar2020,.1814564,.1492633,.2136495,.3161461,.2407102,.391582,,,
"USA",28mar2020,.1606818,.1284888,.1928749,.2953715,.2199356,.3708074,,,
"USA",29mar2020,.1191047,.0847899,.1534194,.2575392,.1821033,.3329751,,,
"USA",30mar2020,.1292119,.0614055,.1970184,.2676465,.173045,.3622479,,,
"USA",31mar2020,.1566005,.1222857,.1909152,.295035,.2195991,.3704709,,,
"USA",01apr2020,.1706835,.1363687,.2049982,.309118,.2336821,.3845539,,,
"USA",02apr2020,.1905317,.1562169,.2248465,.3289663,.2535303,.4044022,,,
"USA",03apr2020,.1777115,.1433968,.2120263,.3161461,.2407102,.391582,,,
"USA",04apr2020,.1569369,.1226222,.1912517,.2953715,.2199356,.3708074,,,
"USA",05apr2020,.10435,.0694537,.1392463,.2575392,.1821033,.3329751,,,
"USA",06apr2020,.1305339,.0956375,.1654302,.2837231,.2082872,.359159,,,
"USA",12mar2020,.1820783,.1153945,.248762,.2359758,.1605399,.3114117,,,
"USA",13mar2020,.1692581,.1025744,.2359419,.2231556,.1477197,.2985915,,,
"USA",14mar2020,.2229917,.1833446,.2626389,.202381,.1269451,.277817,,,
"USA",15mar2020,.1595741,.1257171,.1934311,.1645488,.0891128,.2399847,,,
"USA",16mar2020,.1857579,.1519009,.219615,.1907326,.1152967,.2661685,,,
"USA",17mar2020,.1970699,.1632129,.2309269,.2020445,.1266086,.2774805,,,
"USA",18mar2020,.2111529,.1772959,.2450099,.2161275,.1406916,.2915635,,,
"USA",19mar2020,.2310011,.1971441,.2648581,.2359758,.1605399,.3114117,,,
"USA",20mar2020,.2181809,.1843239,.2520379,.2231556,.1477197,.2985915,,,
"USA",21mar2020,.1974064,.1635494,.2312634,.202381,.1269451,.277817,,,
"USA",22mar2020,.1595741,.1257171,.1934311,.1645488,.0891128,.2399847,,,
"USA",23mar2020,.1857579,.1519009,.219615,.1907326,.1152967,.2661685,,,
"USA",24mar2020,.1970699,.1632129,.2309269,.2020445,.1266086,.2774805,,,
"USA",25mar2020,.2111529,.1772959,.2450099,.2161275,.1406916,.2915635,,,
"USA",26mar2020,.2310011,.1971441,.2648581,.2359758,.1605399,.3114117,,,
"USA",27mar2020,.2181809,.1843239,.2520379,.2231556,.1477197,.2985915,,,
"USA",28mar2020,.1974064,.1635494,.2312634,.202381,.1269451,.277817,,,
"USA",29mar2020,.1595741,.1257171,.1934311,.1645488,.0891128,.2399847,,,
"USA",30mar2020,.1857579,.1519009,.219615,.1907326,.1152967,.2661685,,,
"USA",31mar2020,.1970699,.1632129,.2309269,.2020445,.1266086,.2774805,,,
"USA",01apr2020,.1407628,.0998534,.1816722,.2161275,.1406916,.2915635,,,
"USA",02apr2020,.160611,.1197016,.2015204,.2359758,.1605399,.3114117,,,
"USA",03apr2020,.1477908,.1068814,.1887002,.2231556,.1477197,.2985915,,,
"USA",04apr2020,.1270162,.0861069,.1679256,.202381,.1269451,.277817,,,
"USA",05apr2020,.089184,.0482746,.1300934,.1645488,.0891128,.2399847,,,
"USA",06apr2020,.1153678,.0744585,.1562772,.1907326,.1152967,.2661685,,,
"USA",10mar2020,.3166385,.2389694,.3943076,.3178743,.2424384,.3933102,,,
"USA",11mar2020,.2692282,.1811407,.3573157,.3319573,.2565214,.4073932,,,
"USA",12mar2020,.235179,.1402687,.3300892,.3518055,.2763696,.4272415,,,
"USA",13mar2020,.2223588,.1274485,.3172691,.3389854,.2635495,.4144213,,,
"USA",14mar2020,.2760924,.2299846,.3222003,.3182108,.2427749,.3936467,,,
"USA",15mar2020,.2382601,.1921523,.284368,.2803786,.2049426,.3558145,,,
"USA",16mar2020,.2836308,.2400459,.3272157,.3065624,.2311265,.3819983,,,
"USA",17mar2020,.2807415,.2452733,.3162096,.3178743,.2424384,.3933102,,,
"USA",18mar2020,.2948245,.2593563,.3302926,.3319573,.2565214,.4073932,,,
"USA",19mar2020,.3129244,.2782559,.3475929,.3518055,.2763696,.4272415,,,
"USA",20mar2020,.2979555,.2641937,.3317174,.3389854,.2635495,.4144213,,,
"USA",21mar2020,.277181,.2434191,.3109428,.3182108,.2427749,.3936467,,,
"USA",22mar2020,.2393487,.2055869,.2731105,.2803786,.2049426,.3558145,,,
"USA",23mar2020,.2642593,.2300217,.2984969,.3065624,.2311265,.3819983,,,
"USA",24mar2020,.2755712,.2413336,.3098088,.3178743,.2424384,.3933102,,,
"USA",25mar2020,.2896542,.2554166,.3238918,.3319573,.2565214,.4073932,,,
"USA",26mar2020,.3095025,.2752649,.34374,.3518055,.2763696,.4272415,,,
"USA",27mar2020,.2659371,.220674,.3112002,.3389854,.2635495,.4144213,,,
"USA",28mar2020,.2451626,.1998995,.2904257,.3182108,.2427749,.3936467,,,
"USA",29mar2020,.2073303,.1620672,.2525934,.2803786,.2049426,.3558145,,,
"USA",30mar2020,.2204026,.1753027,.2655024,.3065624,.2311265,.3819983,,,
"USA",31mar2020,.2317145,.1866146,.2768143,.3178743,.2424384,.3933102,,,
"USA",01apr2020,.2457975,.2006976,.2908973,.3319573,.2565214,.4073932,,,
"USA",02apr2020,.2656457,.2205459,.3107455,.3518055,.2763696,.4272415,,,
"USA",03apr2020,.1568402,.1212428,.1924376,.3389854,.2635495,.4144213,,,
"USA",04apr2020,.1360657,.1004683,.1716631,.3182108,.2427749,.3936467,,,
"USA",05apr2020,.0982334,.062636,.1338308,.2803786,.2049426,.3558145,,,
"USA",06apr2020,.1244172,.0888198,.1600146,.3065624,.2311265,.3819983,,,
"USA",10mar2020,.2670183,.1943069,.3397296,.2773408,.2019049,.3527767,,,
"USA",11mar2020,.2811012,.2083899,.3538126,.2914238,.2159879,.3668597,,,
"USA",12mar2020,.247052,.1894143,.3046897,.311272,.2358361,.3867079,,,
"USA",13mar2020,.2342318,.1765941,.2918695,.2984519,.2230159,.3738878,,,
"USA",14mar2020,.2879654,.254362,.3215689,.2776773,.2022414,.3531132,,,
"USA",15mar2020,.2245478,.1976592,.2514364,.239845,.1644091,.3152809,,,
"USA",16mar2020,.249419,.2220804,.2767577,.2660289,.190593,.3414648,,,
"USA",17mar2020,.260731,.2333923,.2880696,.2773408,.2019049,.3527767,,,
"USA",18mar2020,.2940007,.2638336,.3241678,.2914238,.2159879,.3668597,,,
"USA",19mar2020,.313849,.2836819,.3440161,.311272,.2358361,.3867079,,,
"USA",20mar2020,.3010288,.2708617,.3311959,.2984519,.2230159,.3738878,,,
"USA",21mar2020,.2802542,.2500871,.3104213,.2776773,.2022414,.3531132,,,
"USA",22mar2020,.242422,.2122549,.2725891,.239845,.1644091,.3152809,,,
"USA",23mar2020,.2022827,.1613706,.2431948,.2660289,.190593,.3414648,,,
"USA",24mar2020,.2135946,.1726825,.2545068,.2773408,.2019049,.3527767,,,
"USA",25mar2020,.212923,.174612,.2512339,.2914238,.2159879,.3668597,,,
"USA",26mar2020,.2327712,.1944602,.2710822,.311272,.2358361,.3867079,,,
"USA",27mar2020,.219951,.1816401,.258262,.2984519,.2230159,.3738878,,,
"USA",28mar2020,.1991765,.1608655,.2374874,.2776773,.2022414,.3531132,,,
"USA",29mar2020,.1613442,.1230332,.1996552,.239845,.1644091,.3152809,,,
"USA",30mar2020,.1727734,.1346161,.2109307,.2660289,.190593,.3414648,,,
"USA",31mar2020,.1840853,.145928,.2222426,.2773408,.2019049,.3527767,,,
"USA",01apr2020,.1981683,.160011,.2363256,.2914238,.2159879,.3668597,,,
"USA",02apr2020,.2180165,.1798592,.2561738,.311272,.2358361,.3867079,,,
"USA",03apr2020,.1348062,.1012654,.1683471,.2984519,.2230159,.3738878,,,
"USA",04apr2020,.1140317,.0804908,.1475725,.2776773,.2022414,.3531132,,,
"USA",05apr2020,.0614447,.025245,.0976445,.239845,.1644091,.3152809,,,
"USA",06apr2020,.0876286,.0514289,.1238283,.2660289,.190593,.3414648,,,
"USA",18mar2020,.2774093,.2365142,.3183045,.3120224,.2365864,.3874583,,,
"USA",19mar2020,.2972576,.2563624,.3381527,.3318706,.2564347,.4073065,,,
"USA",20mar2020,.2844374,.2435423,.3253326,.3190504,.2436145,.3944863,,,
"USA",21mar2020,.2341535,.1966204,.2716867,.2982759,.2228399,.3737118,,,
"USA",22mar2020,.1963212,.1587881,.2338544,.2604436,.1850077,.3358795,,,
"USA",23mar2020,.2040956,.1613938,.2467974,.2311176,.140488,.3217472,,,
"USA",24mar2020,.2425148,.2016842,.2833455,.2979394,.2225035,.3733753,,,
"USA",25mar2020,.1453066,.113411,.1772022,.3120224,.2365864,.3874583,,,
"USA",26mar2020,.1651548,.1332593,.1970504,.3318706,.2564347,.4073065,,,
"USA",27mar2020,.1523347,.1204391,.1842302,.3190504,.2436145,.3944863,,,
"USA",28mar2020,.1315601,.0996645,.1634556,.2982759,.2228399,.3737118,,,
"USA",29mar2020,.0937278,.0618322,.1256234,.2604436,.1850077,.3358795,,,
"USA",30mar2020,.1186759,.0862273,.1511244,.2866274,.2111915,.3620633,,,
"USA",31mar2020,.1299878,.0975392,.1624364,.2979394,.2225035,.3733753,,,
"USA",01apr2020,.1440708,.1116222,.1765194,.3120224,.2365864,.3874583,,,
"USA",02apr2020,.163919,.1314704,.1963676,.3318706,.2564347,.4073065,,,
"USA",03apr2020,.1510988,.1186503,.1835474,.3190504,.2436145,.3944863,,,
"USA",04apr2020,.1303243,.0978757,.1627729,.2982759,.2228399,.3737118,,,
"USA",05apr2020,.092492,.0600434,.1249406,.2604436,.1850077,.3358795,,,
"USA",06apr2020,.1186759,.0862273,.1511244,.2866274,.2111915,.3620633,,,
"USA",19mar2020,.3887178,.3479021,.4295335,.4170129,.341577,.4924488,,,
"USA",20mar2020,.3758976,.335082,.4167133,.4041927,.3287568,.4796286,,,
"USA",21mar2020,.3551231,.3143074,.3959388,.3834181,.3079822,.458854,,,
"USA",22mar2020,.3172908,.2764751,.3581065,.3455859,.2701499,.4210218,,,
"USA",23mar2020,.3818482,.3470633,.4166331,.3717697,.2963338,.4472056,,,
"USA",24mar2020,.3931602,.3583753,.4279451,.3830816,.3076457,.4585176,,,
"USA",25mar2020,.1996724,.1203249,.2790199,.3971646,.3217287,.4726005,,,
"USA",26mar2020,.2195207,.1401732,.2988681,.4170129,.341577,.4924488,,,
"USA",27mar2020,.2067005,.127353,.286048,.4041927,.3287568,.4796286,,,
"USA",28mar2020,.1859259,.1065784,.2652734,.3834181,.3079822,.458854,,,
"USA",29mar2020,.1480936,.0687461,.2274411,.3455859,.2701499,.4210218,,,
"USA",30mar2020,.1742775,.09493,.253625,.3717697,.2963338,.4472056,,,
"USA",31mar2020,.1855894,.1062419,.2649369,.3830816,.3076457,.4585176,,,
"USA",01apr2020,.1996724,.1203249,.2790199,.3971646,.3217287,.4726005,,,
"USA",02apr2020,.2195207,.1401732,.2988681,.4170129,.341577,.4924488,,,
"USA",03apr2020,.2067005,.127353,.286048,.4041927,.3287568,.4796286,,,
"USA",04apr2020,.1859259,.1065784,.2652734,.3834181,.3079822,.458854,,,
"USA",05apr2020,.1480936,.0687461,.2274411,.3455859,.2701499,.4210218,,,
"USA",06apr2020,.1742775,.09493,.253625,.3717697,.2963338,.4472056,,,
"USA",10mar2020,.3523915,.2769555,.4278274,.3523915,.2769555,.4278274,,,
"USA",11mar2020,.3664744,.2910385,.4419103,.3664744,.2910385,.4419103,,,
"USA",12mar2020,.3068398,.2250993,.3885803,.3863227,.3108867,.4617586,,,
"USA",13mar2020,.2940196,.2122791,.3757601,.3735025,.2980666,.4489384,,,
"USA",14mar2020,.3477533,.3138963,.3816103,.3527279,.277292,.4281638,,,
"USA",15mar2020,.309921,.276064,.343778,.3148957,.2394597,.3903316,,,
"USA",16mar2020,.3077023,.2663639,.3490408,.3410795,.2656436,.4165154,,,
"USA",17mar2020,.3573878,.3238427,.3909329,.3523915,.2769555,.4278274,,,
"USA",18mar2020,.3714708,.3379257,.4050159,.3664744,.2910385,.4419103,,,
"USA",19mar2020,.3913191,.3577739,.4248642,.3863227,.3108867,.4617586,,,
"USA",20mar2020,.3463515,.2892514,.4034516,.3735025,.2980666,.4489384,,,
"USA",21mar2020,.1876814,.1201027,.2552601,.3527279,.277292,.4281638,,,
"USA",22mar2020,.1498491,.0822705,.2174278,.3148957,.2394597,.3903316,,,
"USA",23mar2020,.176033,.1084543,.2436117,.3410795,.2656436,.4165154,,,
"USA",24mar2020,.1873449,.1197663,.2549236,.3523915,.2769555,.4278274,,,
"USA",25mar2020,.2014279,.1338492,.2690066,.3664744,.2910385,.4419103,,,
"USA",26mar2020,.2212762,.1536975,.2888548,.3863227,.3108867,.4617586,,,
"USA",27mar2020,.208456,.1408773,.2760347,.3735025,.2980666,.4489384,,,
"USA",28mar2020,.1876814,.1201027,.2552601,.3527279,.277292,.4281638,,,
"USA",29mar2020,.1498491,.0822705,.2174278,.3148957,.2394597,.3903316,,,
"USA",30mar2020,.176033,.1084543,.2436117,.3410795,.2656436,.4165154,,,
"USA",31mar2020,.1873449,.1197663,.2549236,.3523915,.2769555,.4278274,,,
"USA",01apr2020,.2014279,.1338492,.2690066,.3664744,.2910385,.4419103,,,
"USA",02apr2020,.2212762,.1536975,.2888548,.3863227,.3108867,.4617586,,,
"USA",03apr2020,.1883897,.1156198,.2611595,.3735025,.2980666,.4489384,,,
"USA",04apr2020,.1676151,.0948452,.2403849,.3527279,.277292,.4281638,,,
"USA",05apr2020,.1297828,.057013,.2025526,.3148957,.2394597,.3903316,,,
"USA",06apr2020,.1559667,.0831968,.2287365,.3410795,.2656436,.4165154,,,
"USA",11mar2020,.3171217,.2416858,.3925576,.3171217,.2416858,.3925576,,,
"USA",12mar2020,.277715,.2051466,.3502834,.3369699,.261534,.4124058,,,
"USA",13mar2020,.2648948,.1923264,.3374633,.3241498,.2487139,.3995857,,,
"USA",14mar2020,.3186285,.2883014,.3489555,.3033752,.2279393,.3788111,,,
"USA",15mar2020,.2807962,.2504692,.3111233,.2655429,.190107,.3409789,,,
"USA",16mar2020,.2779332,.2421146,.3137517,.2917268,.2162909,.3671627,,,
"USA",17mar2020,.2892451,.2534265,.3250636,.3030387,.2276028,.3784746,,,
"USA",18mar2020,.3033281,.2675095,.3391466,.3171217,.2416858,.3925576,,,
"USA",19mar2020,.3423631,.3061758,.3785504,.3369699,.261534,.4124058,,,
"USA",20mar2020,.3295429,.2933557,.3657302,.3241498,.2487139,.3995857,,,
"USA",21mar2020,.3087683,.2725811,.3449556,.3033752,.2279393,.3788111,,,
"USA",22mar2020,.2709361,.2347488,.3071233,.2655429,.190107,.3409789,,,
"USA",23mar2020,.2778062,.2428772,.3127353,.2917268,.2162909,.3671627,,,
"USA",24mar2020,.1667282,.1299565,.2034998,.3030387,.2276028,.3784746,,,
"USA",25mar2020,.1808112,.1440395,.2175828,.3171217,.2416858,.3925576,,,
"USA",26mar2020,.2006594,.1638877,.237431,.3369699,.261534,.4124058,,,
"USA",27mar2020,.1878392,.1510676,.2246109,.3241498,.2487139,.3995857,,,
"USA",28mar2020,.1670646,.130293,.2038363,.3033752,.2279393,.3788111,,,
"USA",29mar2020,.1292324,.0924607,.166004,.2655429,.190107,.3409789,,,
"USA",30mar2020,.1554162,.1186446,.1921879,.2917268,.2162909,.3671627,,,
"USA",31mar2020,.1667282,.1299565,.2034998,.3030387,.2276028,.3784746,,,
"USA",01apr2020,.1808112,.1440395,.2175828,.3171217,.2416858,.3925576,,,
"USA",02apr2020,.2006594,.1638877,.237431,.3369699,.261534,.4124058,,,
"USA",03apr2020,.1878392,.1510676,.2246109,.3241498,.2487139,.3995857,,,
"USA",04apr2020,.1670646,.130293,.2038363,.3033752,.2279393,.3788111,,,
"USA",05apr2020,.1292324,.0924607,.166004,.2655429,.190107,.3409789,,,
"USA",06apr2020,.1237752,.0913266,.1562238,.2917268,.2162909,.3671627,,,
"USA",11mar2020,.2120161,.1365802,.287452,.2120161,.1365802,.287452,,,
"USA",12mar2020,.1779668,.1112831,.2446506,.2318643,.1564284,.3073002,,,
"USA",13mar2020,.1651467,.0984629,.2318304,.2190442,.1436083,.2944801,,,
"USA",14mar2020,.2188803,.1792331,.2585275,.1982696,.1228337,.2737055,,,
"USA",15mar2020,.1938362,.161809,.2258635,.1604373,.0850014,.2358732,,,
"USA",16mar2020,.2200201,.1879928,.2520474,.1866212,.1111853,.2620571,,,
"USA",17mar2020,.2125864,.1818829,.2432898,.1979331,.1224972,.273369,,,
"USA",18mar2020,.2266694,.1959659,.2573728,.2120161,.1365802,.287452,,,
"USA",19mar2020,.2465176,.2158142,.277221,.2318643,.1564284,.3073002,,,
"USA",20mar2020,6.54e-10,0,.056088,0,0,.0669631,,,
"USA",21mar2020,.2053506,.1758857,.2348154,.1982696,.1228337,.2737055,,,
"USA",22mar2020,.13007,.1017597,.1583802,.1604373,.0850014,.2358732,,,
"USA",23mar2020,.1562538,.1279436,.1845641,.1866212,.1111853,.2620571,,,
"USA",24mar2020,.1675657,.1392555,.195876,.1979331,.1224972,.273369,,,
"USA",25mar2020,.1434884,.1180487,.1689282,.2120161,.1365802,.287452,,,
"USA",26mar2020,.1633367,.1378969,.1887764,.2318643,.1564284,.3073002,,,
"USA",27mar2020,.1505165,.1250768,.1759562,.2190442,.1436083,.2944801,,,
"USA",28mar2020,.1297419,.1043022,.1551817,.1982696,.1228337,.2737055,,,
"USA",29mar2020,.0919097,.0664699,.1173494,.1604373,.0850014,.2358732,,,
"USA",30mar2020,.1180935,.0926538,.1435333,.1866212,.1111853,.2620571,,,
"USA",31mar2020,.1294054,.1039657,.1548452,.1979331,.1224972,.273369,,,
"USA",01apr2020,.1434884,.1180487,.1689282,.2120161,.1365802,.287452,,,
"USA",02apr2020,.1633367,.1378969,.1887764,.2318643,.1564284,.3073002,,,
"USA",03apr2020,.1505165,.1250768,.1759562,.2190442,.1436083,.2944801,,,
"USA",04apr2020,.1297419,.1043022,.1551817,.1982696,.1228337,.2737055,,,
"USA",05apr2020,.0919097,.0664699,.1173494,.1604373,.0850014,.2358732,,,
"USA",06apr2020,.0737625,.0341379,.113387,.1866212,.1111853,.2620571,,,
"USA",17mar2020,.2441399,.2165318,.2717479,.2393286,.1638927,.3147645,,,
"USA",18mar2020,.2774097,.2453998,.3094195,.2534116,.1779757,.3288475,,,
"USA",19mar2020,.2972579,.2652481,.3292677,.2732598,.1978239,.3486957,,,
"USA",20mar2020,.2844377,.2524279,.3164476,.2604397,.1850037,.3358756,,,
"USA",21mar2020,.2636632,.2316533,.295673,.2396651,.1642292,.315101,,,
"USA",22mar2020,.2258309,.1938211,.2578407,.2018328,.1263969,.2772687,,,
"USA",23mar2020,.2662083,.2213199,.3110968,.2280167,.1525808,.3034526,,,
"USA",24mar2020,.187477,.1513609,.2235932,.2229767,.1415296,.3044239,,,
"USA",25mar2020,.2179119,.1755724,.2602513,.2534116,.1779757,.3288475,,,
"USA",26mar2020,.2377601,.1954206,.2800996,.2732598,.1978239,.3486957,,,
"USA",27mar2020,.2249399,.1826005,.2672794,.2604397,.1850037,.3358756,,,
"USA",28mar2020,.2041654,.1618259,.2465048,.2396651,.1642292,.315101,,,
"USA",29mar2020,.1663331,.1239936,.2086726,.2018328,.1263969,.2772687,,,
"USA",30mar2020,.1221268,.0810053,.1632484,.2280167,.1525808,.3034526,,,
"USA",31mar2020,.1334388,.0923172,.1745603,.2393286,.1638927,.3147645,,,
"USA",01apr2020,.1475217,.1064002,.1886433,.2534116,.1779757,.3288475,,,
"USA",02apr2020,.16737,.1262484,.2084916,.2732598,.1978239,.3486957,,,
"USA",03apr2020,.1545498,.1134283,.1956714,.2604397,.1850037,.3358756,,,
"USA",04apr2020,.1337752,.0926537,.1748968,.2396651,.1642292,.315101,,,
"USA",05apr2020,.095943,.0548214,.1370645,.2018328,.1263969,.2772687,,,
"USA",06apr2020,.1221268,.0810053,.1632484,.2280167,.1525808,.3034526,,,
"USA",13mar2020,.3186955,.06103,.5763611,.345688,.2702521,.4211239,,,
"USA",14mar2020,.2979209,.0402554,.5555865,.3249134,.2494775,.4003493,,,
"USA",15mar2020,.2345033,0,.4747898,.2870812,.2116453,.3625171,,,
"USA",16mar2020,.2803151,.026045,.5345852,.313265,.2378291,.3887009,,,
"USA",17mar2020,.2605096,.0055878,.5154313,.3245769,.249141,.4000129,,,
"USA",18mar2020,.2745925,.0196707,.5295144,.3386599,.263224,.4140958,,,
"USA",19mar2020,.2944408,.039519,.5493626,.3585082,.2830723,.4339441,,,
"USA",22mar2020,.21121,0,.4648921,.2870812,.2116453,.3625171,,,
"USA",23mar2020,.2373939,0,.4910759,.313265,.2378291,.3887009,,,
"USA",24mar2020,.2299602,0,.4863448,.3245769,.249141,.4000129,,,
"USA",25mar2020,.2440432,0,.5004277,.3386599,.263224,.4140958,,,
"USA",26mar2020,.1816975,0,.4381968,.3585082,.2830723,.4339441,,,
"USA",27mar2020,.1676041,0,.4243024,.345688,.2702521,.4211239,,,
"USA",28mar2020,.1468295,0,.4035278,.3249134,.2494775,.4003493,,,
"USA",29mar2020,.1089973,0,.3656956,.2870812,.2116453,.3625171,,,
"USA",30mar2020,.1221416,0,.3782453,.313265,.2378291,.3887009,,,
"USA",31mar2020,.1334535,0,.3895572,.3245769,.249141,.4000129,,,
"USA",01apr2020,.1475365,0,.4036402,.3386599,.263224,.4140958,,,
"USA",02apr2020,.1673847,0,.4234884,.3585082,.2830723,.4339441,,,
"USA",03apr2020,.1545646,0,.4106683,.345688,.2702521,.4211239,,,
"USA",04apr2020,.13379,0,.3898937,.3249134,.2494775,.4003493,,,
"USA",05apr2020,.0959577,0,.3520614,.2870812,.2116453,.3625171,,,
"USA",06apr2020,.1221416,0,.3782453,.313265,.2378291,.3887009,,,
"USA",12mar2020,.3702685,.3035848,.4369523,.424166,.3487301,.4996019,,,
"USA",13mar2020,.340562,.2650695,.4160546,.4113458,.3359099,.4867818,,,
"USA",14mar2020,.3942956,.3616085,.4269827,.3905713,.3151354,.4660072,,,
"USA",15mar2020,.3564634,.3237762,.3891505,.352739,.2773031,.4281749,,,
"USA",16mar2020,.4210208,.3852726,.456769,.3789228,.3034869,.4543588,,,
"USA",17mar2020,.3275135,.2989808,.3560462,.3902348,.3147989,.4656707,,,
"USA",18mar2020,.3415965,.3130638,.3701292,.4043178,.3288819,.4797537,,,
"USA",19mar2020,.3614447,.332912,.3899774,.424166,.3487301,.4996019,,,
"USA",20mar2020,.3486246,.3200919,.3771572,.4113458,.3359099,.4867818,,,
"USA",21mar2020,.32785,.2993173,.3563826,.3905713,.3151354,.4660072,,,
"USA",22mar2020,.2447288,.2042498,.2852079,.352739,.2773031,.4281749,,,
"USA",23mar2020,.2005226,.1643229,.2367223,.3789228,.3034869,.4543588,,,
"USA",24mar2020,.2118345,.1756348,.2480342,.3902348,.3147989,.4656707,,,
"USA",25mar2020,.2259175,.1897178,.2621172,.4043178,.3288819,.4797537,,,
"USA",26mar2020,.2457657,.209566,.2819655,.424166,.3487301,.4996019,,,
"USA",27mar2020,.2329456,.1967459,.2691453,.4113458,.3359099,.4867818,,,
"USA",28mar2020,.212171,.1759713,.2483707,.3905713,.3151354,.4660072,,,
"USA",29mar2020,.1743387,.138139,.2105385,.352739,.2773031,.4281749,,,
"USA",30mar2020,.2005226,.1643229,.2367223,.3789228,.3034869,.4543588,,,
"USA",31mar2020,.2118345,.1756348,.2480342,.3902348,.3147989,.4656707,,,
"USA",01apr2020,.2259175,.1897178,.2621172,.4043178,.3288819,.4797537,,,
"USA",02apr2020,.2457657,.209566,.2819655,.424166,.3487301,.4996019,,,
"USA",03apr2020,.2329456,.1967459,.2691453,.4113458,.3359099,.4867818,,,
"USA",04apr2020,.212171,.1759713,.2483707,.3905713,.3151354,.4660072,,,
"USA",05apr2020,.1743387,.138139,.2105385,.352739,.2773031,.4281749,,,
"USA",06apr2020,.2005226,.1643229,.2367223,.3789228,.3034869,.4543588,,,
"USA",17mar2020,.276488,.242631,.310345,.2814627,.2060268,.3568986,,,
"USA",18mar2020,.2347107,.1851349,.2842864,.2955457,.2201097,.3709816,,,
"USA",19mar2020,.2545589,.2049831,.3041347,.3153939,.239958,.3908298,,,
"USA",20mar2020,.2417387,.192163,.2913145,.3025737,.2271378,.3780096,,,
"USA",21mar2020,.2209642,.1713884,.2705399,.2817992,.2063632,.3572351,,,
"USA",22mar2020,.1831319,.1335561,.2327076,.2439669,.168531,.3194028,,,
"USA",23mar2020,.2093157,.15974,.2588915,.2701508,.1947148,.3455867,,,
"USA",24mar2020,.1627158,.1035677,.221864,.2814627,.2060268,.3568986,,,
"USA",25mar2020,.1767988,.1176506,.235947,.2955457,.2201097,.3709816,,,
"USA",26mar2020,.196647,.1374989,.2557952,.3153939,.239958,.3908298,,,
"USA",27mar2020,.1838269,.1246787,.2429751,.3025737,.2271378,.3780096,,,
"USA",28mar2020,.1630523,.1039041,.2222005,.2817992,.2063632,.3572351,,,
"USA",29mar2020,.12522,.0660719,.1843682,.2439669,.168531,.3194028,,,
"USA",30mar2020,.1514039,.0922557,.2105521,.2701508,.1947148,.3455867,,,
"USA",31mar2020,.0923257,.0399742,.1446773,.2814627,.2060268,.3568986,,,
"USA",01apr2020,.1064087,.0540572,.1587602,.2955457,.2201097,.3709816,,,
"USA",02apr2020,.1262569,.0739054,.1786085,.3153939,.239958,.3908298,,,
"USA",03apr2020,.1115643,.0592286,.1639001,.3025737,.2271378,.3780096,,,
"USA",04apr2020,.0907898,.038454,.1431255,.2817992,.2063632,.3572351,,,
"USA",05apr2020,.0529575,.0006217,.1052933,.2439669,.168531,.3194028,,,
"USA",06apr2020,.0791413,.0268056,.1314771,.2701508,.1947148,.3455867,,,
"USA",12mar2020,.2654792,.1864408,.3445176,.3199378,.2445019,.3953737,,,
"USA",13mar2020,.2526591,.1736206,.3316975,.3071176,.2316817,.3825535,,,
"USA",14mar2020,.3028352,.2496841,.3559863,.2863431,.2109071,.361779,,,
"USA",15mar2020,.2394176,.1914252,.2874099,.2485108,.1730749,.3239467,,,
"USA",16mar2020,.2852294,.2470446,.3234141,.2746947,.1992587,.3501306,,,
"USA",17mar2020,.2965413,.2583565,.334726,.2860066,.2105707,.3614425,,,
"USA",18mar2020,.3106243,.2724395,.348809,.3000896,.2246536,.3755255,,,
"USA",19mar2020,.3080286,.2275115,.3885458,.3199378,.2445019,.3953737,,,
"USA",20mar2020,.2914636,.2173475,.3655797,.3071176,.2316817,.3825535,,,
"USA",21mar2020,.270689,.1965729,.3448051,.2863431,.2109071,.361779,,,
"USA",22mar2020,.2328568,.1587406,.3069729,.2485108,.1730749,.3239467,,,
"USA",23mar2020,.2141415,.1381283,.2901548,.2746947,.1992587,.3501306,,,
"USA",24mar2020,.2254535,.1494402,.3014667,.2860066,.2105707,.3614425,,,
"USA",25mar2020,.2395364,.1635232,.3155497,.3000896,.2246536,.3755255,,,
"USA",26mar2020,.2593847,.1833714,.3353979,.3199378,.2445019,.3953737,,,
"USA",27mar2020,.2465645,.1705513,.3225777,.3071176,.2316817,.3825535,,,
"USA",28mar2020,.2230323,.1439811,.3020834,.2835854,.1809867,.3861841,,,
"USA",29mar2020,.1879577,.1119444,.2639709,.2485108,.1730749,.3239467,,,
"USA",30mar2020,.1437514,.0676464,.2198565,.2746947,.1992587,.3501306,,,
"USA",31mar2020,.1550633,.0789583,.2311684,.2860066,.2105707,.3614425,,,
"USA",01apr2020,.1691463,.0930413,.2452514,.3000896,.2246536,.3755255,,,
"USA",02apr2020,.1889946,.1128895,.2650996,.3199378,.2445019,.3953737,,,
"USA",03apr2020,.1761744,.1000694,.2522795,.3071176,.2316817,.3825535,,,
"USA",04apr2020,.1553998,.0792948,.2315049,.2863431,.2109071,.361779,,,
"USA",05apr2020,.076861,0,.1666726,.2485108,.1730749,.3239467,,,
"USA",06apr2020,.1030449,.0132333,.1928565,.2746947,.1992587,.3501306,,,
"USA",09mar2020,.2933796,.2179437,.3688155,.2933796,.2179437,.3688155,,,
"USA",10mar2020,.2852154,.2095686,.3608621,.3046915,.2292556,.3801274,,,
"USA",11mar2020,.2974259,.2183854,.3764665,.3187745,.2433386,.3942104,,,
"USA",12mar2020,.2433103,.1854889,.3011317,.3386227,.2631868,.4140587,,,
"USA",13mar2020,.2136038,.1439027,.2833049,.3258026,.2503667,.4012385,,,
"USA",14mar2020,.2673374,.2295977,.3050772,.305028,.2295921,.3804639,,,
"USA",15mar2020,.1933614,.1518788,.2348441,.2671958,.1917598,.3426317,,,
"USA",16mar2020,.2195453,.1780627,.2610279,.2933796,.2179437,.3688155,,,
"USA",17mar2020,.2692308,.2437326,.294729,.3046915,.2292556,.3801274,,,
"USA",18mar2020,.2833138,.2578156,.308812,.3187745,.2433386,.3942104,,,
"USA",19mar2020,.303162,.2776639,.3286602,.3386227,.2631868,.4140587,,,
"USA",20mar2020,.2903419,.2648437,.31584,.3258026,.2503667,.4012385,,,
"USA",21mar2020,.2695673,.2440691,.2950655,.305028,.2295921,.3804639,,,
"USA",22mar2020,.231735,.2062369,.2572332,.2671958,.1917598,.3426317,,,
"USA",23mar2020,.2217188,.1905452,.2528925,.2933796,.2179437,.3688155,,,
"USA",24mar2020,.1978357,.1690417,.2266296,.3046915,.2292556,.3801274,,,
"USA",25mar2020,.2119187,.1831247,.2407126,.3187745,.2433386,.3942104,,,
"USA",26mar2020,.2317669,.202973,.2605609,.3386227,.2631868,.4140587,,,
"USA",27mar2020,.2170743,.1851427,.2490059,.3258026,.2503667,.4012385,,,
"USA",28mar2020,.1962997,.1643681,.2282313,.305028,.2295921,.3804639,,,
"USA",29mar2020,.1584675,.1265359,.1903991,.2671958,.1917598,.3426317,,,
"USA",30mar2020,.1846513,.1527197,.2165829,.2933796,.2179437,.3688155,,,
"USA",31mar2020,.1772176,.1440875,.2103477,.3046915,.2292556,.3801274,,,
"USA",01apr2020,.1913006,.1581705,.2244307,.3187745,.2433386,.3942104,,,
"USA",02apr2020,.1916727,.1570285,.2263169,.3386227,.2631868,.4140587,,,
"USA",03apr2020,.1788525,.1442083,.2134967,.3258026,.2503667,.4012385,,,
"USA",04apr2020,.1580779,.1234337,.1927221,.305028,.2295921,.3804639,,,
"USA",05apr2020,.1202457,.0856015,.1548898,.2671958,.1917598,.3426317,,,
"USA",06apr2020,.1464295,.1117853,.1810737,.2933796,.2179437,.3688155,,,
"USA",13mar2020,.3570231,.2752827,.4387636,.436506,.3610701,.5119419,,,
"USA",14mar2020,.4107568,.3768997,.4446138,.4157314,.3402955,.4911673,,,
"USA",17mar2020,.4300482,.3993448,.4607516,.4153949,.339959,.4908308,,,
"USA",18mar2020,.4441312,.4134278,.4748346,.4294779,.354042,.5049139,,,
"USA",19mar2020,.4639794,.433276,.4946828,.4493262,.3738903,.5247621,,,
"USA",20mar2020,.4511592,.4204558,.4818627,.436506,.3610701,.5119419,,,
"USA",21mar2020,.411071,.3728467,.4492953,.4157314,.3402955,.4911673,,,
"USA",22mar2020,.3732387,.3350144,.411463,.3778991,.3024632,.4533351,,,
"USA",23mar2020,.3806769,.330175,.4311788,.404083,.3286471,.4795189,,,
"USA",24mar2020,.2627591,.2275318,.2979865,.4153949,.339959,.4908308,,,
"USA",25mar2020,.2768421,.2416148,.3120694,.4294779,.354042,.5049139,,,
"USA",26mar2020,.2966903,.261463,.3319177,.4493262,.3738903,.5247621,,,
"USA",27mar2020,.2838702,.2486428,.3190975,.436506,.3610701,.5119419,,,
"USA",28mar2020,.2630956,.2278683,.2983229,.4157314,.3402955,.4911673,,,
"USA",29mar2020,.2252633,.190036,.2604907,.3778991,.3024632,.4533351,,,
"USA",30mar2020,.2219379,.1863405,.2575352,.404083,.3286471,.4795189,,,
"USA",31mar2020,.2332498,.1976524,.2688472,.4153949,.339959,.4908308,,,
"USA",01apr2020,.2473328,.2117354,.2829302,.4294779,.354042,.5049139,,,
"USA",02apr2020,.267181,.2315836,.3027784,.4493262,.3738903,.5247621,,,
"USA",03apr2020,.1469564,.0983931,.1955197,.436506,.3610701,.5119419,,,
"USA",04apr2020,.1261818,.0776185,.1747451,.4157314,.3402955,.4911673,,,
"USA",05apr2020,.0883495,.0397862,.1369128,.3778991,.3024632,.4533351,,,
"USA",06apr2020,.1145334,.0659701,.1630967,.404083,.3286471,.4795189,,,
"USA",13mar2020,.2098299,.1507288,.2689309,.2674722,.1920363,.3429081,,,
"USA",14mar2020,.2635635,.2132421,.3138849,.2466977,.1712618,.3221336,,,
"USA",15mar2020,.2001458,.160783,.2395087,.2088654,.1334295,.2843013,,,
"USA",16mar2020,.2263297,.1869669,.2656925,.2350493,.1596133,.3104852,,,
"USA",17mar2020,.2376416,.1982788,.2770045,.2463612,.1709253,.3217971,,,
"USA",18mar2020,.2605889,.2205303,.3006474,.2604442,.1850083,.3358801,,,
"USA",19mar2020,.2804371,.2403786,.3204956,.2802924,.2048565,.3557283,,,
"USA",20mar2020,.267617,.2275584,.3076755,.2674722,.1920363,.3429081,,,
"USA",21mar2020,.2468424,.2067838,.2869009,.2466977,.1712618,.3221336,,,
"USA",22mar2020,.2090101,.1689516,.2490686,.2088654,.1334295,.2843013,,,
"USA",23mar2020,.2056846,.159697,.2516722,.2350493,.1596133,.3104852,,,
"USA",24mar2020,.2169965,.1710089,.2629842,.2463612,.1709253,.3217971,,,
"USA",25mar2020,.1322869,.0905862,.1739876,.2604442,.1850083,.3358801,,,
"USA",26mar2020,.1521351,.1104344,.1938359,.2802924,.2048565,.3557283,,,
"USA",27mar2020,.139315,.0976143,.1810157,.2674722,.1920363,.3429081,,,
"USA",28mar2020,.1185404,.0768397,.1602411,.2466977,.1712618,.3221336,,,
"USA",29mar2020,.0807081,.0390074,.1224088,.2088654,.1334295,.2843013,,,
"USA",30mar2020,.106892,.0651913,.1485927,.2350493,.1596133,.3104852,,,
"USA",31mar2020,.1182039,.0765032,.1599046,.2463612,.1709253,.3217971,,,
"USA",01apr2020,.1322869,.0905862,.1739876,.2604442,.1850083,.3358801,,,
"USA",02apr2020,.1521351,.1104344,.1938359,.2802924,.2048565,.3557283,,,
"USA",03apr2020,.139315,.0976143,.1810157,.2674722,.1920363,.3429081,,,
"USA",04apr2020,.1185404,.0768397,.1602411,.2466977,.1712618,.3221336,,,
"USA",05apr2020,.0807081,.0390074,.1224088,.2088654,.1334295,.2843013,,,
"USA",06apr2020,.106892,.0651913,.1485927,.2350493,.1596133,.3104852,,,
"USA",15mar2020,.2674899,.2336329,.301347,.2724646,.1970287,.3479005,,,
"USA",16mar2020,.3270542,.2850289,.3690795,.2986485,.2232126,.3740844,,,
"USA",17mar2020,.3383661,.2963408,.3803914,.3099604,.2345245,.3853963,,,
"USA",18mar2020,.3524491,.3104238,.3944744,.3240434,.2486075,.3994793,,,
"USA",19mar2020,.3722973,.330272,.4143226,.3438916,.2684557,.4193275,,,
"USA",20mar2020,.378664,.3316482,.4256797,.3310715,.2556356,.4065074,,,
"USA",21mar2020,.3578894,.3108736,.4049051,.3102969,.234861,.3857328,,,
"USA",22mar2020,.3200571,.2730414,.3670729,.2724646,.1970287,.3479005,,,
"USA",23mar2020,.346241,.2992252,.3932567,.2986485,.2232126,.3740844,,,
"USA",24mar2020,.1910627,.1352376,.2468878,.3099604,.2345245,.3853963,,,
"USA",25mar2020,.2051457,.1493206,.2609708,.3240434,.2486075,.3994793,,,
"USA",26mar2020,.2249939,.1691688,.280819,.3438916,.2684557,.4193275,,,
"USA",27mar2020,.2121738,.1563487,.2679989,.3310715,.2556356,.4065074,,,
"USA",28mar2020,.1913992,.1355741,.2472243,.3102969,.234861,.3857328,,,
"USA",29mar2020,.1535669,.0977418,.209392,.2724646,.1970287,.3479005,,,
"USA",30mar2020,.1797508,.1239257,.2355759,.2986485,.2232126,.3740844,,,
"USA",31mar2020,.1892011,.1335696,.2448327,.3099604,.2345245,.3853963,,,
"USA",01apr2020,.2032841,.1476526,.2589157,.3240434,.2486075,.3994793,,,
"USA",02apr2020,.2231323,.1675008,.2787639,.3438916,.2684557,.4193275,,,
"USA",03apr2020,.074215,.0249868,.1234431,.3310715,.2556356,.4065074,,,
"USA",04apr2020,.0534404,.0042122,.1026686,.3102969,.234861,.3857328,,,
"USA",05apr2020,.0156081,0,.0648363,.2724646,.1970287,.3479005,,,
"USA",06apr2020,.041792,0,.0910202,.2986485,.2232126,.3740844,,,
"USA",19mar2020,.2954952,.234951,.3560393,.3658871,.2904512,.441323,,,
"USA",20mar2020,.282675,.2221309,.3432191,.3530669,.277631,.4285028,,,
"USA",21mar2020,.2619004,.2013563,.3224445,.3322923,.2568564,.4077282,,,
"USA",22mar2020,.2240681,.163524,.2846122,.2944601,.2190242,.369896,,,
"USA",23mar2020,.2284516,.1764441,.2804591,.3206439,.245208,.3960798,,,
"USA",24mar2020,.2558259,.2105212,.3011307,.3319559,.2565199,.4073918,,,
"USA",25mar2020,.2699089,.2246042,.3152137,.3460388,.2706029,.4214748,,,
"USA",26mar2020,.2897572,.2444524,.3350619,.3658871,.2904512,.441323,,,
"USA",27mar2020,.276937,.2316322,.3222418,.3530669,.277631,.4285028,,,
"USA",28mar2020,.2528765,.1779196,.3278334,.3295346,.226936,.4321333,,,
"USA",29mar2020,.2178019,.1725135,.2630903,.2944601,.2190242,.369896,,,
"USA",30mar2020,.2405604,.1957715,.2853492,.3206439,.245208,.3960798,,,
"USA",31mar2020,.2518723,.2070834,.2966612,.3319559,.2565199,.4073918,,,
"USA",01apr2020,.2659553,.2211664,.3107442,.3460388,.2706029,.4214748,,,
"USA",02apr2020,.2858035,.2410146,.3305924,.3658871,.2904512,.441323,,,
"USA",03apr2020,.2728736,.2281383,.3176089,.3530669,.277631,.4285028,,,
"USA",04apr2020,.252099,.2073637,.2968343,.3322923,.2568564,.4077282,,,
"USA",05apr2020,.2142668,.1695314,.2590021,.2944601,.2190242,.369896,,,
"USA",06apr2020,.1793185,.1303108,.2283262,.3206439,.245208,.3960798,,,
"USA",19mar2020,.3166813,.2719491,.3614136,.3383771,.2629412,.413813,,,
"USA",20mar2020,.2754586,.2427244,.3081929,.325557,.250121,.4009929,,,
"USA",21mar2020,.2546841,.2219498,.2874184,.3047824,.2293465,.3802183,,,
"USA",22mar2020,.2168518,.1841175,.2495861,.2669501,.1915142,.342386,,,
"USA",23mar2020,.2430357,.2103014,.2757699,.293134,.2176981,.3685699,,,
"USA",24mar2020,.2248382,.18313,.2665465,.3044459,.22901,.3798818,,,
"USA",25mar2020,.2389212,.197213,.2806295,.3185289,.243093,.3939648,,,
"USA",26mar2020,.1599768,.1237771,.1961766,.3383771,.2629412,.413813,,,
"USA",27mar2020,.1471567,.110957,.1833564,.325557,.250121,.4009929,,,
"USA",28mar2020,.1263821,.0901824,.1625818,.3047824,.2293465,.3802183,,,
"USA",29mar2020,.0885498,.0523501,.1247496,.2669501,.1915142,.342386,,,
"USA",30mar2020,.1109888,.0753914,.1465862,.293134,.2176981,.3685699,,,
"USA",31mar2020,.1223007,.0867033,.1578981,.3044459,.22901,.3798818,,,
"USA",01apr2020,.1363837,.1007863,.1719811,.3185289,.243093,.3939648,,,
"USA",02apr2020,.156232,.1206346,.1918294,.3383771,.2629412,.413813,,,
"USA",03apr2020,.1434118,.1078144,.1790092,.325557,.250121,.4009929,,,
"USA",04apr2020,.1226372,.0870398,.1582346,.3047824,.2293465,.3802183,,,
"USA",05apr2020,.0848049,.0492075,.1204024,.2669501,.1915142,.342386,,,
"USA",06apr2020,.1109888,.0753914,.1465862,.293134,.2176981,.3685699,,,
"USA",12mar2020,.1513995,.0847157,.2180832,.205297,.1298611,.2807329,,,
"USA",13mar2020,.1385793,.0718956,.205263,.1924768,.1170409,.2679127,,,
"USA",14mar2020,.1923129,.1526657,.2319601,.1717022,.0962663,.2471381,,,
"USA",15mar2020,.1288953,.0950383,.1627523,.13387,.058434,.2093059,,,
"USA",16mar2020,.1742682,.1384975,.2100388,.1600538,.0846179,.2354897,,,
"USA",17mar2020,.1855801,.1498094,.2213508,.1713657,.0959298,.2468016,,,
"USA",18mar2020,.1877135,.1540214,.2214056,.1854487,.1100128,.2608846,,,
"USA",19mar2020,.2075617,.1738696,.2412538,.205297,.1298611,.2807329,,,
"USA",20mar2020,.1947415,.1610494,.2284337,.1924768,.1170409,.2679127,,,
"USA",21mar2020,.173967,.1402748,.2076591,.1717022,.0962663,.2471381,,,
"USA",22mar2020,.1361347,.1024426,.1698268,.13387,.058434,.2093059,,,
"USA",23mar2020,.1623186,.1286264,.1960107,.1600538,.0846179,.2354897,,,
"USA",24mar2020,.1736305,.1399384,.2073226,.1713657,.0959298,.2468016,,,
"USA",25mar2020,.1753373,.1435063,.2071682,.1854487,.1100128,.2608846,,,
"USA",26mar2020,.1951855,.1633545,.2270164,.205297,.1298611,.2807329,,,
"USA",27mar2020,.1823653,.1505344,.2141963,.1924768,.1170409,.2679127,,,
"USA",28mar2020,.1553494,.1243191,.1863796,.1717022,.0962663,.2471381,,,
"USA",29mar2020,.1135758,.0830035,.1441481,.13387,.058434,.2093059,,,
"USA",30mar2020,.0921855,.0592146,.1251565,.1600538,.0846179,.2354897,,,
"USA",31mar2020,.0925823,.0610942,.1240705,.1713657,.0959298,.2468016,,,
"USA",01apr2020,.0906711,.056932,.1244102,.1854487,.1100128,.2608846,,,
"USA",02apr2020,.1105194,.0767803,.1442585,.205297,.1298611,.2807329,,,
"USA",03apr2020,.0976992,.0639601,.1314383,.1924768,.1170409,.2679127,,,
"USA",04apr2020,.0769246,.0431855,.1106637,.1717022,.0962663,.2471381,,,
"USA",05apr2020,.0390924,.0053533,.0728315,.13387,.058434,.2093059,,,
"USA",06apr2020,.0652762,.0315371,.0990153,.1600538,.0846179,.2354897,,,
"USA",13mar2020,.327461,.2607773,.3941448,.3813585,.3059226,.4567945,,,
"USA",14mar2020,.3811947,.3415475,.4208418,.360584,.2851481,.4360199,,,
"USA",15mar2020,.317777,.28392,.351634,.3227517,.2473158,.3981876,,,
"USA",16mar2020,.3823345,.3503072,.4143617,.3489355,.2734996,.4243715,,,
"USA",17mar2020,.208064,0,.4626973,.3602475,.2848116,.4356834,,,
"USA",18mar2020,.222147,0,.4767803,.3743305,.2988946,.4497664,,,
"USA",19mar2020,.3279517,.0744725,.581431,.4801352,.3821201,.5781504,,,
"USA",20mar2020,.229175,0,.4838083,.3813585,.3059226,.4567945,,,
"USA",21mar2020,.2084005,0,.4630338,.360584,.2851481,.4360199,,,
"USA",22mar2020,.1705682,0,.4252015,.3227517,.2473158,.3981876,,,
"USA",23mar2020,.1967521,0,.4513853,.3489355,.2734996,.4243715,,,
"USA",24mar2020,.1824786,0,.4211962,.3602475,.2848116,.4356834,,,
"USA",25mar2020,.1965616,0,.4352792,.3743305,.2988946,.4497664,,,
"USA",28mar2020,.1828151,0,.4215327,.360584,.2851481,.4360199,,,
"USA",29mar2020,.1449828,0,.3837004,.3227517,.2473158,.3981876,,,
"USA",30mar2020,.1711667,0,.4098843,.3489355,.2734996,.4243715,,,
"USA",31mar2020,.1824786,0,.4211962,.3602475,.2848116,.4356834,,,
"USA",01apr2020,.1613666,0,.4008615,.3743305,.2988946,.4497664,,,
"USA",02apr2020,.1812148,0,.4207098,.3941787,.3187428,.4696146,,,
"USA",03apr2020,.1683946,0,.4078896,.3813585,.3059226,.4567945,,,
"USA",04apr2020,.14762,0,.387115,.360584,.2851481,.4360199,,,
"USA",05apr2020,.1097878,0,.3492828,.3227517,.2473158,.3981876,,,
"USA",06apr2020,.1359716,0,.3754666,.3489355,.2734996,.4243715,,,
"USA",16mar2020,.2448742,.2141708,.2755776,.2302209,.154785,.3056569,,,
"USA",17mar2020,.2561861,.2254827,.2868895,.2415329,.166097,.3169688,,,
"USA",18mar2020,.2314792,.2022035,.260755,.2556159,.18018,.3310518,,,
"USA",19mar2020,.2513275,.2220518,.2806032,.2754641,.2000282,.3509,,,
"USA",20mar2020,.2385073,.2092316,.267783,.2626439,.187208,.3380798,,,
"USA",21mar2020,.2177327,.188457,.2470085,.2418694,.1664335,.3173053,,,
"USA",22mar2020,.1799005,.1506247,.2091762,.2040371,.1286012,.279473,,,
"USA",23mar2020,.186018,.1617514,.2102846,.2302209,.154785,.3056569,,,
"USA",24mar2020,.1717445,.1379814,.2055077,.2415329,.166097,.3169688,,,
"USA",25mar2020,.1858275,.1520644,.2195906,.2556159,.18018,.3310518,,,
"USA",26mar2020,.1869301,.1490012,.224859,.2754641,.2000282,.3509,,,
"USA",27mar2020,.1741099,.1361811,.2120388,.2626439,.187208,.3380798,,,
"USA",28mar2020,.1533354,.1154065,.1912642,.2418694,.1664335,.3173053,,,
"USA",29mar2020,.1155031,.0775742,.153432,.2040371,.1286012,.279473,,,
"USA",30mar2020,.1416869,.1037581,.1796158,.2302209,.154785,.3056569,,,
"USA",31mar2020,.1529989,.11507,.1909277,.2415329,.166097,.3169688,,,
"USA",01apr2020,.1670819,.129153,.2050107,.2556159,.18018,.3310518,,,
"USA",02apr2020,.1869301,.1490012,.224859,.2754641,.2000282,.3509,,,
"USA",03apr2020,.1741099,.1361811,.2120388,.2626439,.187208,.3380798,,,
"USA",04apr2020,.1533354,.1154065,.1912642,.2418694,.1664335,.3173053,,,
"USA",05apr2020,.1155031,.0775742,.153432,.2040371,.1286012,.279473,,,
"USA",06apr2020,.1222108,.0817318,.1626898,.2302209,.154785,.3056569,,,
"USA",10mar2020,.3798296,.2951404,.4645188,.3835745,.3081386,.4590104,,,
"USA",11mar2020,.3939126,.3092234,.4786018,.3976575,.3222216,.4730934,,,
"USA",12mar2020,.342977,.2768137,.4091403,.4175057,.3420698,.4929416,,,
"USA",13mar2020,.3301568,.2639936,.3963201,.4046856,.3292497,.4801215,,,
"USA",14mar2020,.3838905,.3431346,.4246463,.383911,.308475,.4593469,,,
"USA",15mar2020,.3460582,.3053024,.386814,.3460787,.2706428,.4215146,,,
"USA",16mar2020,.3406427,.2999206,.3813649,.3722626,.2968267,.4476985,,,
"USA",17mar2020,.3324785,.2923795,.3725775,.3835745,.3081386,.4590104,,,
"USA",18mar2020,.3707338,.3386129,.4028547,.3976575,.3222216,.4730934,,,
"USA",19mar2020,.3763808,.3404624,.4122992,.4175057,.3420698,.4929416,,,
"USA",20mar2020,.3635606,.3276422,.399479,.4046856,.3292497,.4801215,,,
"USA",21mar2020,.2555019,.2210872,.2899167,.383911,.308475,.4593469,,,
"USA",22mar2020,.2176696,.1832549,.2520844,.3460787,.2706428,.4215146,,,
"USA",23mar2020,.2237871,.1930749,.2544993,.3722626,.2968267,.4476985,,,
"USA",24mar2020,.2187472,.1836892,.2538053,.3672226,.2857755,.4486698,,,
"USA",25mar2020,.2491821,.2184699,.2798943,.3976575,.3222216,.4730934,,,
"USA",26mar2020,.2690303,.2383181,.2997425,.4175057,.3420698,.4929416,,,
"USA",27mar2020,.2562101,.2254979,.2869223,.4046856,.3292497,.4801215,,,
"USA",28mar2020,.2354356,.2047234,.2661478,.383911,.308475,.4593469,,,
"USA",29mar2020,.1976033,.1668911,.2283155,.3460787,.2706428,.4215146,,,
"USA",30mar2020,.2237871,.1930749,.2544993,.3722626,.2968267,.4476985,,,
"USA",31mar2020,.2350991,.2043869,.2658113,.3835745,.3081386,.4590104,,,
"USA",01apr2020,.2491821,.2184699,.2798943,.3976575,.3222216,.4730934,,,
"USA",02apr2020,.2690303,.2383181,.2997425,.4175057,.3420698,.4929416,,,
"USA",03apr2020,.2562101,.2254979,.2869223,.4046856,.3292497,.4801215,,,
"USA",04apr2020,.2159594,.1835108,.248408,.383911,.308475,.4593469,,,
"USA",05apr2020,.1781271,.1456785,.2105757,.3460787,.2706428,.4215146,,,
"USA",06apr2020,.204311,.1718624,.2367596,.3722626,.2968267,.4476985,,,
"USA",14mar2020,.2750636,.2316376,.3184895,.2563253,.1808894,.3317612,,,
"USA",15mar2020,.2120896,.1780299,.2461493,.218493,.1430571,.293929,,,
"USA",16mar2020,.276647,.2384339,.3148601,.2446769,.169241,.3201128,,,
"USA",17mar2020,.287959,.2497459,.3261721,.2559888,.1805529,.3314247,,,
"USA",18mar2020,.2658983,.2407852,.2910113,.2700718,.1946359,.3455077,,,
"USA",19mar2020,.2739427,.2510704,.296815,.28992,.2144841,.3653559,,,
"USA",20mar2020,.2611226,.2382503,.2839949,.2770999,.201664,.3525358,,,
"USA",21mar2020,.240348,.2174757,.2632203,.2563253,.1808894,.3317612,,,
"USA",22mar2020,.2025157,.1796434,.225388,.218493,.1430571,.293929,,,
"USA",23mar2020,.2118133,.1815357,.2420908,.2446769,.169241,.3201128,,,
"USA",24mar2020,.1440665,.1091025,.1790306,.2559888,.1805529,.3314247,,,
"USA",25mar2020,.1463458,.1111041,.1815875,.2700718,.1946359,.3455077,,,
"USA",26mar2020,.166194,.1309524,.2014357,.28992,.2144841,.3653559,,,
"USA",27mar2020,.1396977,.1018066,.1775888,.2770999,.201664,.3525358,,,
"USA",28mar2020,.1189231,.081032,.1568142,.2563253,.1808894,.3317612,,,
"USA",29mar2020,.0810908,.0431997,.118982,.218493,.1430571,.293929,,,
"USA",30mar2020,.1072747,.0693836,.1451658,.2446769,.169241,.3201128,,,
"USA",31mar2020,.1185866,.0806955,.1564777,.2559888,.1805529,.3314247,,,
"USA",01apr2020,.1326696,.0947785,.1705607,.2700718,.1946359,.3455077,,,
"USA",02apr2020,.1525179,.1146267,.190409,.28992,.2144841,.3653559,,,
"USA",03apr2020,.1396977,.1018066,.1775888,.2770999,.201664,.3525358,,,
"USA",04apr2020,.1189231,.081032,.1568142,.2563253,.1808894,.3317612,,,
"USA",05apr2020,.0810908,.0431997,.118982,.218493,.1430571,.293929,,,
"USA",06apr2020,.0767253,.0442767,.1091739,.2446769,.169241,.3201128,,,
"USA",05mar2020,.4330962,.3443088,.5218837,.4640832,.3886473,.5395191,,,
"USA",06mar2020,.4202761,.3314887,.5090635,.451263,.3758271,.5266989,,,
"USA",07mar2020,.3995015,.3107141,.4882889,.4304885,.3550526,.5059243,,,
"USA",08mar2020,.3616692,.2728818,.4504566,.3926562,.3172203,.4680921,,,
"USA",09mar2020,.3878531,.2990657,.4766405,.4188401,.3434041,.494276,,,
"USA",10mar2020,.399165,.3103776,.4879524,.430152,.3547161,.5055879,,,
"USA",11mar2020,.4385808,.3361399,.5410217,.444235,.3687991,.5196709,,,
"USA",12mar2020,.3789462,.3343392,.4235531,.4640832,.3886473,.5395191,,,
"USA",13mar2020,.2588077,.1675562,.3500592,.3523655,.2727642,.4319669,,,
"USA",14mar2020,.3615183,.3185845,.4044521,.4304885,.3550526,.5059243,,,
"USA",15mar2020,.323686,.2807522,.3666199,.3926562,.3172203,.4680921,,,
"USA",16mar2020,.3295683,.286178,.3729585,.4188401,.3434041,.494276,,,
"USA",17mar2020,.3359681,.2928385,.3790977,.430152,.3547161,.5055879,,,
"USA",18mar2020,.3586539,.3266779,.3906299,.444235,.3687991,.5196709,,,
"USA",19mar2020,.3833279,.350293,.4163628,.4640832,.3886473,.5395191,,,
"USA",20mar2020,.3638306,.3237779,.4038834,.451263,.3758271,.5266989,,,
"USA",21mar2020,.3430561,.3030033,.3831089,.4304885,.3550526,.5059243,,,
"USA",22mar2020,.1644174,.1004623,.2283725,.3926562,.3172203,.4680921,,,
"USA",23mar2020,.1906012,.1266461,.2545564,.4188401,.3434041,.494276,,,
"USA",24mar2020,.2019132,.1379581,.2658683,.430152,.3547161,.5055879,,,
"USA",25mar2020,.2159962,.152041,.2799513,.444235,.3687991,.5196709,,,
"USA",26mar2020,.2358444,.1718893,.2997995,.4640832,.3886473,.5395191,,,
"USA",27mar2020,.2230242,.1590691,.2869793,.451263,.3758271,.5266989,,,
"USA",28mar2020,.2022496,.1382945,.2662048,.4304885,.3550526,.5059243,,,
"USA",29mar2020,.1644174,.1004623,.2283725,.3926562,.3172203,.4680921,,,
"USA",30mar2020,.1906012,.1266461,.2545564,.4188401,.3434041,.494276,,,
"USA",31mar2020,.2019132,.1379581,.2658683,.430152,.3547161,.5055879,,,
"USA",01apr2020,.19652,.1307393,.2623007,.444235,.3687991,.5196709,,,
"USA",02apr2020,.2163682,.1505876,.2821489,.4640832,.3886473,.5395191,,,
"USA",03apr2020,.2035481,.1377674,.2693287,.451263,.3758271,.5266989,,,
"USA",04apr2020,.1827735,.1169928,.2485542,.4304885,.3550526,.5059243,,,
"USA",05apr2020,.1449412,.0791605,.2107219,.3926562,.3172203,.4680921,,,
"USA",06apr2020,.1711251,.1053444,.2369058,.4188401,.3434041,.494276,,,
"USA",13mar2020,.2059277,.1395635,.2722919,.2654283,.1899924,.3408642,,,
"USA",14mar2020,.2596613,.2209698,.2983528,.2446538,.1692179,.3200897,,,
"USA",15mar2020,.2090364,.1762676,.2418052,.2068215,.1313856,.2822574,,,
"USA",16mar2020,.2735938,.2368077,.3103799,.2330053,.1575694,.3084413,,,
"USA",17mar2020,.2754193,.2398257,.3110129,.2443173,.1688814,.3197532,,,
"USA",18mar2020,.4542551,.3821661,.5263441,.4231531,.306677,.5396292,,,
"USA",19mar2020,.3093505,.2737569,.3449441,.2782485,.2028126,.3536844,,,
"USA",20mar2020,.2965304,.2609367,.332124,.2654283,.1899924,.3408642,,,
"USA",21mar2020,.2757558,.2401622,.3113494,.2446538,.1692179,.3200897,,,
"USA",22mar2020,.2379235,.2023299,.2735171,.2068215,.1313856,.2822574,,,
"USA",23mar2020,.2199235,.1980832,.2417637,.2330053,.1575694,.3084413,,,
"USA",24mar2020,.2312354,.2093952,.2530756,.2443173,.1688814,.3197532,,,
"USA",25mar2020,.2453184,.2234782,.2671586,.2584003,.1829644,.3338362,,,
"USA",26mar2020,.2607131,.2391339,.2822923,.2782485,.2028126,.3536844,,,
"USA",27mar2020,.2470215,.2255448,.2684982,.2654283,.1899924,.3408642,,,
"USA",28mar2020,.2233225,.2019549,.2446901,.2446538,.1692179,.3200897,,,
"USA",29mar2020,.1854903,.1641227,.2068579,.2068215,.1313856,.2822574,,,
"USA",30mar2020,.0848953,.0546989,.1150917,.2330053,.1575694,.3084413,,,
"USA",31mar2020,.0962072,.0660108,.1264037,.2443173,.1688814,.3197532,,,
"USA",01apr2020,.1102902,.0800938,.1404867,.2584003,.1829644,.3338362,,,
"USA",02apr2020,.1301385,.099942,.1603349,.2782485,.2028126,.3536844,,,
"USA",03apr2020,.1173183,.0871219,.1475147,.2654283,.1899924,.3408642,,,
"USA",04apr2020,.0965437,.0663473,.1267401,.2446538,.1692179,.3200897,,,
"USA",05apr2020,.0587115,.028515,.0889079,.2068215,.1313856,.2822574,,,
"USA",06apr2020,.0848953,.0546989,.1150917,.2330053,.1575694,.3084413,,,
"USA",20mar2020,.2029813,.1722779,.2336847,.188328,.1128921,.263764,,,
"USA",21mar2020,.1822067,.1515033,.2129101,.1675535,.0921176,.2429894,,,
"USA",22mar2020,.1443744,.113671,.1750779,.1297212,.0542853,.2051571,,,
"USA",23mar2020,.1705583,.1398549,.2012617,.1559051,.0804691,.231341,,,
"USA",24mar2020,.1818702,.1511668,.2125736,.167217,.0917811,.2426529,,,
"USA",25mar2020,.1959532,.1652498,.2266566,.1813,.1058641,.2567359,,,
"USA",26mar2020,.1862921,.1639817,.2086026,.2011482,.1257123,.2765841,,,
"USA",27mar2020,.1541582,.128119,.1801975,.188328,.1128921,.263764,,,
"USA",28mar2020,.1333837,.1073445,.1594229,.1675535,.0921176,.2429894,,,
"USA",29mar2020,.0955514,.0695122,.1215906,.1297212,.0542853,.2051571,,,
"USA",30mar2020,.1217353,.095696,.1477745,.1559051,.0804691,.231341,,,
"USA",31mar2020,.1330472,.107008,.1590864,.167217,.0917811,.2426529,,,
"USA",01apr2020,.1283845,.0904475,.1663216,.1813,.1058641,.2567359,,,
"USA",02apr2020,.1482328,.1102957,.1861698,.2011482,.1257123,.2765841,,,
"USA",03apr2020,.1354126,.0974755,.1733496,.188328,.1128921,.263764,,,
"USA",04apr2020,.114638,.076701,.1525751,.1675535,.0921176,.2429894,,,
"USA",05apr2020,.0768057,.0388687,.1147428,.1297212,.0542853,.2051571,,,
"USA",06apr2020,0,0,.0212206,.1559051,.0804691,.231341,,,
"USA",14mar2020,.3634903,.3226809,.4042996,.3448339,.269398,.4202698,,,
"USA",15mar2020,.2740825,.2389791,.3091858,.3070016,.2315657,.3824375,,,
"USA",16mar2020,.3002663,.265163,.3353697,.3331855,.2577496,.4086214,,,
"USA",17mar2020,.3334266,.3097468,.3571064,.3444974,.2690615,.4199333,,,
"USA",18mar2020,.3475096,.3238297,.3711894,.3585804,.2831445,.4340163,,,
"USA",19mar2020,.3673578,.343678,.3910377,.3784286,.3029927,.4538645,,,
"USA",20mar2020,.3462751,.3232513,.3692988,.3656085,.2901726,.4410444,,,
"USA",21mar2020,.3061868,.2805306,.3318429,.3448339,.269398,.4202698,,,
"USA",22mar2020,.2496088,.2126114,.2866063,.3070016,.2315657,.3824375,,,
"USA",23mar2020,.1912021,.1598665,.2225378,.3331855,.2577496,.4086214,,,
"USA",24mar2020,.2025141,.1711784,.2338497,.3444974,.2690615,.4199333,,,
"USA",25mar2020,.2220774,.1676355,.2765193,.3640607,.2689678,.4591537,,,
"USA",26mar2020,.2364453,.2051096,.2677809,.3784286,.3029927,.4538645,,,
"USA",27mar2020,.2236251,.1922895,.2549608,.3656085,.2901726,.4410444,,,
"USA",28mar2020,.2028505,.1715149,.2341862,.3448339,.269398,.4202698,,,
"USA",29mar2020,.1650183,.1336826,.1963539,.3070016,.2315657,.3824375,,,
"USA",30mar2020,.1912021,.1598665,.2225378,.3331855,.2577496,.4086214,,,
"USA",31mar2020,.2025141,.1711784,.2338497,.3444974,.2690615,.4199333,,,
"USA",01apr2020,.2000718,.1691291,.2310145,.3585804,.2831445,.4340163,,,
"USA",02apr2020,.2199201,.1889773,.2508628,.3784286,.3029927,.4538645,,,
"USA",03apr2020,.2070999,.1761572,.2380426,.3656085,.2901726,.4410444,,,
"USA",04apr2020,.1768823,.1444337,.2093309,.3448339,.269398,.4202698,,,
"USA",05apr2020,.1390501,.1066015,.1714986,.3070016,.2315657,.3824375,,,
"USA",06apr2020,.1652339,.1327853,.1976825,.3331855,.2577496,.4086214,,,
"USA",17mar2020,.314079,.2508495,.3773086,.4264582,.3510223,.5018941,,,
"USA",18mar2020,.328162,.2649325,.3913916,.4405412,.3651053,.5159771,,,
"USA",19mar2020,.3480103,.2847807,.4112398,.4603894,.3849535,.5358253,,,
"USA",20mar2020,.3351901,.2719606,.3984196,.4475693,.3721333,.5230052,,,
"USA",21mar2020,.3144155,.251186,.3776451,.4267947,.3513588,.5022306,,,
"USA",22mar2020,.2765833,.2133537,.3398128,.3889624,.3135265,.4643983,,,
"USA",23mar2020,.3027671,.2395376,.3659967,.4151463,.3397104,.4905822,,,
"USA",24mar2020,.2081693,.1302236,.2861149,.4264582,.3510223,.5018941,,,
"USA",25mar2020,.2218193,.1439363,.2997024,.4405412,.3651053,.5159771,,,
"USA",26mar2020,.2416676,.1637845,.3195506,.4603894,.3849535,.5358253,,,
"USA",27mar2020,.2288474,.1509644,.3067304,.4475693,.3721333,.5230052,,,
"USA",28mar2020,.2006257,.1237724,.2774789,.4267947,.3513588,.5022306,,,
"USA",29mar2020,.1627934,.0859402,.2396467,.3889624,.3135265,.4643983,,,
"USA",30mar2020,.1874765,.1108198,.2641332,.4151463,.3397104,.4905822,,,
"USA",31mar2020,.1987884,.1221317,.2754451,.4264582,.3510223,.5018941,,,
"USA",01apr2020,.180724,.1017264,.2597215,.4405412,.3651053,.5159771,,,
"USA",02apr2020,.2005722,.1215747,.2795698,.4603894,.3849535,.5358253,,,
"USA",03apr2020,.1877521,.1087545,.2667496,.4475693,.3721333,.5230052,,,
"USA",04apr2020,.1659865,.0871511,.2448219,.4267947,.3513588,.5022306,,,
"USA",05apr2020,.1281542,.0493188,.2069896,.3889624,.3135265,.4643983,,,
"USA",06apr2020,.1539989,.0752186,.2327791,.4151463,.3397104,.4905822,,,
"USA",09mar2020,.2288468,.1534109,.3042827,.2288468,.1534109,.3042827,,,
"USA",10mar2020,.2254041,.1500143,.3007939,.2401588,.1647228,.3155946,,,
"USA",11mar2020,.2394871,.1640973,.3148769,.2542417,.1788058,.3296776,,,
"USA",12mar2020,.2054378,.1410224,.2698532,.27409,.1986541,.3495259,,,
"USA",13mar2020,.1926177,.1282023,.257033,.2612698,.1858339,.3367057,,,
"USA",14mar2020,.2463513,.2094197,.2832828,.2404952,.1650593,.3159311,,,
"USA",15mar2020,.1829336,.1484269,.2174404,.202663,.1272271,.2780989,,,
"USA",16mar2020,.2474911,.2179919,.2769902,.2288468,.1534109,.3042827,,,
"USA",17mar2020,.258803,.2293038,.2883022,.2401588,.1647228,.3155946,,,
"USA",18mar2020,.2581313,.2279821,.2882805,.2542417,.1788058,.3296776,,,
"USA",19mar2020,.2779796,.2478304,.3081287,.27409,.1986541,.3495259,,,
"USA",20mar2020,.2651594,.2350102,.2953086,.2612698,.1858339,.3367057,,,
"USA",21mar2020,.2443848,.2142356,.274534,.2404952,.1650593,.3159311,,,
"USA",22mar2020,.2065525,.1764034,.2367017,.202663,.1272271,.2780989,,,
"USA",23mar2020,.0608952,.0284467,.0933438,.2288468,.1534109,.3042827,,,
"USA",24mar2020,.0722072,.0397586,.1046558,.2401588,.1647228,.3155946,,,
"USA",25mar2020,.0862902,.0538416,.1187388,.2542417,.1788058,.3296776,,,
"USA",26mar2020,.1061384,.0736898,.138587,.27409,.1986541,.3495259,,,
"USA",27mar2020,.0933182,.0608696,.1257668,.2612698,.1858339,.3367057,,,
"USA",28mar2020,.0725437,.0400951,.1049923,.2404952,.1650593,.3159311,,,
"USA",29mar2020,.0347114,.0022628,.06716,.202663,.1272271,.2780989,,,
"USA",30mar2020,.0608952,.0284467,.0933438,.2288468,.1534109,.3042827,,,
"USA",31mar2020,.0722072,.0397586,.1046558,.2401588,.1647228,.3155946,,,
"USA",01apr2020,.0862902,.0538416,.1187388,.2542417,.1788058,.3296776,,,
"USA",02apr2020,.1061384,.0736898,.138587,.27409,.1986541,.3495259,,,
"USA",03apr2020,.0933182,.0608696,.1257668,.2612698,.1858339,.3367057,,,
"USA",04apr2020,.0725437,.0400951,.1049923,.2404952,.1650593,.3159311,,,
"USA",05apr2020,.0347114,.0022628,.06716,.202663,.1272271,.2780989,,,
"USA",06apr2020,.0608952,.0284467,.0933438,.2288468,.1534109,.3042827,,,
"USA",10mar2020,.3220151,.2465792,.397451,.3220151,.2465792,.397451,,,
"USA",11mar2020,.3342256,.2550729,.4133784,.3360981,.2606622,.411534,,,
"USA",12mar2020,.3001764,.2385033,.3618494,.3559463,.2805104,.4313822,,,
"USA",13mar2020,.2755525,.2162225,.3348825,.3431261,.2676902,.4185621,,,
"USA",14mar2020,.3174824,.277655,.3573097,.3223516,.2469157,.3977875,,,
"USA",17mar2020,.2743623,.2398628,.3088618,.3220151,.2465792,.397451,,,
"USA",18mar2020,.2770843,.2369965,.317172,.3360981,.2606622,.411534,,,
"USA",19mar2020,.2969325,.2568448,.3370202,.3559463,.2805104,.4313822,,,
"USA",20mar2020,.2841123,.2440246,.3242001,.3431261,.2676902,.4185621,,,
"USA",21mar2020,.2633378,.22325,.3034255,.3223516,.2469157,.3977875,,,
"USA",22mar2020,.2255055,.1854178,.2655932,.2845193,.2090834,.3599552,,,
"USA",23mar2020,.2441202,.2077607,.2804798,.3107032,.2352673,.3861391,,,
"USA",24mar2020,.2554322,.2190726,.2917917,.3220151,.2465792,.397451,,,
"USA",25mar2020,.2685178,.2322606,.304775,.3360981,.2606622,.411534,,,
"USA",26mar2020,.288366,.2521089,.3246232,.3559463,.2805104,.4313822,,,
"USA",27mar2020,.2696277,.2339013,.3053541,.3431261,.2676902,.4185621,,,
"USA",28mar2020,.2472125,.2116096,.2828155,.3223516,.2469157,.3977875,,,
"USA",29mar2020,.2093803,.1737773,.2449832,.2845193,.2090834,.3599552,,,
"USA",30mar2020,.2328018,.1973828,.2682208,.3107032,.2352673,.3861391,,,
"USA",31mar2020,.2415546,.206279,.2768301,.3220151,.2465792,.397451,,,
"USA",01apr2020,.2035034,.1654363,.2415704,.3360981,.2606622,.411534,,,
"USA",02apr2020,.2233516,.1852846,.2614187,.3559463,.2805104,.4313822,,,
"USA",03apr2020,.2105315,.1724644,.2485985,.3431261,.2676902,.4185621,,,
"USA",04apr2020,.1675577,.1327895,.2023259,.3223516,.2469157,.3977875,,,
"USA",05apr2020,.1297254,.0949572,.1644936,.2845193,.2090834,.3599552,,,
"USA",06apr2020,.1559093,.1211411,.1906775,.3107032,.2352673,.3861391,,,
"USA",14mar2020,.2531099,.2192529,.2869669,.2580846,.1826487,.3335205,,,
"USA",15mar2020,.2152776,.1814206,.2491346,.2202523,.1448164,.2956882,,,
"USA",16mar2020,.1983043,.1595142,.2370945,.2464362,.1710003,.3218721,,,
"USA",17mar2020,.2096162,.1708261,.2484064,.2577481,.1823122,.333184,,,
"USA",18mar2020,.2620728,.2352192,.2889264,.2718311,.1963952,.347267,,,
"USA",19mar2020,.2819211,.2550675,.3087747,.2916793,.2162434,.3671152,,,
"USA",20mar2020,.2691009,.2422473,.2959545,.2788592,.2034232,.3542951,,,
"USA",21mar2020,.2483263,.2214727,.2751799,.2580846,.1826487,.3335205,,,
"USA",22mar2020,.210494,.1836405,.2373476,.2202523,.1448164,.2956882,,,
"USA",23mar2020,.2366779,.2098243,.2635315,.2464362,.1710003,.3218721,,,
"USA",24mar2020,.2479898,.2211362,.2748434,.2577481,.1823122,.333184,,,
"USA",25mar2020,.2473181,.2247067,.2699296,.2718311,.1963952,.347267,,,
"USA",26mar2020,.265294,.2396258,.2909621,.2916793,.2162434,.3671152,,,
"USA",27mar2020,.2524738,.2268056,.278142,.2788592,.2034232,.3542951,,,
"USA",28mar2020,.1054488,.0702214,.1406761,.2580846,.1826487,.3335205,,,
"USA",29mar2020,.0676165,.0323891,.1028438,.2202523,.1448164,.2956882,,,
"USA",30mar2020,.0938004,.058573,.1290277,.2464362,.1710003,.3218721,,,
"USA",31mar2020,.1051123,.0698849,.1403396,.2577481,.1823122,.333184,,,
"USA",01apr2020,.1191953,.0839679,.1544226,.2718311,.1963952,.347267,,,
"USA",02apr2020,.1390435,.1038162,.1742709,.2916793,.2162434,.3671152,,,
"USA",03apr2020,.1114687,.0774553,.1454821,.2788592,.2034232,.3542951,,,
"USA",04apr2020,.0906941,.0566807,.1247075,.2580846,.1826487,.3335205,,,
"USA",05apr2020,.0528618,.0188484,.0868752,.2202523,.1448164,.2956882,,,
"USA",06apr2020,.064291,.0286936,.0998884,.2464362,.1710003,.3218721,,,
"USA",11mar2020,.2482388,.1728029,.3236747,.2482388,.1728029,.3236747,,,
"USA",12mar2020,.2141895,.1475058,.2808732,.268087,.1926511,.3435229,,,
"USA",13mar2020,.2013693,.1346856,.2680531,.2552668,.1798309,.3307028,,,
"USA",14mar2020,.255103,.2154558,.2947501,.2344923,.1590564,.3099282,,,
"USA",15mar2020,.1916853,.1578283,.2255423,.19666,.1212241,.2720959,,,
"USA",16mar2020,.2562428,.2242155,.2882701,.2228438,.1474079,.2982798,,,
"USA",17mar2020,.2272146,.1858646,.2685646,.2341558,.1587199,.3095917,,,
"USA",18mar2020,.2412976,.1999476,.2826476,.2482388,.1728029,.3236747,,,
"USA",19mar2020,.2753395,.225449,.3252299,.268087,.1926511,.3435229,,,
"USA",20mar2020,.2625193,.2126288,.3124098,.2552668,.1798309,.3307028,,,
"USA",21mar2020,.2082444,.1668274,.2496614,.2344923,.1590564,.3099282,,,
"USA",22mar2020,.1704121,.1289951,.2118291,.19666,.1212241,.2720959,,,
"USA",23mar2020,.1818413,.1366675,.227015,.2228438,.1474079,.2982798,,,
"USA",24mar2020,.1931532,.1479795,.238327,.2341558,.1587199,.3095917,,,
"USA",25mar2020,.2072362,.1620625,.25241,.2482388,.1728029,.3236747,,,
"USA",26mar2020,.2270845,.1819107,.2722582,.268087,.1926511,.3435229,,,
"USA",27mar2020,.2142643,.1690905,.259438,.2552668,.1798309,.3307028,,,
"USA",28mar2020,.1934897,.148316,.2386635,.2344923,.1590564,.3099282,,,
"USA",29mar2020,.1556574,.1104837,.2008312,.19666,.1212241,.2720959,,,
"USA",30mar2020,.1670866,.1164873,.2176859,.2228438,.1474079,.2982798,,,
"USA",31mar2020,.1590848,.1175518,.2006179,.2341558,.1587199,.3095917,,,
"USA",01apr2020,.1731678,.1316348,.2147009,.2482388,.1728029,.3236747,,,
"USA",02apr2020,.1930161,.151483,.2345491,.268087,.1926511,.3435229,,,
"USA",03apr2020,.1801959,.1386629,.221729,.2552668,.1798309,.3307028,,,
"USA",04apr2020,.1594213,.1178883,.2009544,.2344923,.1590564,.3099282,,,
"USA",05apr2020,.1215891,.080056,.1631221,.19666,.1212241,.2720959,,,
"USA",06apr2020,.1290273,.0902915,.1677631,.2228438,.1474079,.2982798,,,
"USA",17mar2020,.1892713,.157244,.2212986,.1558724,.0804364,.2313083,,,
"USA",18mar2020,.2033543,.171327,.2353816,.1699553,.0945194,.2453913,,,
"USA",19mar2020,.2336512,.1810962,.2862062,.1898036,.1143677,.2652395,,,
"USA",20mar2020,.220831,.168276,.273386,.1769834,.1015475,.2524193,,,
"USA",21mar2020,.2000564,.1475015,.2526115,.1562088,.0807729,.2316447,,,
"USA",22mar2020,.1622242,.1096692,.2147792,.1183766,.0429407,.1938125,,,
"USA",23mar2020,.1293894,.0744281,.1843506,.1445604,.0691245,.2199963,,,
"USA",24mar2020,.1407013,.0857401,.1956625,.1558724,.0804364,.2313083,,,
"USA",25mar2020,.1547843,.0998231,.2097455,.1699553,.0945194,.2453913,,,
"USA",26mar2020,.1746325,.1196713,.2295938,.1898036,.1143677,.2652395,,,
"USA",27mar2020,.1618124,.1068511,.2167736,.1769834,.1015475,.2524193,,,
"USA",28mar2020,.1410378,.0860766,.195999,.1562088,.0807729,.2316447,,,
"USA",29mar2020,.1032055,.0482443,.1581667,.1183766,.0429407,.1938125,,,
"USA",30mar2020,.1293894,.0744281,.1843506,.1445604,.0691245,.2199963,,,
"USA",31mar2020,.1407013,.0857401,.1956625,.1558724,.0804364,.2313083,,,
"USA",01apr2020,.1547843,.0998231,.2097455,.1699553,.0945194,.2453913,,,
"USA",02apr2020,.1746325,.1196713,.2295938,.1898036,.1143677,.2652395,,,
"USA",03apr2020,.1618124,.1068511,.2167736,.1769834,.1015475,.2524193,,,
"USA",04apr2020,.1410378,.0860766,.195999,.1562088,.0807729,.2316447,,,
"USA",05apr2020,.1032055,.0482443,.1581667,.1183766,.0429407,.1938125,,,
"USA",06apr2020,.1293894,.0744281,.1843506,.1445604,.0691245,.2199963,,,
"USA",13mar2020,.2233312,.1571314,.289531,.2873722,.2119363,.3628081,,,
"USA",14mar2020,.2770648,.2415065,.3126232,.2665976,.1911617,.3420335,,,
"USA",15mar2020,.2392326,.2036742,.2747909,.2287653,.1533294,.3042012,,,
"USA",18mar2020,.2908113,.255253,.3263697,.2803441,.2049082,.35578,,,
"USA",19mar2020,.3106596,.2751012,.3462179,.3001923,.2247564,.3756282,,,
"USA",20mar2020,.3170262,.2737619,.3602905,.2873722,.2119363,.3628081,,,
"USA",21mar2020,.4831328,.42314,.5431257,.4534788,.3525485,.5544091,,,
"USA",22mar2020,.1849553,.1511464,.2187642,.2287653,.1533294,.3042012,,,
"USA",23mar2020,.2111392,.1773302,.2449481,.2549492,.1795133,.3303851,,,
"USA",24mar2020,.2366447,.2025198,.2707695,.2662611,.1908252,.341697,,,
"USA",25mar2020,.2507277,.2166028,.2848525,.2803441,.2049082,.35578,,,
"USA",26mar2020,.2505095,.2150471,.285972,.3001923,.2247564,.3756282,,,
"USA",27mar2020,.2376894,.2022269,.2731518,.2873722,.2119363,.3628081,,,
"USA",28mar2020,.2169148,.1814523,.2523773,.2665976,.1911617,.3420335,,,
"USA",29mar2020,.1790825,.1436201,.214545,.2287653,.1533294,.3042012,,,
"USA",30mar2020,.1064738,.0757616,.137186,.2549492,.1795133,.3303851,,,
"USA",31mar2020,.1177857,.0870735,.1484979,.2662611,.1908252,.341697,,,
"USA",01apr2020,.1318687,.1011565,.1625809,.2803441,.2049082,.35578,,,
"USA",02apr2020,.1517169,.1210047,.1824291,.3001923,.2247564,.3756282,,,
"USA",03apr2020,.1194206,.086972,.1518692,.2873722,.2119363,.3628081,,,
"USA",04apr2020,.098646,.0661974,.1310946,.2665976,.1911617,.3420335,,,
"USA",05apr2020,.0608137,.0283651,.0932623,.2287653,.1533294,.3042012,,,
"USA",06apr2020,.0869976,.054549,.1194462,.2549492,.1795133,.3303851,,,
"USA",09mar2020,.2384411,.1630052,.313877,.2384411,.1630052,.313877,,,
"USA",10mar2020,.249753,.1743171,.3251889,.249753,.1743171,.3251889,,,
"USA",11mar2020,.263836,.1884001,.3392719,.263836,.1884001,.3392719,,,
"USA",12mar2020,.2297868,.163103,.2964705,.2836843,.2082483,.3591202,,,
"USA",13mar2020,.2169666,.1502828,.2836503,.2708641,.1954282,.3463,,,
"USA",14mar2020,.2707002,.231053,.3103474,.2500895,.1746536,.3255254,,,
"USA",15mar2020,.2072826,.1734256,.2411396,.2122572,.1368213,.2876931,,,
"USA",16mar2020,.2139903,.178692,.2492886,.2384411,.1630052,.313877,,,
"USA",17mar2020,.2253022,.1900039,.2606005,.249753,.1743171,.3251889,,,
"USA",18mar2020,.2393852,.2040869,.2746835,.263836,.1884001,.3392719,,,
"USA",19mar2020,.2720216,.2298097,.3142336,.2836843,.2082483,.3591202,,,
"USA",20mar2020,.2592015,.2169895,.3014134,.2708641,.1954282,.3463,,,
"USA",21mar2020,.2384269,.1962149,.2806388,.2500895,.1746536,.3255254,,,
"USA",22mar2020,.2005946,.1583827,.2428066,.2122572,.1368213,.2876931,,,
"USA",23mar2020,.2267785,.1845665,.2689905,.2384411,.1630052,.313877,,,
"USA",24mar2020,.2380904,.1958784,.2803024,.249753,.1743171,.3251889,,,
"USA",25mar2020,.2521734,.2099614,.2943854,.263836,.1884001,.3392719,,,
"USA",26mar2020,.2701492,.2287923,.3115062,.2836843,.2082483,.3591202,,,
"USA",27mar2020,.257329,.2159721,.298686,.2708641,.1954282,.3463,,,
"USA",28mar2020,.2365545,.1951975,.2779114,.2500895,.1746536,.3255254,,,
"USA",29mar2020,.1968497,.1524486,.2412509,.2122572,.1368213,.2876931,,,
"USA",30mar2020,.2230336,.1786324,.2674348,.2384411,.1630052,.313877,,,
"USA",31mar2020,.2343455,.1899443,.2787467,.249753,.1743171,.3251889,,,
"USA",01apr2020,.2484285,.2040273,.2928297,.263836,.1884001,.3392719,,,
"USA",02apr2020,.1978866,.1449186,.2508547,.2836843,.2082483,.3591202,,,
"USA",03apr2020,.1850665,.1320984,.2380345,.2708641,.1954282,.3463,,,
"USA",04apr2020,.1642919,.1113238,.21726,.2500895,.1746536,.3255254,,,
"USA",05apr2020,.1264596,.0734916,.1794277,.2122572,.1368213,.2876931,,,
"USA",06apr2020,.1526435,.0996754,.2056115,.2384411,.1630052,.313877,,,
"USA",15mar2020,.1847993,.1509423,.2186563,.189774,.1143381,.2652099,,,
"USA",16mar2020,.2493567,.2173295,.2813841,.2159578,.1405219,.2913938,,,
"USA",17mar2020,.2606687,.2286414,.292696,.2272698,.1518338,.3027057,,,
"USA",18mar2020,.2718442,.2406187,.3030697,.2413528,.1659168,.3167887,,,
"USA",19mar2020,.377649,.3223583,.4329396,.3471575,.2491424,.4451727,,,
"USA",20mar2020,.2788723,.2476468,.3100978,.2483808,.1729449,.3238167,,,
"USA",21mar2020,.2580977,.2268722,.2893232,.2276063,.1521703,.3030422,,,
"USA",22mar2020,.2202654,.1890399,.2514909,.189774,.1143381,.2652099,,,
"USA",23mar2020,.2464493,.2152238,.2776748,.2159578,.1405219,.2913938,,,
"USA",24mar2020,.2038636,.1533617,.2543656,.2272698,.1518338,.3027057,,,
"USA",25mar2020,.2179466,.1674447,.2684486,.2413528,.1659168,.3167887,,,
"USA",26mar2020,.2377949,.1872929,.2882968,.261201,.1857651,.3366369,,,
"USA",27mar2020,.187062,.1469409,.2271831,.2483808,.1729449,.3238167,,,
"USA",28mar2020,.1662874,.1261663,.2064085,.2276063,.1521703,.3030422,,,
"USA",29mar2020,.1284551,.0883341,.1685762,.189774,.1143381,.2652099,,,
"USA",30mar2020,.1157474,.0871887,.1443062,.2159578,.1405219,.2913938,,,
"USA",31mar2020,.1270593,.0985006,.1556181,.2272698,.1518338,.3027057,,,
"USA",01apr2020,.1351257,.1068891,.1633623,.2413528,.1659168,.3167887,,,
"USA",02apr2020,.1549739,.1267373,.1832105,.261201,.1857651,.3366369,,,
"USA",03apr2020,.1421538,.1139171,.1703904,.2483808,.1729449,.3238167,,,
"USA",04apr2020,.1213792,.0931426,.1496158,.2276063,.1521703,.3030422,,,
"USA",05apr2020,.0835469,.0553103,.1117835,.189774,.1143381,.2652099,,,
"USA",06apr2020,.1097308,.0814941,.1379674,.2159578,.1405219,.2913938,,,
"USA",18mar2020,.2726142,.2339933,.3112351,.2790096,.2035737,.3544455,,,
"USA",19mar2020,.2924624,.2538415,.3310833,.2988578,.2234219,.3742937,,,
"USA",20mar2020,.2796423,.2410214,.3182631,.2860377,.2106017,.3614736,,,
"USA",21mar2020,.2304652,.1866421,.2742883,.2652631,.1898272,.340699,,,
"USA",22mar2020,.1926329,.1488098,.236456,.2274308,.1519949,.3028667,,,
"USA",23mar2020,.2188168,.1749936,.2626399,.2536147,.1781788,.3290506,,,
"USA",24mar2020,.2301287,.1863056,.2739518,.2649266,.1894907,.3403625,,,
"USA",25mar2020,.1738216,.1314045,.2162386,.2790096,.2035737,.3544455,,,
"USA",26mar2020,.1936698,.1512527,.2360868,.2988578,.2234219,.3742937,,,
"USA",27mar2020,.1808496,.1384326,.2232667,.2860377,.2106017,.3614736,,,
"USA",28mar2020,.1600751,.117658,.2024921,.2652631,.1898272,.340699,,,
"USA",29mar2020,.1222428,.0798257,.1646598,.2274308,.1519949,.3028667,,,
"USA",30mar2020,.1484266,.1060096,.1908437,.2536147,.1781788,.3290506,,,
"USA",31mar2020,.1597386,.1173215,.2021556,.2649266,.1894907,.3403625,,,
"USA",01apr2020,.1700767,.1280989,.2120544,.2790096,.2035737,.3544455,,,
"USA",02apr2020,.1899249,.1479471,.2319027,.2988578,.2234219,.3742937,,,
"USA",03apr2020,.1771047,.135127,.2190825,.2860377,.2106017,.3614736,,,
"USA",04apr2020,.1563302,.1143524,.1983079,.2652631,.1898272,.340699,,,
"USA",05apr2020,.1184979,.0765201,.1604757,.2274308,.1519949,.3028667,,,
"USA",06apr2020,.1446818,.102704,.1866595,.2536147,.1781788,.3290506,,,
"USA",15mar2020,.2361875,.1896441,.2827309,.2572436,.1818077,.3326795,,,
"USA",16mar2020,.300745,.256916,.3445739,.2834274,.2079915,.3588633,,,
"USA",17mar2020,.3120569,.2682279,.3558858,.2947393,.2193034,.3701752,,,
"USA",18mar2020,.3005545,.2646593,.3364497,.3088223,.2333864,.3842582,,,
"USA",19mar2020,.2613841,.2200008,.3027673,.3286706,.2532347,.4041065,,,
"USA",20mar2020,.2485639,.2071806,.2899472,.3158504,.2404145,.3912863,,,
"USA",21mar2020,.2277893,.1864061,.2691726,.2950758,.2196399,.3705117,,,
"USA",22mar2020,.1899571,.1485738,.2313403,.2572436,.1818077,.3326795,,,
"USA",23mar2020,.1877384,.1543767,.2211,.2834274,.2079915,.3588633,,,
"USA",24mar2020,.1971779,.1646501,.2297057,.2947393,.2193034,.3701752,,,
"USA",27mar2020,.218289,.1857612,.2508167,.3158504,.2404145,.3912863,,,
"USA",28mar2020,.1975144,.1649866,.2300422,.2950758,.2196399,.3705117,,,
"USA",29mar2020,.1596821,.1271543,.1922099,.2572436,.1818077,.3326795,,,
"USA",30mar2020,.1154758,.0830273,.1479244,.2834274,.2079915,.3588633,,,
"USA",31mar2020,.1267878,.0943392,.1592364,.2947393,.2193034,.3701752,,,
"USA",01apr2020,.1408708,.1084222,.1733194,.3088223,.2333864,.3842582,,,
"USA",02apr2020,.160719,.1282704,.1931676,.3286706,.2532347,.4041065,,,
"USA",03apr2020,.1478988,.1154502,.1803474,.3158504,.2404145,.3912863,,,
"USA",04apr2020,.1271243,.0946757,.1595729,.2950758,.2196399,.3705117,,,
"USA",05apr2020,.089292,.0568434,.1217406,.2572436,.1818077,.3326795,,,
"USA",06apr2020,.1154758,.0830273,.1479244,.2834274,.2079915,.3588633,,,
"USA",04mar2020,.2468443,.1729366,.3207521,.2730488,.1976129,.3484847,,,
"USA",05mar2020,.2666925,.1927848,.3406003,.292897,.2174611,.368333,,,
"USA",06mar2020,.2538724,.1799646,.3277801,.2800769,.204641,.3555128,,,
"USA",07mar2020,.2330978,.1591901,.3070055,.2593023,.1838664,.3347382,,,
"USA",08mar2020,.1952655,.1213578,.2691733,.22147,.1460341,.2969059,,,
"USA",09mar2020,.2214494,.1475416,.2953571,.2476539,.172218,.3230898,,,
"USA",10mar2020,.2327613,.1588536,.3066691,.2589658,.1835299,.3344017,,,
"USA",11mar2020,.2291241,.1564164,.3018318,.2730488,.1976129,.3484847,,,
"USA",12mar2020,.1989599,.1283241,.2695958,.292897,.2174611,.368333,,,
"USA",13mar2020,.1871029,.1164779,.2577279,.2800769,.204641,.3555128,,,
"USA",14mar2020,.2408365,.205595,.2760779,.2593023,.1838664,.3347382,,,
"USA",15mar2020,.1896935,.1552566,.2241304,.22147,.1460341,.2969059,,,
"USA",16mar2020,.1971317,.1664718,.2277916,.2476539,.172218,.3230898,,,
"USA",17mar2020,.1921796,.1660588,.2183004,.2589658,.1835299,.3344017,,,
"USA",18mar2020,.2062626,.1801418,.2323834,.2730488,.1976129,.3484847,,,
"USA",19mar2020,.2261108,.1999901,.2522316,.292897,.2174611,.368333,,,
"USA",20mar2020,.2132907,.1871699,.2394115,.2800769,.204641,.3555128,,,
"USA",21mar2020,.1925161,.1663953,.2186369,.2593023,.1838664,.3347382,,,
"USA",22mar2020,.1436876,.1162903,.1710849,.22147,.1460341,.2969059,,,
"USA",23mar2020,.1267617,.1005948,.1529286,.2476539,.172218,.3230898,,,
"USA",24mar2020,.1380736,.1119067,.1642405,.2589658,.1835299,.3344017,,,
"USA",25mar2020,.1521566,.1259897,.1783235,.2730488,.1976129,.3484847,,,
"USA",26mar2020,.1720048,.1458379,.1981717,.292897,.2174611,.368333,,,
"USA",27mar2020,.1591847,.1330178,.1853516,.2800769,.204641,.3555128,,,
"USA",28mar2020,.1243321,.099329,.1493351,.2593023,.1838664,.3347382,,,
"USA",29mar2020,.0864998,.0614967,.1115029,.22147,.1460341,.2969059,,,
"USA",30mar2020,.0986056,.0736501,.1235612,.2476539,.172218,.3230898,,,
"USA",31mar2020,.0958395,.0698091,.12187,.2589658,.1835299,.3344017,,,
"USA",01apr2020,.1099225,.0838921,.135953,.2730488,.1976129,.3484847,,,
"USA",02apr2020,.1297708,.1037403,.1558012,.292897,.2174611,.368333,,,
"USA",03apr2020,.0974744,.0683121,.1266368,.2800769,.204641,.3555128,,,
"USA",04apr2020,.0766999,.0475375,.1058622,.2593023,.1838664,.3347382,,,
"USA",05apr2020,.0388676,.0097052,.06803,.22147,.1460341,.2969059,,,
"USA",06apr2020,.0650515,.0358891,.0942138,.2476539,.172218,.3230898,,,
"USA",22mar2020,.2404663,.2128609,.2680717,.3006305,.2251945,.3760664,,,
"USA",23mar2020,.2666502,.2390448,.2942556,.3268143,.2513784,.4022502,,,
"USA",24mar2020,.231406,.1966909,.2661211,.3381262,.2626903,.4135621,,,
"USA",25mar2020,.2307343,.1989903,.2624784,.3522092,.2767733,.4276451,,,
"USA",26mar2020,.2505826,.2188385,.2823267,.3720575,.2966216,.4474934,,,
"USA",27mar2020,.2377624,.2060183,.2695065,.3592373,.2838014,.4346732,,,
"USA",28mar2020,.2169878,.1852438,.2487319,.3384627,.2630268,.4138986,,,
"USA",29mar2020,.1791556,.1474115,.2108997,.3006305,.2251945,.3760664,,,
"USA",30mar2020,.203467,.1659371,.2409969,.3268143,.2513784,.4022502,,,
"USA",31mar2020,.2000242,.1630407,.2370078,.3381262,.2626903,.4135621,,,
"USA",01apr2020,.2141072,.1771237,.2510908,.3522092,.2767733,.4276451,,,
"USA",02apr2020,.2339555,.1969719,.2709391,.3720575,.2966216,.4474934,,,
"USA",03apr2020,.1912857,.1588371,.2237343,.3592373,.2838014,.4346732,,,
"USA",04apr2020,.1705112,.1380626,.2029597,.3384627,.2630268,.4138986,,,
"USA",05apr2020,.1326789,.1002303,.1651275,.3006305,.2251945,.3760664,,,
"USA",06apr2020,.1588627,.1264141,.1913113,.3268143,.2513784,.4022502,,,
"USA",14mar2020,.3042554,.2505299,.357981,.3392194,.2637835,.4146553,,,
"USA",15mar2020,.2408378,.1968836,.2847919,.3013871,.2259512,.376823,,,
"USA",16mar2020,.2757207,.2306215,.3208198,.327571,.2521351,.4030069,,,
"USA",17mar2020,.2696345,.224255,.3150141,.3388829,.263447,.4143188,,,
"USA",18mar2020,.3220911,.2875437,.3566385,.3529659,.27753,.4284018,,,
"USA",19mar2020,.31243,.2818969,.3429632,.3728141,.2973782,.4482501,,,
"USA",20mar2020,.2996098,.2690767,.330143,.359994,.2845581,.4354299,,,
"USA",21mar2020,.2788353,.2483021,.3093684,.3392194,.2637835,.4146553,,,
"USA",22mar2020,.241003,.2104699,.2715361,.3013871,.2259512,.376823,,,
"USA",23mar2020,.2671869,.2366537,.29772,.327571,.2521351,.4030069,,,
"USA",24mar2020,.2784988,.2479656,.3090319,.3388829,.263447,.4143188,,,
"USA",25mar2020,.1466278,.1111354,.1821203,.3529659,.27753,.4284018,,,
"USA",26mar2020,.1664761,.1309836,.2019685,.3728141,.2973782,.4482501,,,
"USA",27mar2020,.1536559,.1181635,.1891484,.359994,.2845581,.4354299,,,
"USA",28mar2020,.1328813,.0973889,.1683738,.3392194,.2637835,.4146553,,,
"USA",29mar2020,.0950491,.0595566,.1305415,.3013871,.2259512,.376823,,,
"USA",30mar2020,.1212329,.0857405,.1567254,.327571,.2521351,.4030069,,,
"USA",31mar2020,.1325449,.0970524,.1680373,.3388829,.263447,.4143188,,,
"USA",01apr2020,.1466278,.1111354,.1821203,.3529659,.27753,.4284018,,,
"USA",02apr2020,.1664761,.1309836,.2019685,.3728141,.2973782,.4482501,,,
"USA",03apr2020,.1536559,.1181635,.1891484,.359994,.2845581,.4354299,,,
"USA",04apr2020,.1328813,.0973889,.1683738,.3392194,.2637835,.4146553,,,
"USA",05apr2020,.0950491,.0595566,.1305415,.3013871,.2259512,.376823,,,
"USA",06apr2020,.1212329,.0857405,.1567254,.327571,.2521351,.4030069,,,
"USA",17mar2020,.2601447,.2153619,.3049276,.3636596,.2882237,.4390955,,,
"USA",18mar2020,.2742277,.2294448,.3190106,.3777426,.3023067,.4531785,,,
"USA",19mar2020,.2361641,.1920082,.28032,.3975908,.3221549,.4730268,,,
"USA",20mar2020,.1977586,.1476164,.2479008,.3847707,.3093348,.4602066,,,
"USA",21mar2020,.176984,.1268418,.2271262,.3639961,.2885602,.439432,,,
"USA",22mar2020,.1391517,.0890095,.1892939,.3261639,.2507279,.4015998,,,
"USA",23mar2020,.1653356,.1151934,.2154778,.3523477,.2769118,.4277836,,,
"USA",24mar2020,.148245,.092804,.203686,.3636596,.2882237,.4390955,,,
"USA",25mar2020,.1233881,.0719291,.174847,.3777426,.3023067,.4531785,,,
"USA",26mar2020,.1432363,.0917774,.1946952,.3975908,.3221549,.4730268,,,
"USA",27mar2020,.1304161,.0789572,.1818751,.3847707,.3093348,.4602066,,,
"USA",28mar2020,.1090131,.057635,.1603913,.3639961,.2885602,.439432,,,
"USA",29mar2020,.0711809,.0198027,.122559,.3261639,.2507279,.4015998,,,
"USA",30mar2020,.0973647,.0459866,.1487429,.3523477,.2769118,.4277836,,,
"USA",31mar2020,.1086767,.0572985,.1600548,.3636596,.2882237,.4390955,,,
"USA",01apr2020,.1227596,.0713815,.1741378,.3777426,.3023067,.4531785,,,
"USA",02apr2020,.1426079,.0912297,.1939861,.3975908,.3221549,.4730268,,,
"USA",03apr2020,.1297877,.0784095,.1811659,.3847707,.3093348,.4602066,,,
"USA",04apr2020,.1090131,.057635,.1603913,.3639961,.2885602,.439432,,,
"USA",05apr2020,.0711809,.0198027,.122559,.3261639,.2507279,.4015998,,,
"USA",06apr2020,.0973647,.0459866,.1487429,.3523477,.2769118,.4277836,,,
