adm0_name,e
"ITA",.22268505
"ITA",-.10697044
"ITA",-.16142335
"ITA",-.1484733
"ITA",-.02088401
"ITA",-.04644327
"ITA",-.14517229
"ITA",-.064997
"ITA",-.04981197
"ITA",-.02327314
"ITA",.00105855
"ITA",.06919319
"ITA",.07388019
"ITA",.02085577
"ITA",.03241037
"ITA",.05025831
"ITA",.01422942
"ITA",-.02593016
"ITA",.23540622
"ITA",.11271714
"ITA",.03202925
"ITA",-.0084119
"ITA",-.02443251
"ITA",-.01867759
"ITA",-.00612759
"ITA",-.013004
"ITA",-.00069095
"ITA",.03677264
"ITA",.09918392
"ITA",-.03941584
"ITA",.16000628
"ITA",-.15501936
"ITA",-.17597529
"ITA",.29017835
"ITA",.02386066
"ITA",-.16895657
"ITA",.10549242
"ITA",-.09207689
"ITA",.09761339
"ITA",-.01437791
"ITA",-.04279084
"ITA",-.20498112
"ITA",.26549597
"ITA",-.09131306
"ITA",.05196492
"ITA",.01572403
"ITA",.08658834
"ITA",-.06685129
"ITA",-.04712772
"ITA",.0446863
"ITA",.01575194
"ITA",-.05092843
"ITA",-.03687206
"ITA",-.03151898
"ITA",-.02157465
"ITA",-.04679632
"ITA",-.03309394
"ITA",.00159941
"ITA",.00440804
"ITA",.02034363
"ITA",-.07499814
"ITA",.2489885
"ITA",.06256835
"ITA",-.09302965
"ITA",.05354252
"ITA",.12609284
"ITA",.05982169
"ITA",-.08258575
"ITA",.13163966
"ITA",.00527787
"ITA",.02071993
"ITA",-.07582375
"ITA",-.0559326
"ITA",-.09190312
"ITA",-.05163616
"ITA",-.08162481
"ITA",.09234861
"ITA",-.00939969
"ITA",.01691277
"ITA",.03050347
"ITA",-.01494324
"ITA",-.02621855
"ITA",-.01166871
"ITA",-.01233908
"ITA",-.00769309
"ITA",.00092251
"ITA",-.0067294
"ITA",-.04195225
"ITA",-.02476706
"ITA",-.03270772
"ITA",-.03889271
"ITA",-.01449326
"ITA",-.09894674
"ITA",-.04375712
"ITA",.07824183
"ITA",-.17932345
"ITA",.20272408
"ITA",.0677108
"ITA",.41488775
"ITA",.0592546
"ITA",-.01298538
"ITA",.04282952
"ITA",-.01037981
"ITA",-.03248682
"ITA",.03582282
"ITA",.00317776
"ITA",-.05924202
"ITA",-.08123624
"ITA",-.08201381
"ITA",.00926711
"ITA",.04248942
"ITA",.01840396
"ITA",-.0734781
"ITA",-.00425793
"ITA",-.07896745
"ITA",-.04233714
"ITA",-.01957486
"ITA",-.0406562
"ITA",-.07067589
"ITA",-.04449069
"ITA",-.12307326
"ITA",-.11117401
"ITA",-.20086883
"ITA",-.06116581
"ITA",.34150111
"ITA",.20105832
"ITA",-.12739911
"ITA",.32303378
"ITA",-.10180355
"ITA",-.08937372
"ITA",.03016397
"ITA",.21386804
"ITA",-.00734949
"ITA",.01912488
"ITA",.005405
"ITA",-.07215402
"ITA",.02914538
"ITA",-.05096129
"ITA",.03511371
"ITA",.01265955
"ITA",-.03014337
"ITA",-.03832049
"ITA",-.06935641
"ITA",-.02623401
"ITA",-.07274273
"ITA",-.02895366
"ITA",.20280353
"ITA",-.1151087
"ITA",-.1295348
"ITA",-.15154211
"ITA",.24303179
"ITA",-.05855853
"ITA",-.00843951
"ITA",.00540371
"ITA",-.03552788
"ITA",.13277025
"ITA",.22154366
"ITA",-.03863397
"ITA",.236227
"ITA",-.02813193
"ITA",.0156991
"ITA",.03593666
"ITA",-.08140497
"ITA",-.09265579
"ITA",-.07800117
"ITA",-.08253721
"ITA",-.11322066
"ITA",-.08011846
"ITA",-.20989245
"ITA",-.26999765
"ITA",-.15645399
"ITA",-.10896318
"ITA",-.12308483
"ITA",-.01943999
"ITA",-.12621034
"ITA",-.12962915
"ITA",.04726934
"ITA",-.11278327
"ITA",-.10682188
"ITA",.10915257
"ITA",-.14319007
"ITA",-.10154056
"ITA",-.07105768
"ITA",.00351524
"ITA",-.12738212
"ITA",.28094878
"ITA",-.01355241
"ITA",.06586229
"ITA",.16484002
"ITA",.13483515
"ITA",.1156824
"ITA",.07254787
"ITA",.0731582
"ITA",.06260161
"ITA",.01031505
"ITA",.22444085
"ITA",.0941762
"ITA",.07110146
"ITA",.0783691
"ITA",.04430812
"ITA",.08263783
"ITA",.04165708
"ITA",.0425804
"ITA",-.06511786
"ITA",.09906301
"ITA",.42523065
"ITA",.08130367
"ITA",-.06948619
"ITA",-.12189463
"ITA",.03925213
"ITA",-.05618459
"ITA",.01687609
"ITA",-.013783
"ITA",.01675879
"ITA",-.05743453
"ITA",-.08567571
"ITA",-.025092
"ITA",-.04385691
"ITA",-.02096618
"ITA",-.05356695
"ITA",.04511391
"ITA",.01402429
"ITA",.06233931
"ITA",-.0519346
"ITA",-.10737353
"ITA",-.02759517
"ITA",-.02909929
"ITA",.10149655
"ITA",.19787438
"ITA",-.1078022
"ITA",.07995773
"ITA",-.04679901
"ITA",-.02552524
"ITA",-.03487127
"ITA",-.04597335
"ITA",.05428724
"ITA",.06994674
"ITA",.0439988
"ITA",.01120564
"ITA",.03684915
"ITA",.03910743
"ITA",-.03056456
"ITA",-.02089997
"ITA",.0582814
"ITA",-.04567424
"ITA",-.02748922
"ITA",-.03801953
"ITA",-.04137219
"ITA",-.05739667
"ITA",-.08418627
"ITA",-.05733207
"ITA",.32289978
"ITA",.01517108
"ITA",-.21126347
"ITA",-.10424794
"ITA",-.0775775
"ITA",-.14318994
"ITA",.3059693
"ITA",.10725187
"ITA",-.0322875
"ITA",-.0414672
"ITA",.16395679
"ITA",-.01899802
"ITA",-.04262567
"ITA",-.09949559
"ITA",-.02870418
"ITA",-.00708284
"ITA",-.04466058
"ITA",-.02161536
"ITA",-.07460486
"ITA",-.08518529
"ITA",-.05267352
"ITA",.17043065
"ITA",.443932
"ITA",-.02021588
"ITA",-.20260937
"ITA",-.15087395
"ITA",.26964127
"ITA",.01214584
"ITA",.09793087
"ITA",-.16616009
"ITA",.03388042
"ITA",-.10171193
"ITA",.06551856
"ITA",-.13136925
"ITA",.06817373
"ITA",-.09765391
"ITA",-.02967853
"ITA",.0648217
"ITA",.01674089
"ITA",.02538917
"ITA",-.02870927
"ITA",-.02179325
"ITA",.05060648
"ITA",-.01757449
"ITA",.01398037
"ITA",-.03898373
"ITA",.00520895
"ITA",-.02078185
"ITA",-.04730547
"ITA",-.01363588
"ITA",-.06343621
"ITA",-.0154772
"ITA",-.00131292
"ITA",-.12671735
"ITA",-.05602804
"ITA",-.13697221
"ITA",-.15255891
"ITA",-.07739437
"ITA",.20303511
"ITA",-.16836686
"ITA",1.0772552
"ITA",-.04789796
"ITA",-.07325628
"ITA",-.10435687
"ITA",-.14638722
"ITA",-.1217413
"ITA",.0594173
"ITA",-.12671735
"ITA",.93276676
"ITA",.01606733
"ITA",-.2632938
"ITA",.33232703
"ITA",-.11715
"ITA",.15453618
"ITA",-.14965361
"ITA",-.0550933
"ITA",-.13899855
"ITA",-.07451002
"ITA",.06436722
"ITA",.05803928
"ITA",-.00242291
"ITA",-.05598987
"ITA",.04402303
"ITA",-.00482936
"ITA",-.04348256
"ITA",-.0827252
"ITA",-.07445123
"ITA",-.08925877
"ITA",-.05511869
"ITA",-.01623918
"ITA",-.02398055
"ITA",.00043034
"ITA",-.00424541
"ITA",-.0001638
"ITA",-.01247081
"ITA",.01818265
"ITA",-.01126575
"ITA",-.06032698
"ITA",-.02383494
"ITA",-.02727665
"ITA",-.02357269
"ITA",-.0511175
"ITA",-.0438634
"ITA",-.01760768
"ITA",-.0685734
"ITA",-.0292232
"ITA",-.10071443
"ITA",.39954546
"ITA",-.1237853
"ITA",.00998323
"ITA",-.18470617
"ITA",-.17881383
"ITA",.11468343
"ITA",.17825022
"ITA",-.06124136
"ITA",-.2038279
"ITA",.27578156
"ITA",-.14548536
"ITA",.19196215
"ITA",-.01511519
"ITA",.04253787
"ITA",.08947284
"ITA",-.05413414
"ITA",.01313755
"ITA",.02143653
"ITA",-.00155459
"ITA",.01491554
"ITA",-.01931459
"ITA",-.03951352
"ITA",-.04229332
"ITA",-.03942851
"ITA",-.03127972
"ITA",-.07585297
"ITA",-.03464549
"ITA",.20002895
"ITA",.42879013
"ITA",-.14914474
"ITA",-.07605858
"ITA",-.01483085
"ITA",-.14799472
"ITA",.0253027
"ITA",-.09617856
"ITA",.02750773
"ITA",.03062827
"ITA",-.06879651
"ITA",.0430172
"ITA",-.0608259
"ITA",-.03173847
"ITA",-.05491641
"ITA",-.04038578
"ITA",-.09903568
"ITA",-.01156147
"ITA",.14211997
"ITA",.07709618
"ITA",.0542384
"ITA",.02836204
"ITA",.03082107
"ITA",.03909669
"ITA",-.0169402
"ITA",.00171622
"ITA",-.03742198
"ITA",-.00833694
"ITA",-.03005719
"ITA",-.03938701
"ITA",-.03864684
"ITA",-.07415732
"ITA",-.0323104
"ITA",.47158993
"ITA",.10300403
"ITA",-.03380439
"ITA",.12020078
"ITA",-.07487849
"ITA",-.03138028
"ITA",-.01294994
"ITA",.04795397
"ITA",-.07584567
"ITA",.01090577
"ITA",-.07972131
"ITA",-.02934742
"ITA",-.00987036
"ITA",-.00314923
"ITA",.00825994
"ITA",-.04692045
"ITA",.00652773
"ITA",.01822895
"ITA",-.02670145
"ITA",.01197784
"ITA",-.04480525
"ITA",-.05206187
"ITA",-.05923716
"ITA",-.04250544
"ITA",-.06128746
"ITA",-.08502245
"ITA",-.02916033
"ITA",-.10071011
"ITA",-.27601608
"ITA",.92215716
"ITA",-.0864317
"ITA",.06762758
"ITA",.09062914
"ITA",-.11555986
"ITA",-.14804441
"ITA",.5237649
"ITA",-.03367029
"ITA",.2035125
"ITA",-.01844347
"ITA",-.07007447
"ITA",.00627157
"ITA",-.0490863
"ITA",.00495716
"ITA",-.04090446
"ITA",-.03390555
"ITA",-.07092036
"ITA",-.08995524
"ITA",-.08864382
"ITA",-.04661484
"ITA",.04403732
"ITA",.00016173
"ITA",-.02472451
"ITA",-.03730522
"ITA",-.02796734
"ITA",-.01777245
"ITA",-.05979652
"ITA",-.03619912
"ITA",-.04569379
"ITA",-.04387334
"ITA",-.06837021
"ITA",-.05159749
"ITA",-.04932381
"ITA",-.08522339
"ITA",-.0462909
"ITA",-.13322918
"ITA",.0315476
"ITA",-.038884
"ITA",.33980964
"ITA",.04096285
"ITA",-.05466692
"ITA",-.07826752
"ITA",-.06616767
"ITA",-.02915714
"ITA",-.0295804
"ITA",-.0430457
"ITA",.05922336
"ITA",-.02479376
"ITA",-.0447599
"ITA",.11279579
"ITA",-.06436441
"ITA",.02660293
"ITA",-.05280179
"ITA",.09276933
"ITA",.01004015
"ITA",-.02209583
"ITA",.01472326
"ITA",-.04102228
"ITA",-.00563841
"ITA",.12425708
"ITA",-.1084093
"ITA",-.0900944
"ITA",.12145409
"ITA",-.05186371
"ITA",-.00658384
"ITA",.05576659
"ITA",-.13826967
"ITA",-.12748541
"ITA",.05924674
"ITA",.11594523
"ITA",.00090575
"ITA",.09124244
"ITA",.04524879
"ITA",-.06335471
"ITA",.10546579
"ITA",-.03507237
"ITA",-.03392874
"ITA",.0276978
"ITA",-.00987994
"ITA",.01316528
"ITA",-.00179646
"ITA",.02156867
"ITA",-.07154087
"ITA",-.04368483
"ITA",.17262712
"ITA",.18557717
"ITA",-.13227451
"ITA",-.01916619
"ITA",.22753993
"ITA",.0169032
"ITA",-.01110605
"ITA",-.01498467
"ITA",-.06162686
"ITA",.04418194
"ITA",-.06163759
"ITA",-.09404382
"ITA",-.01864167
"ITA",-.06517319
"ITA",-.07348114
"ITA",.01641422
"ITA",-.03990114
"ITA",-.07120676
"ITA",-.057992
"ITA",-.24786899
"ITA",-.20621948
"ITA",-.08781861
"ITA",-.07443926
"ITA",-.15456443
"ITA",-.08776815
"ITA",-.13544269
"ITA",-.17037238
"ITA",.08258632
"ITA",.16388936
"ITA",.01866119
"ITA",.09281592
"ITA",.03064241
"ITA",.01251252
"ITA",.09576195
"ITA",-.0164346
"ITA",.31628536
"ITA",.0423586
"ITA",.0509518
"ITA",.0595912
"ITA",.0478874
"ITA",.07448453
"ITA",.09775788
"ITA",-.01066805
"ITA",.02226945
"ITA",.02010663
"ITA",.02720585
"ITA",-.00617974
"ITA",-.0701147
"ITA",.09714807
"ITA",-.08420634
"ITA",-.1020314
"ITA",.13420963
"ITA",-.0768484
"ITA",-.15208899
"ITA",-.06110119
"ITA",.01757203
"ITA",.0357621
"ITA",.16925087
"ITA",.04088095
"ITA",.01343341
"ITA",-.03936298
"ITA",.00071148
"ITA",-.01512183
"ITA",.01374319
"ITA",.03593864
"ITA",.03292349
"ITA",.01222224
"ITA",-.01591356
"ITA",.01761345
"ITA",-8.002e-06
"ITA",-.00461217
"ITA",.18474398
"ITA",-.27842626
"ITA",-.23677675
"ITA",.23248519
"ITA",-.01131114
"ITA",-.00687354
"ITA",-.17895002
"ITA",-.16599997
"ITA",.41810964
"ITA",-.10579142
"ITA",-.04491589
"ITA",.02353111
"ITA",-.04303949
"ITA",-.10863323
"ITA",-.01184948
"ITA",.13518788
"ITA",.12106986
"ITA",.00270802
"ITA",.02711577
"ITA",.05376063
"ITA",-.0029482
"ITA",.01507016
"ITA",-.02799771
"ITA",.05924267
"ITA",.065651
"ITA",-.02318102
"ITA",.0019599
"ITA",-.02920667
"ITA",-.02572564
"ITA",-.03538773
"ITA",-.00362163
"ITA",.14317089
"ITA",.07101391
"ITA",.00760456
"ITA",-.09874337
"ITA",.04672091
"ITA",-.05872717
"ITA",-.02094606
"ITA",-.05095544
"ITA",-.06808137
"ITA",.67426442
"ITA",-.0616733
"ITA",-.08085592
"ITA",.00494967
"ITA",-.04749087
"ITA",-.08379259
"ITA",-.06458305
"ITA",-.07334734
"ITA",-.08742584
"ITA",-.0767451
"ITA",-.07435694
"ITA",-.05447658
"ITA",-.09790679
"ITA",-.03389659
"ITA",.06182006
"ITA",-.10200153
"ITA",-.11420581
"ITA",.24950666
"ITA",-.04631837
"ITA",-.05245563
"ITA",.02043833
"ITA",.18281394
"ITA",-.02490766
"ITA",.03097755
"ITA",.10331199
"ITA",.00526567
"ITA",.1332298
"ITA",.05609907
"ITA",-.02604979
"ITA",-.03012664
"ITA",-.02031583
"ITA",-.05417731
"ITA",-.03556685
"ITA",-.03641598
"ITA",-.0687512
"ITA",-.04589051
"ITA",-.31631412
"ITA",.43423483
"ITA",-.07417434
"ITA",.20017504
"ITA",.04712299
"ITA",-.00215052
"ITA",.0913502
"ITA",-.03186398
"ITA",.01049411
"ITA",-.02006675
"ITA",-.06763805
"ITA",-.02698561
"ITA",-.07074212
"ITA",-.00140654
"ITA",.01445219
"ITA",.05788554
"ITA",.01691485
"ITA",.02719439
"ITA",-.01805062
"ITA",-.01974293
"ITA",.02604785
"ITA",.00574514
"ITA",-.02323161
"ITA",-.03495263
"ITA",-.02918397
"ITA",-.05373282
"ITA",-.04675814
"ITA",-.02631888
"ITA",-.0620859
"ITA",-.00621758
"ITA",.19957306
"ITA",-.11565868
"ITA",-.19917225
"ITA",.26003254
"ITA",-.07127689
"ITA",-.02141483
"ITA",-.04976568
"ITA",-.10053156
"ITA",.1128329
"ITA",-.00025601
"ITA",.13126103
"ITA",.07741933
"ITA",-.02476195
"ITA",.08290261
"ITA",.10157329
"ITA",-.01356757
"ITA",-.00335689
"ITA",-.06923708
"ITA",-.07618852
"ITA",-.07105473
"ITA",-.05095082
"ITA",-.07843512
"ITA",.00168073
"ITA",-.02164693
"ITA",.16311386
"ITA",.00280214
"ITA",-.18510211
"ITA",.1872669
"ITA",-.1832087
"ITA",.02448689
"ITA",-.08599877
"ITA",-.05203541
"ITA",-.13674555
"ITA",-.0133047
"ITA",.00600753
"ITA",.19960168
"ITA",.08288987
"ITA",-.08387918
"ITA",.04955761
"ITA",-.00216104
"ITA",-.04748663
"ITA",-.00218365
"ITA",-.06186613
"ITA",-.06833951
"ITA",-.07030172
"ITA",.03059189
"ITA",.01963473
"ITA",.01400822
"ITA",.04572754
"ITA",.02400749
"ITA",.04346547
"ITA",.02073605
"ITA",.02768082
"ITA",.00467873
"ITA",.01058644
"ITA",.02143841
"ITA",.01188248
"ITA",-.01380458
"ITA",.01451142
"ITA",.01079602
"ITA",-.01911163
"ITA",.01005715
"ITA",-.1597429
"ITA",.04814748
"ITA",-.07902606
"ITA",.34248289
"ITA",-.0363118
"ITA",-.06110221
"ITA",.12000135
"ITA",-.02093915
"ITA",.02190192
"ITA",.02557059
"ITA",.05630529
"ITA",-.05686964
"ITA",.03996179
"ITA",-.04494759
"ITA",-.00441006
"ITA",-.04061858
"ITA",-.03675918
"ITA",-.06304133
"ITA",.06327472
"ITA",-.04391959
"ITA",-.05094048
"ITA",-.01901749
"ITA",-.00629422
"ITA",-.03546662
"ITA",.09963128
"ITA",.27178807
"ITA",-.06481951
"ITA",-.00029098
"ITA",.1806181
"ITA",.04547731
"ITA",-.00479956
"ITA",-.24520925
"ITA",.15517897
"ITA",-.04452032
"ITA",-.00447138
"ITA",.09480437
"ITA",.00811024
"ITA",-.03174964
"ITA",-.02344727
"ITA",-.05478312
"ITA",-.02916064
"ITA",-.0810171
"ITA",-.00166789
"ITA",.01719733
"ITA",-.04476634
"ITA",-.06279778
"ITA",-.08785273
"ITA",-.01144805
"ITA",.00054113
"ITA",-.03878442
"ITA",-.08378882
"ITA",-.16823108
"ITA",.0729449
"ITA",.14190001
"ITA",.2395969
"ITA",.23049111
"ITA",.24876844
"ITA",.01747712
"ITA",-.04211024
"ITA",-.02404711
"ITA",-.10042481
"ITA",-.07914156
"ITA",-.02774434
"ITA",-.08114613
"ITA",-.05879346
"ITA",-.03693561
"ITA",-.14339373
"ITA",-.10542159
"ITA",.15841969
"ITA",.11513015
"ITA",.25422313
"ITA",-.19660382
"ITA",-.20002264
"ITA",.03826374
"ITA",.1684209
"ITA",-.05375472
"ITA",-.17863111
"ITA",.2049585
"ITA",.08890031
"ITA",-.03335443
"ITA",.05638431
"ITA",.1430439
"ITA",.03918779
"ITA",-.04702187
"ITA",-.09517569
"ITA",-.07406069
"ITA",-.025983
"ITA",-.06898953
"ITA",-.02308188
"ITA",-.0456115
"ITA",-.05756236
"ITA",-.10592217
"ITA",-.061157
"ITA",.11886317
"ITA",.12156872
"ITA",-.02107986
"ITA",-.08618667
"ITA",.05422726
"ITA",.06923248
"ITA",-.11541662
"ITA",-.03161758
"ITA",.04499201
"ITA",-.02311023
"ITA",.07574274
"ITA",.05580014
"ITA",.01505213
"ITA",-.02021772
"ITA",-.0684339
"ITA",.03985294
"ITA",.0534081
"ITA",-.05728052
"ITA",-.06125623
"ITA",-.0397417
"ITA",-.07273751
"ITA",-.06191506
"ITA",-.02452819
"ITA",.16534562
"ITA",-.09360026
"ITA",-.03696328
"ITA",.22585702
"ITA",-.13903501
"ITA",-.10550418
"ITA",.06615152
"ITA",.00834043
"ITA",-.03146755
"ITA",-.04087553
"ITA",-.0166015
"ITA",-.04132362
"ITA",.07853476
"ITA",-.01928212
"ITA",-.04427681
"ITA",-.04561661
"ITA",.12831774
"ITA",-.04017204
"ITA",-.06320759
"ITA",-.07164081
"ITA",.0292225
"ITA",.00416821
"ITA",.06336193
"ITA",.06077689
"ITA",-.01101317
"ITA",-.07955377
"ITA",.04592986
"ITA",.01116849
"ITA",.00582951
"ITA",-.00164242
"ITA",-.00686628
"ITA",.11753259
"ITA",.00422271
"ITA",-.01420932
"ITA",-.04824351
"ITA",-.02888232
"ITA",.11205188
"ITA",-.20144561
"ITA",-.14105226
"ITA",.11925521
"ITA",-.16317403
"ITA",.24480629
"ITA",-.03911584
"ITA",-.18361188
"ITA",.18778196
"ITA",.00288308
"ITA",-.02680278
"ITA",.017099
"ITA",.01313474
"ITA",.06649579
"ITA",.02168538
"ITA",.01963848
"ITA",-.00697001
"ITA",.03075889
"ITA",-.03233614
"ITA",.02082803
"ITA",.0665635
"ITA",.00865342
"ITA",-.05246073
"ITA",-.02188357
"ITA",-.0221152
"ITA",-.06002798
"ITA",.01936033
"ITA",-.20754086
"ITA",.00047225
"ITA",-.02251605
"ITA",.09802949
"ITA",.18105993
"ITA",.03401158
"ITA",-.00665757
"ITA",.08343717
"ITA",.13708289
"ITA",-.0329874
"ITA",.06286228
"ITA",-.11774173
"ITA",-.12805226
"ITA",.08765728
"ITA",.07207393
"ITA",.06430351
"ITA",-.04413033
"ITA",.02429739
"ITA",.03104271
"ITA",-.02505516
"ITA",-.06583326
"ITA",-.01013279
"ITA",-.00890864
"ITA",-.04729796
"ITA",-.05515608
"ITA",.00140919
"ITA",-.01393246
"ITA",-.05791443
"ITA",-.03388262
"ITA",.21505493
"ITA",-.2138278
"ITA",-.05460156
"ITA",.05072121
"ITA",-.14673525
"ITA",-.0875339
"ITA",.15295711
"ITA",-.03455464
"ITA",.08000798
"ITA",-.00609128
"ITA",.27601051
"ITA",.09818265
"ITA",.10317906
"ITA",-.04352269
"ITA",.05588706
"ITA",.01357645
"ITA",-.07020299
"ITA",-.09532309
"ITA",-.04607871
"ITA",-.06342784
"ITA",-.11257157
"ITA",-.07110564
"ITA",.18084293
"ITA",.13037703
"ITA",-.13884159
"ITA",.18437343
"ITA",.14197585
"ITA",.09973521
"ITA",.37283093
"ITA",-.08177554
"ITA",-.21083659
"ITA",-.02829082
"ITA",-.08529014
"ITA",.01874301
"ITA",-.15362125
"ITA",-.15503591
"ITA",.05800716
"ITA",-.07072344
"ITA",-.08160381
"ITA",-.0382712
"ITA",-.02186741
"ITA",.02469532
"ITA",-.04723778
"ITA",-.06768159
"ITA",-.08674565
"ITA",-.07432436
"ITA",-.08481623
"ITA",.01102481
"ITA",.25291054
"ITA",-.0485529
"ITA",.00724988
"ITA",-.19065836
"ITA",-.05045255
"ITA",.15343242
"ITA",-.07732967
"ITA",-.11549383
"ITA",.06485206
"ITA",.0626804
"ITA",.1808699
"ITA",-.00997452
"ITA",.07880768
"ITA",.07498551
"ITA",-.00998403
"ITA",.02421007
"ITA",-.01571496
"ITA",-.04227367
"ITA",.02841564
"ITA",.02594312
"ITA",-.03107404
"ITA",-.05289366
"ITA",-.01359167
"ITA",-.07526525
"ITA",-.01674047
"ITA",-.00868444
"ITA",.08108937
"ITA",-.200421
"ITA",.47392746
"ITA",-.01880166
"ITA",.09368582
"ITA",-.00184839
"ITA",-.06584291
"ITA",.06253611
"ITA",-.11434665
"ITA",-.09874252
"ITA",.02419502
"ITA",.00633048
"ITA",.0279852
"ITA",-.01967241
"ITA",.08457294
"ITA",-.07787787
"ITA",.23133826
"ITA",-.05392044
"ITA",-.03401328
"ITA",-.03800382
"ITA",-.0453849
"ITA",-.08025441
"ITA",-.07787787
"ITA",-.03140521
"ITA",-.08531159
"ITA",-.03325129
"ITA",-.24092675
"ITA",.02332598
"ITA",-.08667367
"ITA",.2907822
"ITA",-.03057411
"ITA",.1798509
"ITA",.0153919
"ITA",-.13752819
"ITA",-.06385067
"ITA",-.19876877
"ITA",.01366952
"ITA",-.14174938
"ITA",-.14232301
"ITA",-.13844288
"ITA",.78382701
"ITA",-.12601007
"ITA",-.37521905
"ITA",-.15420267
"ITA",.52942172
"ITA",-.0829361
"ITA",-.00206602
"ITA",-.13373924
"ITA",-.14334906
"ITA",.01291445
"ITA",-.05563758
"ITA",-.12441599
"ITA",.10010503
"ITA",-.01055106
"ITA",.09600475
"ITA",.17209783
"ITA",-.02314751
"ITA",.07709079
"ITA",.09128444
"ITA",.03428958
"ITA",.06796733
"ITA",.00198891
"ITA",-.03225335
"ITA",.00192602
"ITA",.088831
"ITA",-.02149661
"ITA",-.07516314
"ITA",-.03974446
"ITA",.046358
"ITA",-.2143889
"ITA",.03983351
"ITA",.10151565
"ITA",.14685116
"ITA",.1473057
"ITA",-.08484884
"ITA",-.18630031
"ITA",-.10967629
"ITA",.04789778
"ITA",-.15364539
"ITA",-.18349733
"ITA",-.14953497
"ITA",-.05358164
"ITA",.2015779
"ITA",-.00563344
"ITA",.273919
"ITA",-.05947423
"ITA",-.0693961
"ITA",.1727642
"ITA",-.01624679
"ITA",.16078527
"ITA",-.05258393
"ITA",-.19510923
"ITA",-.21069592
"ITA",.10563067
"ITA",.09610787
"ITA",-.08674195
"ITA",-.18485436
"ITA",-.18827318
"ITA",-.19510923
"ITA",-.21069592
"ITA",1.4049137
"ITA",-.02385148
"ITA",-.0330088
"ITA",.02298635
"ITA",.06937222
"ITA",.01169437
"ITA",-.04854384
"ITA",-.05327074
"ITA",-.05497961
"ITA",.00186468
"ITA",-.00144011
"ITA",-.05398841
"ITA",-.01584012
"ITA",-.05916538
"ITA",.00025709
"ITA",-.02400713
"ITA",-.04890131
"ITA",-.02435023
"ITA",-.246922
"ITA",-.19751398
"ITA",.00264129
"ITA",.21019818
"ITA",-.13502813
"ITA",.05746971
"ITA",.24845736
"ITA",-.13242712
"ITA",-.10697435
"ITA",.02556156
"ITA",-.01875318
"ITA",.06423112
"ITA",.16957225
"ITA",.02715683
"ITA",-.03867494
"ITA",.00355964
"ITA",.12793591
"ITA",.05222335
"ITA",-.08853177
"ITA",.15682687
"ITA",-.0167408
"ITA",.00057114
"ITA",.02230315
"ITA",-.04969785
"ITA",-.04528032
"ITA",-.07209281
"ITA",-.02007114
"ITA",.83395538
"ITA",.16029328
"ITA",.00636207
"ITA",.35174433
"ITA",-.03324591
"ITA",-.00362896
"ITA",-.04882114
"ITA",-.07313538
"ITA",-.06081237
"ITA",-.14117528
"ITA",-.08548102
"ITA",.03531469
"ITA",-.00438141
"ITA",-.06639639
"ITA",-.01998709
"ITA",-.00892579
"ITA",-.04056691
"ITA",-.04020865
"ITA",-.06528076
"ITA",-.0114176
"ITA",-.08211246
"ITA",-.04892443
"ITA",-.06938779
"ITA",-.06811618
"ITA",-.09104664
"ITA",-.08164152
"ITA",-.0742881
"ITA",-.10007349
"ITA",-.06861447
"ITA",-.24657844
"ITA",.13930185
"ITA",-.04580536
"ITA",-.19492339
"ITA",.33449649
"ITA",.21724091
"ITA",.01241224
"ITA",-.11081305
"ITA",-.06525496
"ITA",-.12973991
"ITA",-.19492339
"ITA",.4462881
"ITA",-.15048398
"ITA",-.00814537
"ITA",.02756895
"ITA",.09599662
"ITA",.04299606
"ITA",.05835371
"ITA",-.06620858
"ITA",.02224912
"ITA",-.01798395
"ITA",.09174837
"ITA",-.01728702
"ITA",-.00460755
"ITA",-.05224533
"ITA",-.04647133
"ITA",-.02436409
"ITA",-.06937889
"ITA",-.04343783
"ITA",-.02452187
"ITA",-.10012204
"ITA",.04177909
"ITA",.15786624
"ITA",-.06306465
"ITA",.05081705
"ITA",-.03511532
"ITA",-.03585187
"ITA",-.07664245
"ITA",-.08681566
"ITA",-.07166396
"ITA",.00376564
"ITA",-.01067392
"ITA",-.07723898
"ITA",.04570692
"ITA",-.07418228
"ITA",-.03511198
"ITA",-.02956006
"ITA",-.05782755
"ITA",-.03642551
"ITA",-.04193729
"ITA",-.01477892
"ITA",.03717972
"ITA",.05830044
"ITA",.05319362
"ITA",.03578847
"ITA",.05100165
"ITA",.03267773
"ITA",.03790302
"ITA",.00527884
"ITA",.0477013
"ITA",.04360395
"ITA",.04215854
"ITA",.0221077
"ITA",.02490862
"ITA",.03728456
"ITA",-.00085948
"ITA",.04337067
"ITA",.25123071
"ITA",-.08127531
"ITA",-.03082731
"ITA",-.03964186
"ITA",-.07489094
"ITA",.27828826
"ITA",.00851131
"ITA",.08186752
"ITA",-.1199503
"ITA",.07704412
"ITA",-.05430032
"ITA",-.09044155
"ITA",-.1199659
"ITA",.02300573
"ITA",.04930745
"ITA",-.03765413
"ITA",.00347652
"ITA",.05183676
"ITA",.01525683
"ITA",-.07679613
"ITA",.18677525
"ITA",-.01500596
"ITA",-.00071212
"ITA",-.03554354
"ITA",-.01136658
"ITA",-.04354768
"ITA",-.02693756
"ITA",-.04971166
"ITA",-.07908763
"ITA",-.03894397
"ITA",.21780756
"ITA",.39942545
"ITA",.17853968
"ITA",-.02473351
"ITA",.2339469
"ITA",.01162365
"ITA",-.12081824
"ITA",.00563314
"ITA",-.08252435
"ITA",-.08203419
"ITA",-.1123428
"ITA",.08154
"ITA",.0220123
"ITA",.03305452
"ITA",-.02416462
"ITA",-.08555247
"ITA",-.08967618
"ITA",.01465781
"ITA",-.08562766
"ITA",-.08261341
"ITA",-.05513889
"ITA",-.06893963
"ITA",-.05856921
"ITA",-.05318288
"ITA",-.02756231
"ITA",-.09995805
"ITA",-.0448026
"ITA",.08336297
"ITA",-.14816205
"ITA",-.10140485
"ITA",.06681125
"ITA",-.03053712
"ITA",.41402358
"ITA",.02314805
"ITA",-.0793877
"ITA",.16576393
"ITA",.0589024
"ITA",-.04150741
"ITA",.03226989
"ITA",-.07099693
"ITA",.026206
"ITA",-.05238727
"ITA",-.01527683
"ITA",-.03076585
"ITA",.02343592
"ITA",.03935047
"ITA",.00166687
"ITA",-.02608776
"ITA",.03095816
"ITA",-.0082921
"ITA",-.0594066
"ITA",-.018953
"ITA",-.02171807
"ITA",-.04348675
"ITA",-.06095933
"ITA",-.02528001
"ITA",-.01778593
"ITA",-.07161363
"ITA",-.04189029
"ITA",.21008781
"ITA",-.02370826
"ITA",.03368951
"ITA",.0741287
"ITA",-.10878912
"ITA",-.2023375
"ITA",.28934215
"ITA",.11973367
"ITA",-.01335104
"ITA",-.0964531
"ITA",.02075597
"ITA",.02088842
"ITA",-.07450413
"ITA",-.04774596
"ITA",-.08477559
"ITA",-.002425
"ITA",-.02588093
"ITA",.02559471
"ITA",-.01450789
"ITA",-.06774612
"ITA",-.07362268
"ITA",.28091921
"ITA",-.04782609
"ITA",.04264725
"ITA",-.02475977
"ITA",.02116812
"ITA",-.02719255
"ITA",-.07362268
"ITA",-.03764759
"ITA",-.08353595
"ITA",-.00852358
"ITA",-.01389341
"ITA",.19340879
"ITA",.22271175
"ITA",.13016402
"ITA",-.05225554
"ITA",.22204515
"ITA",-.07324264
"ITA",-.04070454
"ITA",-.01249283
"ITA",-.05012398
"ITA",-.12303175
"ITA",-.10174957
"ITA",-.13036398
"ITA",-.08898494
"ITA",-.08148651
"ITA",-.14228459
"ITA",.13367978
"ITA",-.24784967
"ITA",-.26343636
"ITA",.63370817
"ITA",.3406189
"ITA",.31330242
"ITA",-.04605858
"ITA",.02851171
"ITA",.09927471
"ITA",.09821438
"ITA",-.10793427
"ITA",.08449014
"ITA",-.12148628
"ITA",-.06116669
"ITA",-.0989893
"ITA",-.09990828
"ITA",-.12843204
"ITA",-.09229067
"ITA",-.10121313
"ITA",-.13087473
"ITA",-.08987562
"ITA",.30181019
"ITA",-.31058355
"ITA",.10247731
"ITA",-.05151565
"ITA",.18542055
"ITA",.15056221
"ITA",-.0026888
"ITA",.00105816
"ITA",.01159209
"ITA",-.10371444
"ITA",.04064293
"ITA",.03352689
"ITA",-.04308369
"ITA",.00957498
"ITA",-.07580456
"ITA",-.02987544
"ITA",.00124974
"ITA",-.0369827
"ITA",.03422832
"ITA",-.02572062
"ITA",.04394349
"ITA",-.00999481
"ITA",-.01106896
"ITA",.00940844
"ITA",-.00209203
"ITA",.04963161
"ITA",.00117301
"ITA",-.0207528
"ITA",-.02906162
"ITA",-.01439633
"ITA",-.03190664
"ITA",.00085006
"ITA",-.03167485
"ITA",-.03692818
"ITA",-.0215701
"ITA",-.0595773
"ITA",-.0281569
"ITA",-.33136594
"ITA",-.11774516
"ITA",-.21188597
"ITA",-.06800591
"ITA",-.13145471
"ITA",-.05043828
"ITA",-.18999882
"ITA",.2068794
"ITA",-.14770804
"ITA",-.02712895
"ITA",.02540818
"ITA",-.06629274
"ITA",.11050657
"ITA",-.00136881
"ITA",.12995785
"ITA",.06261091
"ITA",.01132571
"ITA",.05261187
"ITA",-.08776841
"ITA",.08408741
"ITA",-.01223783
"ITA",-.00275976
"ITA",.03103142
"ITA",.06075874
"ITA",.12789185
"ITA",.14928574
"ITA",.10765059
"ITA",.0570836
"ITA",.02977082
"ITA",.06827935
"ITA",.03780236
"ITA",.01406844
"ITA",.02932781
"ITA",.01668341
"ITA",.01840924
"ITA",.00744912
"ITA",.00801715
"ITA",-.02542624
"ITA",.02468808
"ITA",.21484851
"ITA",-.27423003
"ITA",-.12073125
"ITA",.22163477
"ITA",-.1017667
"ITA",.26467419
"ITA",.15925795
"ITA",-.12092854
"ITA",-.09767546
"ITA",-.12328984
"ITA",.00734797
"ITA",.30277956
"ITA",.09987211
"ITA",-.09750072
"ITA",-.05808901
"ITA",.1709317
"ITA",-.00047755
"ITA",-.0058213
"ITA",.00976744
"ITA",-.01602457
"ITA",-.03707305
"ITA",-.03581594
"ITA",-.03970349
"ITA",-.05563425
"ITA",-.06881197
"ITA",-.04525337
"ITA",-.02805279
"ITA",-.08227769
"ITA",-.04195665
"ITA",-.01168878
"ITA",-.23830333
"ITA",-.26414489
"ITA",-.2579732
"ITA",-.24502315
"ITA",.69269982
"ITA",-.03842918
"ITA",-.08615146
"ITA",.28161637
"ITA",-.06044499
"ITA",.06902104
"ITA",.03169816
"ITA",-.10847426
"ITA",-.00897344
"ITA",-.0011346
"ITA",-.03112096
"ITA",-.06128127
"ITA",.00413921
"ITA",.03547283
"ITA",.037139
"ITA",.01330848
"ITA",-.00446547
"ITA",.03999194
"ITA",.0735161
"ITA",.00165537
"ITA",.05948444
"ITA",.01820523
"ITA",.04832311
"ITA",.03189527
"ITA",.05146608
"ITA",.00207635
"ITA",-.05826685
"ITA",-.01583295
"ITA",-.15166189
"ITA",.2227963
"ITA",-.00656069
"ITA",-.05704281
"ITA",.18469501
"ITA",-.20782005
"ITA",.14872927
"ITA",.22756779
"ITA",.11476825
"ITA",.02503358
"ITA",-.22694179
"ITA",.21237827
"ITA",-.08889973
"ITA",.06715272
"ITA",-.02475461
"ITA",.0326276
"ITA",.00437298
"ITA",.00540072
"ITA",-.04425092
"ITA",-.00941118
"ITA",-.06541898
"ITA",-.02388343
"ITA",.00173332
"ITA",-.01973543
"ITA",-.04971545
"ITA",-.06765695
"ITA",-.04626306
"ITA",-.1007488
"ITA",-.05649003
"ITA",-.13461701
"ITA",-.12844533
"ITA",-.11549527
"ITA",-.09635782
"ITA",-.10877545
"ITA",-.06090089
"ITA",-.11903031
"ITA",-.08582679
"ITA",-.08192533
"ITA",-.11549527
"ITA",-.02788183
"ITA",.01376768
"ITA",.17740281
"ITA",.00351282
"ITA",.68107331
"ITA",-.00590219
"ITA",.08115575
"ITA",-.01018211
"ITA",.01376768
"ITA",.01034887
"ITA",.03799911
"ITA",.0047332
"ITA",.02688751
"ITA",.00704786
"ITA",.01937131
"ITA",.01376768
"ITA",-.12994701
"ITA",.26868207
"ITA",.0299518
"ITA",-.09213094
"ITA",-.08195464
"ITA",.01414385
"ITA",-.00874513
"ITA",.08102772
"ITA",-.15948849
"ITA",-.11356705
"ITA",-.00967082
"ITA",.02378233
"ITA",-.16641264
"ITA",-.1200041
"ITA",-.17618442
"ITA",-.12372091
"ITA",-.14724079
"ITA",-.05216002
"ITA",-.1082874
"ITA",-.04646652
"ITA",.12152826
"ITA",.0376437
"ITA",.05597664
"ITA",.04935968
"ITA",-.06697708
"ITA",-.01635826
"ITA",-.01456191
"ITA",.01192676
"ITA",-.07875749
"ITA",-.01439451
"ITA",.01227701
"ITA",.08187125
"ITA",.09413424
"ITA",.08532049
"ITA",.12393465
"ITA",.079938
"ITA",.06561665
"ITA",.07691924
"ITA",.03712199
"ITA",.05279389
"ITA",.05383398
"ITA",.05776539
"ITA",.04710109
"ITA",.0288258
"ITA",.04686228
"ITA",.02313064
"ITA",.06556073
"ITA",.21230595
"ITA",.34130034
"ITA",-.20257419
"ITA",-.18962413
"ITA",.01385737
"ITA",-.06849415
"ITA",-.10836144
"ITA",-.03189118
"ITA",-.10764972
"ITA",-.07628029
"ITA",-.12402707
"ITA",.27664331
"ITA",.1091983
"ITA",.38067038
"ITA",.05627557
"ITA",-.02588284
"ITA",-.01854577
"ITA",-.00483897
"ITA",-.08491608
"ITA",.00919649
"ITA",-.02882497
"ITA",-.01855973
"ITA",-.06469643
"ITA",-.05205741
"ITA",-.04660227
"ITA",-.09192654
"ITA",-.05369452
"ITA",.64434222
"ITA",-.07644829
"ITA",.20574843
"ITA",-.24145528
"ITA",.04173269
"ITA",.02906922
"ITA",-.0349298
"ITA",-.10659988
"ITA",-.04628606
"ITA",-.02598535
"ITA",-.16020387
"ITA",-.0218199
"ITA",-.00553113
"ITA",-.04329552
"ITA",.0201753
"ITA",-.05740361
"ITA",-.03836535
"ITA",-.08057957
"ITA",-.02618283
"ITA",-.04682604
"ITA",-.11793856
"ITA",.11043959
"ITA",.09682606
"ITA",.02352247
"ITA",.02677295
"ITA",.00521721
"ITA",.0044018
"ITA",.00550818
"ITA",-.03343553
"ITA",.00346277
"ITA",.01181373
"ITA",.00251434
"ITA",-.02793537
"ITA",-.02701462
"ITA",.02458119
"ITA",-.03238315
"ITA",-.00550844
"ITA",-.0204221
"ITA",.00636874
"ITA",-.17346933
"ITA",.07991189
"ITA",-.16568293
"ITA",.15394733
"ITA",-.2058083
"ITA",-.07265804
"ITA",-.07180691
"ITA",-.02932823
"ITA",-.07078842
"ITA",.07326044
"ITA",.02432244
"ITA",-.08956203
"ITA",.14890816
"ITA",.0080677
"ITA",.00446822
"ITA",-.00419056
"ITA",-.00857042
"ITA",-.09202344
"ITA",-.03013238
"ITA",-.02862403
"ITA",.04829942
"ITA",.10073737
"ITA",.0342516
"ITA",.0413945
"ITA",.04005475
"ITA",-.00348384
"ITA",.08558183
"ITA",.00902711
"ITA",.03121451
"ITA",.04341259
"ITA",.01183012
"ITA",.02148862
"ITA",.00055068
"ITA",.06316285
"ITA",.00554143
"ITA",.03074864
"ITA",-.1571533
"ITA",.47378501
"ITA",.11787248
"ITA",.01045249
"ITA",-.21582713
"ITA",.35344283
"ITA",-.01906339
"ITA",.00289507
"ITA",.02069195
"ITA",.12901664
"ITA",-.05781962
"ITA",-.0545589
"ITA",.00531788
"ITA",.03358019
"ITA",.01726245
"ITA",.00578344
"ITA",.02494244
"ITA",-.01395891
"ITA",.00918497
"ITA",-.06702451
"ITA",-.06486571
"ITA",-.06381322
"ITA",-.08580983
"ITA",-.08599373
"ITA",-.05992935
"ITA",-.06980644
"ITA",-.10635452
"ITA",-.08224928
"ITA",.45952745
"ITA",.03947223
"ITA",.22842526
"ITA",-.01990354
"ITA",.02368097
"ITA",-.06753991
"ITA",-.05307876
"ITA",.03236125
"ITA",.01200667
"ITA",.00640442
"ITA",-.01633879
"ITA",-.01225071
"ITA",.03743427
"ITA",.01798515
"ITA",-.00592245
"ITA",-.12146756
"ITA",-.05159888
"ITA",-.04684588
"ITA",-.09921198
"ITA",-.05865843
"ITA",-.08106919
"ITA",-.01788459
"ITA",.02121765
"ITA",.012577
"ITA",.00528509
"ITA",-.0249262
"ITA",-.04698328
"ITA",-.01324884
"ITA",-.02423797
"ITA",.01056988
"ITA",-.0162726
"ITA",-.0039851
"ITA",-.03428127
"ITA",-.0307217
"ITA",-.0158538
"ITA",-.05167184
"ITA",.007006
"ITA",.04943455
"ITA",-.19346114
"ITA",.12267533
"ITA",.01689098
"ITA",.03460994
"ITA",.13492324
"ITA",-.036126
"ITA",.13236505
"ITA",-.04380484
"ITA",-.0269123
"ITA",.00781657
"ITA",.04872364
"ITA",-.00003853
"ITA",-.00357477
"ITA",.01493902
"ITA",.02488543
"ITA",-.0204764
"ITA",-.00860638
"ITA",-.04713732
"ITA",-.05359592
"ITA",-.03593342
"ITA",-.01267176
"ITA",-.05505155
"ITA",-.04987341
"ITA",.49069828
"ITA",.03144185
"ITA",.13750724
"ITA",-.04978991
"ITA",-.04241069
"ITA",-.05476972
"ITA",-.03018316
"ITA",-.09608046
"ITA",-.14006633
"ITA",-.1294008
"ITA",-.0804188
"ITA",-.00500398
"ITA",-.08937115
"ITA",-.07393877
"ITA",-.11499763
"ITA",-.08652142
"ITA",.06527933
"ITA",.01777926
"ITA",-.05296556
"ITA",.00027675
"ITA",-.01473038
"ITA",-.07373167
"ITA",-.03318479
"ITA",-.04596821
"ITA",.01104659
"ITA",.07682501
"ITA",.05730293
"ITA",.06954991
"ITA",.02719644
"ITA",.01944829
"ITA",.05320132
"ITA",.0043456
"ITA",.02747761
"ITA",.05384157
"ITA",.0310701
"ITA",.0030866
"ITA",.00787736
"ITA",.01529563
"ITA",-.01316148
"ITA",.02614724
"ITA",.14153184
"ITA",-.08961767
"ITA",.23552621
"ITA",-.09252153
"ITA",-.2004816
"ITA",.21115521
"ITA",.01394883
"ITA",-.08074382
"ITA",-.08061109
"ITA",.08035255
"ITA",.02026619
"ITA",-.03715629
"ITA",.01504019
"ITA",-.02245864
"ITA",.00971676
"ITA",.07607787
"ITA",.01347737
"ITA",.04406064
"ITA",.02109298
"ITA",-.07176678
"ITA",.06970233
"ITA",-.01177286
"ITA",-.02020365
"ITA",-.00097652
"ITA",-.02076585
"ITA",-.03021565
"ITA",-.06402962
"ITA",-.04352027
"ITA",-.06199764
"ITA",-.0231095
"ITA",-.03726478
"ITA",.07643757
"ITA",.24355089
"ITA",.10221509
"ITA",-.07707666
"ITA",.09780611
"ITA",.01725597
"ITA",-.0370456
"ITA",-.06546594
"ITA",.02118814
"ITA",-.02053639
"ITA",-.02214764
"ITA",-.11729418
"ITA",.08562707
"ITA",.01821963
"ITA",.01105621
"ITA",-.01084646
"ITA",-.03209131
"ITA",-.06453438
"ITA",.06955998
"ITA",-.05026628
"ITA",.00253788
"ITA",-.02389214
"ITA",-.05211148
"ITA",-.03240983
"ITA",-.02209539
"ITA",-.01620634
"ITA",-.03441907
"ITA",-.02975067
"ITA",-.2296499
"ITA",.64555965
"ITA",.04750606
"ITA",-.20722716
"ITA",.12768598
"ITA",.01432765
"ITA",-.06199064
"ITA",.02308676
"ITA",.01321752
"ITA",-.05141234
"ITA",.08282219
"ITA",.22919297
"ITA",-.04414901
"ITA",.01722421
"ITA",-.0014758
"ITA",-.10647576
"ITA",-.04131341
"ITA",-.02883161
"ITA",-.05753637
"ITA",-.0559326
"ITA",-.07629786
"ITA",-.06826924
"ITA",-.10357993
"ITA",-.06648135
"ITA",.11004907
"ITA",.0861635
"ITA",.14218303
"ITA",.09437306
"ITA",-.0033117
"ITA",-.04205933
"ITA",.10440375
"ITA",.03534388
"ITA",-.00385488
"ITA",-.01001079
"ITA",-.04227056
"ITA",-.07902554
"ITA",-.07769814
"ITA",-.06160234
"ITA",-.02732587
"ITA",-.06783355
"ITA",-.09590299
"ITA",-.06162061
"ITA",-.01819721
"ITA",-.14715831
"ITA",.06498236
"ITA",.03280354
"ITA",-.09771616
"ITA",-.00649853
"ITA",-.06971819
"ITA",-.021593
"ITA",.10842092
"ITA",-.00719338
"ITA",.06446652
"ITA",.01600287
"ITA",.10133871
"ITA",.05845853
"ITA",-.01004421
"ITA",-.06383575
"ITA",.08726452
"ITA",-.06754966
"ITA",.07109997
"ITA",-.00805394
"ITA",.06250068
"ITA",-.06656515
"ITA",.04049336
"ITA",-.02340319
"ITA",-.06790443
"ITA",-.03240087
"ITA",.1572783
"ITA",.05581926
"ITA",-.06476202
"ITA",-.09969171
"ITA",.03157005
"ITA",.14439102
"ITA",-.04530755
"ITA",-.0614109
"ITA",-.05573322
"ITA",-.04325595
"ITA",-.07863816
"ITA",.05974087
"ITA",-.04334449
"ITA",.11543053
"ITA",.01896381
"ITA",.0591159
"ITA",.0671808
"ITA",.08752885
"ITA",.15609338
"ITA",.02024921
"ITA",-.05553435
"ITA",-.10589826
"ITA",.01333905
"ITA",-.02248604
"ITA",-.06529603
"ITA",.1049073
"ITA",-.03180969
"ITA",.03745012
"ITA",.00583402
"ITA",-.02393265
"ITA",.06318184
"ITA",-.00484138
"ITA",-.00530428
"ITA",-.04606092
"ITA",-.03725596
"ITA",-.04653176
"ITA",-.03207369
"ITA",-.05414299
"ITA",-.03847509
"ITA",-.02311129
"ITA",-.07701337
"ITA",-.03616257
"ITA",-.04084965
"ITA",.13046899
"ITA",-.0292125
"ITA",-.18823371
"ITA",.54594637
"ITA",-.17698251
"ITA",-.02117151
"ITA",.0395048
"ITA",-.05459651
"ITA",-.06081986
"ITA",.00026744
"ITA",-.03769346
"ITA",.00330394
"ITA",.06669197
"ITA",.04409749
"ITA",.0293724
"ITA",.09098173
"ITA",-.06041343
"ITA",-.04313369
"ITA",-.04564054
"ITA",-.06211796
"ITA",-.03358405
"ITA",-.05422812
"ITA",-.04195761
"ITA",.03385519
"ITA",.09984842
"ITA",.01796783
"ITA",-.23227333
"ITA",.12685642
"ITA",.17744567
"ITA",-.2025448
"ITA",-.10256586
"ITA",-.13397401
"ITA",-.08871885
"ITA",-.08765396
"ITA",-.03584983
"ITA",.08032265
"ITA",.02810957
"ITA",.13104906
"ITA",.1743489
"ITA",.03631596
"ITA",.04336945
"ITA",.07448007
"ITA",.0980689
"ITA",-.01651687
"ITA",.02682752
"ITA",-.01918091
"ITA",.01041778
"ITA",.00173612
"ITA",-.03076409
"ITA",-.03309375
"ITA",-.02113313
"ITA",.02949113
"ITA",-.04448189
"ITA",-.03182999
"ITA",-.03044896
"ITA",-.05031679
"ITA",-.02916365
"ITA",-.14067051
"ITA",-.2345179
"ITA",.15536054
"ITA",-.24393291
"ITA",.05669921
"ITA",-.14336941
"ITA",.15421338
"ITA",-.04261821
"ITA",.05507917
"ITA",-.07755102
"ITA",-.07376161
"ITA",.25749441
"ITA",.06022957
"ITA",.22150703
"ITA",.12370307
"ITA",-.12138978
"ITA",-.10843972
"ITA",-.1380646
"ITA",.24002929
"ITA",-.24526754
"ITA",-.09630631
"ITA",-.0379604
"ITA",.04004242
"ITA",.42900198
"ITA",.02526537
"ITA",-.16308472
"ITA",-.12303246
"ITA",.20809869
"ITA",.06021109
"ITA",.0234174
"ITA",.07619342
"ITA",-.00798028
"ITA",-.05438071
"ITA",-.11572242
"ITA",.04064887
"ITA",-.04577676
"ITA",-.06815665
"ITA",-.0591982
"ITA",.0725942
"ITA",.07698461
"ITA",.02567084
"ITA",.0194337
"ITA",.00259054
"ITA",.02433191
"ITA",.02173421
"ITA",-.03344198
"ITA",.00108835
"ITA",-.00265758
"ITA",-.00077228
"ITA",-.03542483
"ITA",.00024209
"ITA",-.01597645
"ITA",-.03930994
"ITA",-.00310019
"ITA",.3325874
"ITA",.06533105
"ITA",-.14472075
"ITA",.08493869
"ITA",.05163047
"ITA",.26413359
"ITA",.07472765
"ITA",.06924413
"ITA",-.03781433
"ITA",-.05077507
"ITA",-.04073468
"ITA",-.01884225
"ITA",-.08931814
"ITA",-.11460102
"ITA",-.04135205
"ITA",.03939828
"ITA",.03006245
"ITA",.01107872
"ITA",.01374794
"ITA",-.01291139
"ITA",-.01639995
"ITA",-.00984714
"ITA",-.06556789
"ITA",-.01863788
"ITA",-.02788556
"ITA",-.05692171
"ITA",-.04861696
"ITA",-.05468569
"ITA",-.04099367
"ITA",-.08635846
"ITA",-.05989574
"ITA",.0152398
"ITA",.3437986
"ITA",-.21437929
"ITA",-.17272978
"ITA",-.13978094
"ITA",-.01868158
"ITA",.25616466
"ITA",.06104955
"ITA",-.16463474
"ITA",.01938945
"ITA",.00110672
"ITA",-.02891293
"ITA",-.00125267
"ITA",.1585442
"ITA",.0336839
"ITA",-.05690647
"ITA",-.06754321
"ITA",-.00330307
"ITA",-.016148
"ITA",-.03145411
"ITA",.00620999
"ITA",.09921992
"ITA",-.03492761
"ITA",-.08102531
"ITA",.03727292
"ITA",-.12064893
"ITA",-.19640399
"ITA",-.17857026
"ITA",-.13699849
"ITA",-.08262477
"ITA",.26321961
"ITA",.24786814
"ITA",-.01708435
"ITA",-.040398
"ITA",.0351583
"ITA",-.08368562
"ITA",.13254225
"ITA",.08536796
"ITA",-.03257045
"ITA",.13359384
"ITA",.03192659
"ITA",-.06544214
"ITA",.1771875
"ITA",-.03661716
"ITA",-.0003788
"ITA",-.04035434
"ITA",-.0018055
"ITA",-.00447468
"ITA",-.02722079
"ITA",.01048284
"ITA",-.06192816
"ITA",.00985937
"ITA",.2833332
"ITA",-.10770535
"ITA",-.05369411
"ITA",.36356335
"ITA",.25339869
"ITA",-.06091508
"ITA",-.11553978
"ITA",-.0545345
"ITA",.08741383
"ITA",-.06337125
"ITA",-.06760159
"ITA",-.08650391
"ITA",.10315579
"ITA",-.10401129
"ITA",.0079922
"ITA",-.01713415
"ITA",-.06970031
"ITA",-.04716197
"ITA",-.0661444
"ITA",-.0213831
"ITA",-.09649348
"ITA",-.06696279
"ITA",-.03409224
"ITA",.01997622
"ITA",.12366105
"ITA",-.08116524
"ITA",-.04548589
"ITA",.05241776
"ITA",.0209062
"ITA",.1967393
"ITA",-.07852395
"ITA",-.13531461
"ITA",-.0979114
"ITA",.08554205
"ITA",-.12224054
"ITA",.05741452
"ITA",-.07633915
"ITA",-.04292683
"ITA",.04279864
"ITA",.08157372
"ITA",.03297039
"ITA",-.05907388
"ITA",-.08107302
"ITA",.08310785
"ITA",-.02438502
"ITA",-.02710855
"ITA",-.03773052
"ITA",-.03469853
"ITA",-.06204117
"ITA",-.15852371
"ITA",.20129725
"ITA",-.14660165
"ITA",-.04354362
"ITA",-.04146784
"ITA",-.09576301
"ITA",-.1517917
"ITA",.33679757
"ITA",-.10725502
"ITA",.02150423
"ITA",.08904981
"ITA",.0755807
"ITA",.06564044
"ITA",.07043615
"ITA",-.03598058
"ITA",.06127668
"ITA",.09192592
"ITA",.03020953
"ITA",.03138886
"ITA",.0093274
"ITA",.02598539
"ITA",-.02703845
"ITA",-.01711345
"ITA",-.05501478
"ITA",.01267671
"ITA",.17104014
"ITA",-.16885095
"ITA",.11199506
"ITA",-.02697062
"ITA",.00726984
"ITA",-.09983125
"ITA",.04608149
"ITA",-.042889
"ITA",-.04630781
"ITA",.21391904
"ITA",.11619166
"ITA",-.03691648
"ITA",.01176012
"ITA",-.04944711
"ITA",-.02016056
"ITA",-.00234486
"ITA",-.0007757
"ITA",-.03857776
"ITA",-.01424001
"ITA",-.04021942
"ITA",-.06601911
"ITA",-.02470672
"ITA",.35112591
"ITA",-.21324737
"ITA",.47087102
"ITA",-.235227
"ITA",-.17159863
"ITA",.27842751
"ITA",-.19040939
"ITA",.50651784
"ITA",-.16292245
"ITA",-.10666127
"ITA",.00005401
"ITA",-.07939214
"ITA",.0985121
"ITA",.01140957
"ITA",.01508901
"ITA",-.00577168
"ITA",-.03127902
"ITA",-.05156981
"ITA",-.03860682
"ITA",-.04492528
"ITA",-.07482309
"ITA",-.05380395
"ITA",-.07563548
"ITA",-.05335849
"ITA",-.08703362
"ITA",-.05574149
"ITA",.00842168
"ITA",.07898111
"ITA",.74134414
"ITA",-.01789614
"ITA",-.14813604
"ITA",-.05337689
"ITA",-.10990535
"ITA",-.1167414
"ITA",-.06563669
"ITA",-.11015614
"ITA",-.11320635
"ITA",-.02859058
"ITA",-.06510136
"ITA",-.10179208
"ITA",-.03754908
"ITA",.13858072
"ITA",-.15064212
"ITA",.03635467
"ITA",.0348497
"ITA",.01954572
"ITA",.00305134
"ITA",.17265246
"ITA",-.04724578
"ITA",.08895094
"ITA",-.05934869
"ITA",.12045103
"ITA",-.04314739
"ITA",.07045608
"ITA",-.00952365
"ITA",-.01185588
"ITA",-.07576626
"ITA",-.11081945
"ITA",-.0372023
"ITA",.39115116
"ITA",.23542675
"ITA",-.03138307
"ITA",.27940191
"ITA",-.09543098
"ITA",.00208853
"ITA",-.09638134
"ITA",-.03526591
"ITA",-.01021755
"ITA",.1929431
"ITA",.14134376
"ITA",-.09215627
"ITA",-.04186938
"ITA",-.02890364
"ITA",-.09168958
"ITA",-.09639204
"ITA",-.11476039
"ITA",-.08622105
"ITA",-.13337121
"ITA",-.09042762
"ITA",-.0927631
"ITA",-.10512208
"ITA",.12682844
"ITA",.13229418
"ITA",-.04161837
"ITA",-.17708817
"ITA",.46373764
"ITA",-.11907498
"ITA",-.12499719
"ITA",-.01969258
"ITA",-.06945848
"ITA",-.04614403
"ITA",-.00686684
"ITA",.01762338
"ITA",-.00201547
"ITA",.09434103
"ITA",-.00775517
"ITA",.0143669
"ITA",.02372099
"ITA",.03374756
"ITA",-.06627183
"ITA",-.01178539
"ITA",-.03369976
"ITA",-.03232754
"ITA",-.03216716
"ITA",-.02375053
"ITA",-.03146707
"ITA",-.04485755
"ITA",-.01562202
"ITA",.21509637
"ITA",.25664603
"ITA",.16864728
"ITA",-.01337192
"ITA",.12021355
"ITA",-.09254293
"ITA",.24062747
"ITA",-.23562545
"ITA",-.10754454
"ITA",.18303828
"ITA",.09114853
"ITA",.09099774
"ITA",-.25474719
"ITA",.15240067
"ITA",-.15895004
"ITA",.02082649
"ITA",-.006447
"ITA",.01736064
"ITA",.00294431
"ITA",-.03247595
"ITA",-.04777291
"ITA",-.02840462
"ITA",-.07552609
"ITA",-.05265633
"ITA",-.03886323
"ITA",-.06074349
"ITA",-.07446862
"ITA",-.06690552
"ITA",-.02682629
"ITA",-.11177429
"ITA",-.07430093
"ITA",-.00951527
"ITA",-.1058799
"ITA",-.05329274
"ITA",.06952303
"ITA",.05507532
"ITA",-.18328902
"ITA",.0742234
"ITA",.21790772
"ITA",-.0339144
"ITA",.04571991
"ITA",-.05924848
"ITA",.14535756
"ITA",-.04448527
"ITA",.03987015
"ITA",-.05402607
"ITA",-.02966531
"ITA",-.03725238
"ITA",-.01532915
"ITA",-.06127339
"ITA",.08809978
"ITA",-.05400288
"ITA",.00539737
"ITA",.02306815
"ITA",.14730645
"ITA",.05353254
"ITA",.19666314
"ITA",.15232255
"ITA",.07319754
"ITA",.17126719
"ITA",-.00257799
"ITA",.33538422
"ITA",-.07318495
"ITA",-.11654169
"ITA",-.04464754
"ITA",-.0394375
"ITA",.0497185
"ITA",-.03761024
"ITA",-.02923925
"ITA",-.02156753
"ITA",-.07371762
"ITA",-.05714183
"ITA",-.03539079
"ITA",-.09163701
"ITA",-.05370445
"ITA",-.07351597
"ITA",-.04908485
"ITA",-.06457522
"ITA",-.07554298
"ITA",-.06286758
"ITA",-.12023198
"ITA",-.0802433
"ITA",-.26767241
"ITA",.12067986
"ITA",-.07380346
"ITA",.27746
"ITA",-.11137175
"ITA",-.20063292
"ITA",-.22955818
"ITA",-.11158344
"ITA",-.17897425
"ITA",-.09290429
"ITA",-.11068299
"ITA",.01229194
"ITA",.03794674
"ITA",.27545472
"ITA",.02951926
"ITA",.02334958
"ITA",-.05735075
"ITA",-.01932473
"ITA",-.0080603
"ITA",.04340129
"ITA",-.06044749
"ITA",-.00813752
"ITA",-.00205678
"ITA",.11979691
"ITA",.07919201
"ITA",.09766002
"ITA",.07860263
"ITA",.05051184
"ITA",.03700254
"ITA",.04298553
"ITA",.00248495
"ITA",.04595741
"ITA",.05871673
"ITA",.02353557
"ITA",.02005625
"ITA",.02457617
"ITA",.02420673
"ITA",-.01395544
"ITA",.02112802
"ITA",.50699039
"ITA",-.27234065
"ITA",.52848334
"ITA",-.13233952
"ITA",-.2206856
"ITA",.61763225
"ITA",-.03661994
"ITA",-.1219794
"ITA",-.18829183
"ITA",-.07610428
"ITA",-.17677369
"ITA",.02157972
"ITA",-.01864021
"ITA",.00228786
"ITA",-.04798306
"ITA",-.00649548
"ITA",-.01701721
"ITA",-.02662073
"ITA",.01606823
"ITA",-.06221502
"ITA",-.03518295
"ITA",.02253066
"ITA",-.02897168
"ITA",-.05892166
"ITA",-.04143034
"ITA",-.04464268
"ITA",-.08518236
"ITA",-.01713419
"ITA",.21457665
"ITA",-.01982733
"ITA",-.25811639
"ITA",-.25902651
"ITA",-.12957589
"ITA",.33430848
"ITA",-.20737146
"ITA",.33209871
"ITA",-.02840103
"ITA",.15929596
"ITA",.02997837
"ITA",.17762781
"ITA",-.09433628
"ITA",-.05556358
"ITA",-.03480414
"ITA",.00537861
"ITA",-.01176167
"ITA",-.00702059
"ITA",-.01971002
"ITA",-.02161929
"ITA",-.03976297
"ITA",.00273169
"ITA",.02209334
"ITA",-.0181236
"ITA",.03612341
"ITA",-.05907182
"ITA",-.05012046
"ITA",.12351588
"ITA",-.00334953
"ITA",-.13233768
"ITA",-.05393436
"ITA",.13626995
"ITA",.08412379
"ITA",.06616227
"ITA",.07004718
"ITA",-.04682269
"ITA",-.06418225
"ITA",-.01387916
"ITA",-.04336021
"ITA",-.02651339
"ITA",-.09071048
"ITA",-.10395738
"ITA",-.02699149
"ITA",.02893882
"ITA",.00533882
"ITA",-.02889104
"ITA",-.01356677
"ITA",.27054519
"ITA",.01254064
"ITA",-.04379571
"ITA",.00652747
"ITA",-.03057417
"ITA",-.0200152
"ITA",-.01662854
"ITA",.00205487
"ITA",-.0081355
"ITA",-.06273425
"ITA",.02431493
"ITA",-.25089894
"ITA",-.07055305
"ITA",-.05380824
"ITA",.44737353
"ITA",-.24919246
"ITA",-.04969202
"ITA",-.05869311
"ITA",-.11325189
"ITA",-.08997449
"ITA",-.00536175
"ITA",-.1635709
"ITA",.0109301
"ITA",.03592353
"ITA",-.00754478
"ITA",.05342169
"ITA",.00443155
"ITA",-.00787031
"ITA",-.03540987
"ITA",-.06078275
"ITA",-.00803656
"ITA",-.03429344
"ITA",.05231733
"ITA",.02461368
"ITA",.05805699
"ITA",.09279665
"ITA",.04826017
"ITA",.03821739
"ITA",.03066779
"ITA",.02288388
"ITA",.06336174
"ITA",.00959555
"ITA",.04201874
"ITA",.05714746
"ITA",.04578384
"ITA",.02851296
"ITA",.00696991
"ITA",.02906142
"ITA",.00878398
"ITA",.04780468
"ITA",-.22580332
"ITA",-.04091566
"ITA",.10186623
"ITA",.25953933
"ITA",.01178869
"ITA",.08913984
"ITA",-.04929488
"ITA",.06915683
"ITA",-.0500664
"ITA",-.22355629
"ITA",.24980613
"ITA",-.15631549
"ITA",-.05186302
"ITA",.10294806
"ITA",.10810754
"ITA",-.00976004
"ITA",-.06913803
"ITA",.02685547
"ITA",-.01475227
"ITA",-.00048191
"ITA",.00797878
"ITA",-.03436997
"ITA",-.04307904
"ITA",-.02134559
"ITA",.03389216
"ITA",-.02418316
"ITA",-.07831937
"ITA",.03216539
"ITA",.26509311
"ITA",.07813242
"ITA",-.1843143
"ITA",-.07054479
"ITA",-.13932319
"ITA",.75588523
"ITA",-.03499147
"ITA",-.07044563
"ITA",-.06174013
"ITA",-.22513633
"ITA",.21904414
"ITA",-.17211337
"ITA",.0234293
"ITA",.00646455
"ITA",.01755637
"ITA",-.02678769
"ITA",-.01558186
"ITA",-.03299931
"ITA",.01993164
"ITA",-.04789791
"ITA",-.02416842
"ITA",-.02809793
"ITA",-.05578654
"ITA",-.03907944
"ITA",-.01342467
"ITA",-.05211035
"ITA",-.08135948
"ITA",-.00963395
"ITA",-.09859354
"ITA",-.15113607
"ITA",.19947607
"ITA",-.09279376
"ITA",-.09845654
"ITA",-.10137295
"ITA",.07459862
"ITA",-.04532401
"ITA",.11311197
"ITA",.14560077
"ITA",.09174261
"ITA",-.01549181
"ITA",.06675752
"ITA",-.05084233
"ITA",.08202728
"ITA",-.10551596
"ITA",-.05733969
"ITA",.01833353
"ITA",.0017571
"ITA",.00076878
"ITA",.05890917
"ITA",.00113642
"ITA",-.0020363
"ITA",.09151246
"ITA",.00878037
"ITA",-.02306466
"ITA",.00630629
"ITA",.01145195
"ITA",.02069246
"ITA",-.02419111
"ITA",-.03439878
"ITA",-.03194105
"ITA",-.03642659
"ITA",-.0240382
"ITA",.10953187
"ITA",.26669423
"ITA",-.04460928
"ITA",-.00926384
"ITA",.08088811
"ITA",-.07455939
"ITA",.19956534
"ITA",-.13163019
"ITA",.03064744
"ITA",-.09339949
"ITA",-.10023554
"ITA",-.0288109
"ITA",.00813251
"ITA",-.04263336
"ITA",-.08033682
"ITA",-.08998068
"ITA",.30545249
"ITA",-.09661472
"ITA",.11558437
"ITA",-.00015412
"ITA",-.20134109
"ITA",.10996592
"ITA",.03896083
"ITA",.07427746
"ITA",-.05704399
"ITA",-.03772673
"ITA",.1359565
"ITA",.01778307
"ITA",-.06118869
"ITA",-.00238381
"ITA",-.13203091
"ITA",-.00154158
"ITA",-.08966908
"ITA",-.00305318
"ITA",.031264
"ITA",.01091222
"ITA",.03230446
"ITA",.00170073
"ITA",-.0073592
"ITA",.00366873
"ITA",-.03764676
"ITA",-.00321705
"ITA",-.00155898
"ITA",-.00362713
"ITA",-.0078651
"ITA",-.02495258
"ITA",-.00605398
"ITA",-.07725524
"ITA",-.02554685
"ITA",.05647209
"ITA",-.09772078
"ITA",.38861443
"ITA",-.06444084
"ITA",.02014733
"ITA",.02344768
"ITA",.01226941
"ITA",-.07236049
"ITA",.01177442
"ITA",.04925113
"ITA",.1831433
"ITA",-.07865377
"ITA",-.10247067
"ITA",-.08003837
"ITA",.06618291
"ITA",.09929407
"ITA",-.06551833
"ITA",-.08004793
"ITA",-.02269073
"ITA",.0239112
"ITA",-.06483584
"ITA",-.02324504
"ITA",-.10585606
"ITA",-.07662911
