adm0_name,adm1_id,adm1_name,date,cum_confirmed_cases,cum_confirmed_cases_imputed,population,cum_hospitalized,event_cancel,event_cancel_popwt,home_isolation,home_isolation_popwt,no_gathering_inside,no_gathering_inside_popwt,social_distance,social_distance_popwt,social_distance_opt,business_closure,no_gathering,no_gathering_size,school_closure,school_closure_popwt,t,dow,month,year,day,longest_series,l_cum_confirmed_cases,D_l_cum_confirmed_cases,l_cum_hospitalized,D_l_cum_hospitalized,sample_avg,day_avg,testing_regime_15mar2020,national_lockdown,no_gathering_5000,no_gathering_1000,no_gathering_100,pck_social_distance
"France",11,"IledeFrance","2020-02-29",,14,12278210,1,1,.1749661,0,0,0,0,0,0,0,0,1,5000,0,0,21974,6,2,2020,29,1,,,0,,,,0,0,1,0,0,.2
"France",11,"IledeFrance","2020-03-01",,20,12278210,1,1,.1749661,0,0,0,0,0,0,0,0,1,5000,0,0,21975,0,3,2020,1,1,,,0,0,,,0,0,1,0,0,.2
"France",11,"IledeFrance","2020-03-02",34,34,12278210,6,1,.1749661,0,0,0,0,0,0,0,0,1,5000,0,0,21976,1,3,2020,2,1,3.526361,,1.791759,1.791759,,,0,0,1,0,0,.2
"France",11,"IledeFrance","2020-03-03",37,37,12278210,12,1,.1749661,0,0,0,0,0,0,0,0,1,5000,0,0,21977,2,3,2020,3,1,3.610918,.0845573,2.484907,.6931472,,.1785852,0,0,1,0,0,.2
"France",11,"IledeFrance","2020-03-04",55,55,12278210,23,1,.1749661,0,0,0,0,0,0,0,0,1,5000,0,0,21978,3,3,2020,4,1,4.007333,.3964155,3.135494,.6505876,,.3471288,0,0,1,0,0,.2
"France",11,"IledeFrance","2020-03-05",76,76,12278210,37,1,.1749661,0,0,0,0,0,0,0,0,1,5000,0,0,21979,4,3,2020,5,1,4.330733,.3234,3.610918,.4754236,,.410651,0,0,1,0,0,.2
"France",11,"IledeFrance","2020-03-06",89,89,12278210,59,1,.1749661,0,0,0,0,0,0,0,0,1,5000,1,.2720509,21980,5,3,2020,6,1,4.488636,.1579032,4.077538,.4666197,,.350974,0,0,1,0,0,.2
"France",11,"IledeFrance","2020-03-07",104,104,12278210,76,1,.1749661,0,0,0,0,0,0,0,0,1,5000,1,.3737232,21981,6,3,2020,7,1,4.644391,.1557546,4.330733,.2531958,,.3647754,0,0,1,0,0,.2
"France",11,"IledeFrance","2020-03-08",243,243,12278210,95,1,.1749661,0,0,0,0,0,0,0,0,1,1000,1,.5828543,21982,0,3,2020,8,1,5.493062,.8486705,4.553877,.2231436,,.3150322,0,0,1,1,0,.4
"France",11,"IledeFrance","2020-03-09",300,300,12278210,143,1,.1749661,0,0,0,0,0,0,0,0,1,1000,1,.8758038,21983,1,3,2020,9,1,5.703783,.210721,4.962845,.408968,,.1914497,0,0,1,1,0,.4
"France",11,"IledeFrance","2020-03-10",334,334,12278210,195,1,.1749661,0,0,0,0,0,0,0,0,1,1000,1,.9832625,21984,2,3,2020,10,1,5.811141,.1073585,5.273,.3101549,,.1988416,0,0,1,1,0,.4
"France",11,"IledeFrance","2020-03-11",492,492,12278210,250,1,.1749661,0,0,0,0,.5,.5,0,0,1,1000,1,1,21985,3,3,2020,11,1,6.198479,.3873377,5.521461,.2484612,,.2272544,0,0,1,1,0,.5
"France",11,"IledeFrance","2020-03-12",577,577,12278210,338,1,.1749661,0,0,0,0,.5,.5,0,0,1,1000,1,1,21986,4,3,2020,12,1,6.357842,.1593637,5.823046,.3015847,,.265296,0,0,1,1,0,.5
"France",11,"IledeFrance","2020-03-13",721,721,12278210,439,1,.1749661,0,0,0,0,1,.6464748,0,0,1,100,1,1,21987,5,3,2020,13,1,6.580639,.2227969,6.084499,.2614536,,.2563666,0,0,1,1,1,.8
"France",11,"IledeFrance","2020-03-14",949,949,12278210,526,1,.1749661,0,0,0,0,1,.6464748,1,0,1,100,1,1,21988,6,3,2020,14,1,6.855409,.2747693,6.265301,.1808019,,.2330573,0,0,1,1,1,.8
"France",11,"IledeFrance","2020-03-15",1209,1209,12278210,628,1,.1749661,0,0,0,0,1,.6464748,1,1,1,100,1,1,21989,0,3,2020,15,1,7.097549,.2421403,6.44254,.1772389,,.1594566,1,.5,1,1,1,.8
"France",11,"IledeFrance","2020-03-16",1762,1762,12278210,762,1,.1749661,0,0,0,0,1,.6464748,1,1,1,100,1,1,21990,1,3,2020,16,1,7.474205,.3766561,6.635947,.1934066,,.1638668,0,.5,1,1,1,.8
"France",11,"IledeFrance","2020-03-17",2177,2177,12278210,942,1,.1749661,.8,.8,0,0,1,.6464748,1,1,1,100,1,1,21991,2,3,2020,17,1,7.685703,.2114983,6.848005,.2120585,,.1300666,0,.9,1,1,1,.8
"France",11,"IledeFrance","2020-03-18",2693,2693,12278210,1124,1,.1749661,.8,.8,0,0,1,.6464748,1,1,1,100,1,1,21992,3,3,2020,18,1,7.898411,.212708,7.024649,.1766438,,.1402146,0,.9,1,1,1,.8
"France",11,"IledeFrance","2020-03-19",3384,3384,12278210,1395,1,.1749661,.8,.8,0,0,1,.6464748,1,1,1,100,1,1,21993,4,3,2020,19,1,8.126814,.2284026,7.24065,.2160006,,.1588209,0,.9,1,1,1,.8
"France",11,"IledeFrance","2020-03-20",3818,3818,12278210,1696,1,.1749661,.8,.8,0,0,1,.6464748,1,1,1,100,1,1,21994,5,3,2020,20,1,8.247482,.1206684,7.436028,.1953783,,.167804,0,.9,1,1,1,.8
"France",11,"IledeFrance","2020-03-21",4695,4695,12278210,1984,1,.1749661,.8,.8,0,0,1,.6464748,1,1,1,100,1,1,21995,6,3,2020,21,1,8.454253,.2067709,7.59287,.1568422,,.1329907,0,.9,1,1,1,.8
"France",11,"IledeFrance","2020-03-22",5283,5283,12278210,2295,1,.1749661,.8,.8,0,0,1,.6464748,1,1,1,100,1,1,21996,0,3,2020,22,1,8.572249,.1179962,7.738488,.145618,,.1559841,0,.9,1,1,1,.8
"France",11,"IledeFrance","2020-03-23",6211,6211,12278210,2757,1,.1749661,1,1,0,0,1,.6464748,1,1,1,100,1,1,21997,1,3,2020,23,1,8.734077,.161828,7.921898,.1834102,,.1547693,0,1,1,1,1,.8
"France",11,"IledeFrance","2020-03-24",6798,6798,12278210,3304,1,.1749661,1,1,0,0,1,.6464748,1,1,1,100,1,1,21998,2,3,2020,24,1,8.824384,.0903063,8.102889,.1809907,,.1289358,0,1,1,1,1,.8
"France",11,"IledeFrance","2020-03-25",7660,7660,12278210,3876,1,.1749661,1,1,0,0,1,.6464748,1,1,1,100,1,1,21999,3,3,2020,25,1,8.943768,.1193838,8.262559,.1596699,,.1278124,0,1,1,1,1,.8
"France",11,"IledeFrance","2020-03-26",,,12278210,4460,1,.1749661,1,1,0,0,1,.6464748,1,1,1,100,1,1,22000,4,3,2020,26,1,,,8.402905,.1403456,,,0,1,1,1,1,.8
"France",11,"IledeFrance","2020-03-27",,,12278210,5174,1,.1749661,1,1,0,0,1,.6464748,1,1,1,100,1,1,22001,5,3,2020,27,1,,,8.551401,.1484966,,,0,1,1,1,1,.8
"France",11,"IledeFrance","2020-03-28",,,12278210,5717,1,.1749661,1,1,0,0,1,.6464748,1,1,1,100,1,1,22002,6,3,2020,28,1,,,8.651199,.0997982,,,0,1,1,1,1,.8
"France",11,"IledeFrance","2020-03-29",,,12278210,6182,1,.1749661,1,1,0,0,1,.6464748,1,1,1,100,1,1,22003,0,3,2020,29,1,,,8.729397,.0781975,,,0,1,1,1,1,.8
"France",11,"IledeFrance","2020-03-30",,,12278210,6895,1,.1749661,1,1,0,0,1,.6464748,1,1,1,100,1,1,22004,1,3,2020,30,1,,,8.838552,.1091547,,,0,1,1,1,1,.8
"France",11,"IledeFrance","2020-03-31",,,12278210,7487,1,.1749661,1,1,0,0,1,.6464748,1,1,1,100,1,1,22005,2,3,2020,31,1,,,8.920923,.0823717,,,0,1,1,1,1,.8
"France",11,"IledeFrance","2020-04-01",,,12278210,7981,1,.1749661,1,1,0,0,1,.6464748,1,1,1,100,1,1,22006,3,4,2020,1,1,,,8.984819,.0638962,,,0,1,1,1,1,.8
"France",11,"IledeFrance","2020-04-02",,,12278210,8508,1,.1749661,1,1,0,0,1,.6464748,1,1,1,100,1,1,22007,4,4,2020,2,1,,,9.048762,.0639429,,,0,1,1,1,1,.8
"France",11,"IledeFrance","2020-04-03",,,12278210,8972,1,.1749661,1,1,0,0,1,.6464748,1,1,1,100,1,1,22008,5,4,2020,3,1,,,9.101864,.0531015,,,0,1,1,1,1,.8
"France",11,"IledeFrance","2020-04-04",,,12278210,9337,1,.1749661,1,1,0,0,1,.6464748,1,1,1,100,1,1,22009,6,4,2020,4,1,,,9.14174,.039876,,,0,1,1,1,1,.8
"France",11,"IledeFrance","2020-04-05",,,12278210,9630,1,.1749661,1,1,0,0,1,.6464748,1,1,1,100,1,1,22010,0,4,2020,5,1,,,9.172639,.030899,,,0,1,1,1,1,.8
"France",11,"IledeFrance","2020-04-06",,,12278210,10012,1,.1749661,1,1,0,0,1,.6464748,1,1,1,100,1,1,22011,1,4,2020,6,1,,,9.211539,.0389004,,,0,1,1,1,1,.8
"France",24,"Centre","2020-02-29",,0,2559073,0,0,0,0,0,0,0,0,0,0,0,1,5000,0,0,21974,6,2,2020,29,0,,,,,,,0,0,1,0,0,0
"France",24,"Centre","2020-03-01",,0,2559073,0,0,0,0,0,0,0,0,0,0,0,1,5000,0,0,21975,0,3,2020,1,0,,,,,,,0,0,1,0,0,0
"France",24,"Centre","2020-03-06",11,11,2559073,0,0,0,0,0,0,0,0,0,0,0,1,5000,1,.2668505,21980,5,3,2020,6,0,2.397895,,,,,,0,0,1,0,0,0
"France",24,"Centre","2020-03-07",16,16,2559073,0,0,0,0,0,0,0,0,0,0,0,1,5000,1,.2668505,21981,6,3,2020,7,0,2.772589,.3746934,,,.2057971,,0,0,1,0,0,0
"France",24,"Centre","2020-03-08",16,16,2559073,1,0,0,0,0,0,0,0,0,0,0,1,1000,1,.2668505,21982,0,3,2020,8,0,2.772589,0,0,,.2057971,,0,0,1,1,0,.2
"France",24,"Centre","2020-03-09",17,17,2559073,2,0,0,0,0,0,0,0,0,0,0,1,1000,1,.2668505,21983,1,3,2020,9,0,2.833213,.0606246,.6931472,.6931472,.2057971,,0,0,1,1,0,.2
"France",24,"Centre","2020-03-10",18,18,2559073,3,0,0,0,0,0,0,0,0,0,0,1,1000,1,.3949575,21984,2,3,2020,10,0,2.890372,.0571585,1.098612,.4054651,.2057971,,0,0,1,1,0,.2
"France",24,"Centre","2020-03-11",20,20,2559073,3,0,0,0,0,0,0,.5,.5,0,0,1,1000,1,.3949575,21985,3,3,2020,11,0,2.995732,.1053605,1.098612,0,.2057971,,0,0,1,1,0,.3
"France",24,"Centre","2020-03-12",30,30,2559073,4,0,0,0,0,0,0,.5,.5,0,0,1,1000,1,.5107822,21986,4,3,2020,12,0,3.401197,.4054651,1.386294,.2876821,.2057971,,0,0,1,1,0,.3
"France",24,"Centre","2020-03-13",33,33,2559073,5,0,0,0,0,0,0,.5,.5,0,0,1,100,1,.5107822,21987,5,3,2020,13,0,3.496508,.0953102,1.609438,.2231436,.2057971,,0,0,1,1,1,.5
"France",24,"Centre","2020-03-14",54,54,2559073,7,0,0,0,0,0,0,.5,.5,0,0,1,100,1,.5107822,21988,6,3,2020,14,0,3.988984,.4924765,1.94591,.3364722,.2057971,,0,0,1,1,1,.5
"France",24,"Centre","2020-03-15",71,71,2559073,12,0,0,0,0,0,0,.5,.5,0,1,1,100,1,.5107822,21989,0,3,2020,15,0,4.26268,.2736959,2.484907,.5389966,.2057971,,1,.5,1,1,1,.5
"France",24,"Centre","2020-03-16",90,90,2559073,18,0,0,0,0,0,0,.5,.5,0,1,1,100,1,1,21990,1,3,2020,16,0,4.49981,.2371297,2.890372,.4054651,.2057971,,0,.5,1,1,1,.5
"France",24,"Centre","2020-03-17",103,103,2559073,28,0,0,.8,.8,0,0,.5,.5,0,1,1,100,1,1,21991,2,3,2020,17,0,4.634729,.1349192,3.332205,.4418328,.2057971,,0,.9,1,1,1,.5
"France",24,"Centre","2020-03-18",128,128,2559073,33,0,0,.8,.8,0,0,.5,.5,0,1,1,100,1,1,21992,3,3,2020,18,0,4.85203,.2173014,3.496508,.1643031,.2057971,,0,.9,1,1,1,.5
"France",24,"Centre","2020-03-19",157,157,2559073,46,0,0,.8,.8,0,0,.5,.5,0,1,1,100,1,1,21993,4,3,2020,19,0,5.056246,.2042155,3.828641,.3321338,.2057971,,0,.9,1,1,1,.5
"France",24,"Centre","2020-03-20",219,219,2559073,62,0,0,.8,.8,0,0,.5,.5,0,1,1,100,1,1,21994,5,3,2020,20,0,5.389072,.3328261,4.127134,.2984929,.2057971,,0,.9,1,1,1,.5
"France",24,"Centre","2020-03-21",254,254,2559073,79,0,0,.8,.8,0,0,.5,.5,0,1,1,100,1,1,21995,6,3,2020,21,0,5.537334,.1482625,4.369448,.2423134,.2057971,,0,.9,1,1,1,.5
"France",24,"Centre","2020-03-22",291,291,2559073,92,0,0,.8,.8,0,0,.5,.5,0,1,1,100,1,1,21996,0,3,2020,22,0,5.673323,.1359887,4.521789,.1523409,.2057971,,0,.9,1,1,1,.5
"France",24,"Centre","2020-03-23",361,361,2559073,114,0,0,1,1,0,0,.5,.5,0,1,1,100,1,1,21997,1,3,2020,23,0,5.888878,.2155547,4.736198,.2144098,.2057971,,0,1,1,1,1,.5
"France",24,"Centre","2020-03-24",450,450,2559073,128,0,0,1,1,0,0,.5,.5,0,1,1,100,1,1,21998,2,3,2020,24,0,6.109248,.2203698,4.85203,.1158319,.2057971,,0,1,1,1,1,.5
"France",24,"Centre","2020-03-25",561,561,2559073,141,0,0,1,1,0,0,.5,.5,0,1,1,100,1,1,21999,3,3,2020,25,0,6.329721,.2204733,4.94876,.0967298,.2057971,,0,1,1,1,1,.5
"France",24,"Centre","2020-03-26",,,2559073,158,0,0,1,1,0,0,.5,.5,0,1,1,100,1,1,22000,4,3,2020,26,0,,,5.062595,.1138349,,,0,1,1,1,1,.5
"France",24,"Centre","2020-03-27",,,2559073,201,0,0,1,1,0,0,.5,.5,0,1,1,100,1,1,22001,5,3,2020,27,0,,,5.303305,.2407098,,,0,1,1,1,1,.5
"France",24,"Centre","2020-03-28",,,2559073,234,0,0,1,1,0,0,.5,.5,0,1,1,100,1,1,22002,6,3,2020,28,0,,,5.455321,.1520166,,,0,1,1,1,1,.5
"France",24,"Centre","2020-03-29",,,2559073,266,0,0,1,1,0,0,.5,.5,0,1,1,100,1,1,22003,0,3,2020,29,0,,,5.583496,.1281748,,,0,1,1,1,1,.5
"France",24,"Centre","2020-03-30",,,2559073,314,0,0,1,1,0,0,.5,.5,0,1,1,100,1,1,22004,1,3,2020,30,0,,,5.749393,.1658969,,,0,1,1,1,1,.5
"France",24,"Centre","2020-03-31",,,2559073,357,0,0,1,1,0,0,.5,.5,0,1,1,100,1,1,22005,2,3,2020,31,0,,,5.877736,.1283426,,,0,1,1,1,1,.5
"France",24,"Centre","2020-04-01",,,2559073,393,0,0,1,1,0,0,.5,.5,0,1,1,100,1,1,22006,3,4,2020,1,0,,,5.97381,.0960741,,,0,1,1,1,1,.5
"France",24,"Centre","2020-04-02",,,2559073,426,0,0,1,1,0,0,.5,.5,0,1,1,100,1,1,22007,4,4,2020,2,0,,,6.05444,.0806298,,,0,1,1,1,1,.5
"France",24,"Centre","2020-04-03",,,2559073,465,0,0,1,1,0,0,.5,.5,0,1,1,100,1,1,22008,5,4,2020,3,0,,,6.142037,.0875978,,,0,1,1,1,1,.5
"France",24,"Centre","2020-04-04",,,2559073,482,0,0,1,1,0,0,.5,.5,0,1,1,100,1,1,22009,6,4,2020,4,0,,,6.177944,.0359068,,,0,1,1,1,1,.5
"France",24,"Centre","2020-04-05",,,2559073,498,0,0,1,1,0,0,.5,.5,0,1,1,100,1,1,22010,0,4,2020,5,0,,,6.2106,.0326557,,,0,1,1,1,1,.5
"France",24,"Centre","2020-04-06",,,2559073,523,0,0,1,1,0,0,.5,.5,0,1,1,100,1,1,22011,1,4,2020,6,0,,,6.259582,.0489817,,,0,1,1,1,1,.5
"France",27,"BourgogneFrancheComté","2020-02-29",,6,2783039,0,0,0,0,0,0,0,0,0,0,0,1,5000,0,0,21974,6,2,2020,29,0,,,,,,,0,0,1,0,0,0
"France",27,"BourgogneFrancheComté","2020-03-01",,8,2783039,7,0,0,0,0,0,0,0,0,0,0,1,5000,0,0,21975,0,3,2020,1,0,,,1.94591,,,,0,0,1,0,0,0
"France",27,"BourgogneFrancheComté","2020-03-03",13,13,2783039,30,0,0,0,0,0,0,0,0,0,0,1,5000,0,0,21977,2,3,2020,3,0,2.564949,,3.401197,,,,0,0,1,0,0,0
"France",27,"BourgogneFrancheComté","2020-03-04",16,16,2783039,40,0,0,0,0,0,0,0,0,0,0,1,5000,0,0,21978,3,3,2020,4,0,2.772589,.2076395,3.688879,.2876821,.2057971,,0,0,1,0,0,0
"France",27,"BourgogneFrancheComté","2020-03-05",39,39,2783039,52,0,0,0,0,0,0,0,0,0,0,1,5000,0,0,21979,4,3,2020,5,0,3.663562,.8909729,3.951244,.2623641,.2057971,,0,0,1,0,0,0
"France",27,"BourgogneFrancheComté","2020-03-06",78,78,2783039,65,0,0,0,0,0,0,0,0,0,0,1,5000,0,0,21980,5,3,2020,6,0,4.356709,.6931474,4.174387,.2231438,.2057971,,0,0,1,0,0,0
"France",27,"BourgogneFrancheComté","2020-03-07",129,129,2783039,80,0,0,0,0,0,0,0,0,0,0,1,5000,0,0,21981,6,3,2020,7,0,4.859812,.5031033,4.382027,.2076392,.2057971,,0,0,1,0,0,0
"France",27,"BourgogneFrancheComté","2020-03-08",112,112,2783039,100,0,0,0,0,0,0,0,0,0,0,1,1000,0,0,21982,0,3,2020,8,0,4.718499,,4.60517,.2231436,,,0,0,1,1,0,.2
"France",27,"BourgogneFrancheComté","2020-03-09",119,119,2783039,113,0,0,0,0,0,0,0,0,0,0,1,1000,0,0,21983,1,3,2020,9,0,4.779123,.0606246,4.727388,.1222177,.2057971,,0,0,1,1,0,.2
"France",27,"BourgogneFrancheComté","2020-03-10",146,146,2783039,141,0,0,0,0,0,0,0,0,0,0,1,1000,0,0,21984,2,3,2020,10,0,4.983607,.2044835,4.94876,.2213721,.2057971,,0,0,1,1,0,.2
"France",27,"BourgogneFrancheComté","2020-03-11",155,155,2783039,157,0,0,0,0,0,0,.5,.5,0,0,1,1000,0,0,21985,3,3,2020,11,0,5.043425,.0598183,5.056246,.1074858,.2057971,,0,0,1,1,0,.3
"France",27,"BourgogneFrancheComté","2020-03-12",219,219,2783039,191,0,0,0,0,0,0,.5,.5,0,0,1,1000,0,0,21986,4,3,2020,12,0,5.389072,.3456469,5.252274,.1960278,.2057971,,0,0,1,1,0,.3
"France",27,"BourgogneFrancheComté","2020-03-13",272,272,2783039,235,0,0,0,0,0,0,.5,.5,0,0,1,100,0,0,21987,5,3,2020,13,0,5.605802,.2167301,5.459586,.2073121,.2057971,,0,0,1,1,1,.5
"France",27,"BourgogneFrancheComté","2020-03-14",339,339,2783039,264,0,0,0,0,0,0,.5,.5,0,0,1,100,0,0,21988,6,3,2020,14,0,5.826,.2201982,5.575949,.1163635,.2057971,,0,0,1,1,1,.5
"France",27,"BourgogneFrancheComté","2020-03-15",412,412,2783039,292,0,0,0,0,0,0,.5,.5,0,1,1,100,0,0,21989,0,3,2020,15,0,6.021023,.1950231,5.676754,.1008048,.2057971,,1,.5,1,1,1,.5
"France",27,"BourgogneFrancheComté","2020-03-16",507,507,2783039,330,0,0,0,0,0,0,.5,.5,0,1,1,100,1,1,21990,1,3,2020,16,0,6.228511,.2074876,5.799093,.1223388,.2057971,,0,.5,1,1,1,.5
"France",27,"BourgogneFrancheComté","2020-03-17",549,549,2783039,384,0,0,.8,.8,0,0,.5,.5,0,1,1,100,1,1,21991,2,3,2020,17,0,6.308098,.0795875,5.950643,.1515498,.2057971,,0,.9,1,1,1,.5
"France",27,"BourgogneFrancheComté","2020-03-18",593,593,2783039,449,0,0,.8,.8,0,0,.5,.5,0,1,1,100,1,1,21992,3,3,2020,18,0,6.385194,.077096,6.107023,.1563802,.2057971,,0,.9,1,1,1,.5
"France",27,"BourgogneFrancheComté","2020-03-19",696,696,2783039,515,0,0,.8,.8,0,0,.5,.5,0,1,1,100,1,1,21993,4,3,2020,19,0,6.54535,.1601553,6.244167,.1371441,.2057971,,0,.9,1,1,1,.5
"France",27,"BourgogneFrancheComté","2020-03-20",770,770,2783039,612,0,0,.8,.8,0,0,.5,.5,0,1,1,100,1,1,21994,5,3,2020,20,0,6.64639,.1010408,6.416732,.1725655,.2057971,,0,.9,1,1,1,.5
"France",27,"BourgogneFrancheComté","2020-03-21",903,903,2783039,681,0,0,.8,.8,0,0,.5,.5,0,1,1,100,1,1,21995,6,3,2020,21,0,6.805723,.1593323,6.523562,.1068301,.2057971,,0,.9,1,1,1,.5
"France",27,"BourgogneFrancheComté","2020-03-22",1178,1178,2783039,762,0,0,.8,.8,0,0,.5,.5,0,1,1,100,1,1,21996,0,3,2020,22,0,7.071573,.2658505,6.635947,.1123843,.2057971,,0,.9,1,1,1,.5
"France",27,"BourgogneFrancheComté","2020-03-23",1347,1347,2783039,893,0,0,1,1,0,0,.5,.5,0,1,1,100,1,1,21997,1,3,2020,23,0,7.205635,.1340618,6.794587,.1586399,.2057971,,0,1,1,1,1,.5
"France",27,"BourgogneFrancheComté","2020-03-24",1510,1510,2783039,1002,0,0,1,1,0,0,.5,.5,0,1,1,100,1,1,21998,2,3,2020,24,0,7.319865,.1142297,6.909753,.1151667,.2057971,,0,1,1,1,1,.5
"France",27,"BourgogneFrancheComté","2020-03-25",1569,1569,2783039,1115,0,0,1,1,0,0,.5,.5,0,1,1,100,1,1,21999,3,3,2020,25,0,7.358194,.0383291,7.01661,.1068563,.2057971,,0,1,1,1,1,.5
"France",27,"BourgogneFrancheComté","2020-03-26",,,2783039,1234,0,0,1,1,0,0,.5,.5,0,1,1,100,1,1,22000,4,3,2020,26,0,,,7.118016,.1014066,,,0,1,1,1,1,.5
"France",27,"BourgogneFrancheComté","2020-03-27",,,2783039,1414,0,0,1,1,0,0,.5,.5,0,1,1,100,1,1,22001,5,3,2020,27,0,,,7.254178,.1361618,,,0,1,1,1,1,.5
"France",27,"BourgogneFrancheComté","2020-03-28",,,2783039,1543,0,0,1,1,0,0,.5,.5,0,1,1,100,1,1,22002,6,3,2020,28,0,,,7.341484,.087306,,,0,1,1,1,1,.5
"France",27,"BourgogneFrancheComté","2020-03-29",,,2783039,1628,0,0,1,1,0,0,.5,.5,0,1,1,100,1,1,22003,0,3,2020,29,0,,,7.395108,.0536237,,,0,1,1,1,1,.5
"France",27,"BourgogneFrancheComté","2020-03-30",,,2783039,1754,0,0,1,1,0,0,.5,.5,0,1,1,100,1,1,22004,1,3,2020,30,0,,,7.469654,.0745463,,,0,1,1,1,1,.5
"France",27,"BourgogneFrancheComté","2020-03-31",,,2783039,1872,0,0,1,1,0,0,.5,.5,0,1,1,100,1,1,22005,2,3,2020,31,0,,,7.534763,.0651088,,,0,1,1,1,1,.5
"France",27,"BourgogneFrancheComté","2020-04-01",,,2783039,1965,0,0,1,1,0,0,.5,.5,0,1,1,100,1,1,22006,3,4,2020,1,0,,,7.583248,.0484848,,,0,1,1,1,1,.5
"France",27,"BourgogneFrancheComté","2020-04-02",,,2783039,2056,0,0,1,1,0,0,.5,.5,0,1,1,100,1,1,22007,4,4,2020,2,0,,,7.628518,.04527,,,0,1,1,1,1,.5
"France",27,"BourgogneFrancheComté","2020-04-03",,,2783039,2180,0,0,1,1,0,0,.5,.5,0,1,1,100,1,1,22008,5,4,2020,3,0,,,7.68708,.0585628,,,0,1,1,1,1,.5
"France",27,"BourgogneFrancheComté","2020-04-04",,,2783039,2268,0,0,1,1,0,0,.5,.5,0,1,1,100,1,1,22009,6,4,2020,4,0,,,7.726654,.0395732,,,0,1,1,1,1,.5
"France",27,"BourgogneFrancheComté","2020-04-05",,,2783039,2341,0,0,1,1,0,0,.5,.5,0,1,1,100,1,1,22010,0,4,2020,5,0,,,7.758334,.0316801,,,0,1,1,1,1,.5
"France",27,"BourgogneFrancheComté","2020-04-06",,,2783039,2420,0,0,1,1,0,0,.5,.5,0,1,1,100,1,1,22011,1,4,2020,6,0,,,7.791523,.0331893,,,0,1,1,1,1,.5
"France",28,"Normandie","2020-02-29",,0,3303500,1,0,0,0,0,0,0,0,0,0,0,1,5000,0,0,21974,6,2,2020,29,0,,,0,,,,0,0,1,0,0,0
"France",28,"Normandie","2020-03-01",,0,3303500,1,0,0,0,0,0,0,0,0,0,0,1,5000,0,0,21975,0,3,2020,1,0,,,0,0,,,0,0,1,0,0,0
"France",28,"Normandie","2020-03-06",11,11,3303500,7,0,0,0,0,0,0,0,0,0,0,1,5000,0,0,21980,5,3,2020,6,0,2.397895,,1.94591,,,,0,0,1,0,0,0
"France",28,"Normandie","2020-03-07",11,11,3303500,9,0,0,0,0,0,0,0,0,0,0,1,5000,0,0,21981,6,3,2020,7,0,2.397895,0,2.197225,.2513145,.2057971,,0,0,1,0,0,0
"France",28,"Normandie","2020-03-08",22,22,3303500,10,0,0,0,0,0,0,0,0,0,0,1,1000,0,0,21982,0,3,2020,8,0,3.091043,.6931472,2.302585,.1053605,.2057971,,0,0,1,1,0,.2
"France",28,"Normandie","2020-03-09",25,25,3303500,11,0,0,0,0,1,.2093092,.5,.1046546,0,0,1,1000,1,.2093092,21983,1,3,2020,9,0,3.218876,.1278334,2.397895,.0953102,.2057971,,0,0,1,1,0,.5
"France",28,"Normandie","2020-03-10",37,37,3303500,12,0,0,0,0,1,.2093092,.5,.1046546,0,0,1,1000,1,.2093092,21984,2,3,2020,10,0,3.610918,.3920419,2.484907,.0870113,.2057971,,0,0,1,1,0,.5
"France",28,"Normandie","2020-03-11",54,54,3303500,14,0,0,0,0,1,.2093092,1,.6046546,0,0,1,1000,1,.2093092,21985,3,3,2020,11,0,3.988984,.3780663,2.639057,.1541507,.2057971,,0,0,1,1,0,.6
"France",28,"Normandie","2020-03-12",68,68,3303500,16,0,0,0,0,1,.2093092,1,.6046546,0,0,1,1000,1,.2093092,21986,4,3,2020,12,0,4.219508,.2305236,2.772589,.1335313,.2057971,,0,0,1,1,0,.6
"France",28,"Normandie","2020-03-13",97,97,3303500,25,0,0,0,0,1,.2093092,1,.6046546,0,0,1,100,1,.2093092,21987,5,3,2020,13,0,4.574711,.3552032,3.218876,.4462872,.2057971,,0,0,1,1,1,.8
"France",28,"Normandie","2020-03-14",127,127,3303500,29,0,0,0,0,1,.2093092,1,.6046546,0,0,1,100,1,.2093092,21988,6,3,2020,14,0,4.844187,.2694764,3.367296,.1484199,.2057971,,0,0,1,1,1,.8
"France",28,"Normandie","2020-03-15",143,143,3303500,33,0,0,0,0,1,.2093092,1,.6046546,0,1,1,100,1,.2093092,21989,0,3,2020,15,0,4.962845,.1186576,3.496508,.1292119,.2057971,,1,.5,1,1,1,.8
"France",28,"Normandie","2020-03-16",156,156,3303500,36,0,0,0,0,1,.2093092,1,.6046546,0,1,1,100,1,1,21990,1,3,2020,16,0,5.049856,.0870113,3.583519,.0870113,.2057971,,0,.5,1,1,1,.8
"France",28,"Normandie","2020-03-17",174,174,3303500,44,0,0,.8,.8,1,.2093092,1,.6046546,0,1,1,100,1,1,21991,2,3,2020,17,0,5.159055,.109199,3.78419,.2006707,.2057971,,0,.9,1,1,1,.8
"France",28,"Normandie","2020-03-18",208,208,3303500,59,0,0,.8,.8,1,.2093092,1,.6046546,0,1,1,100,1,1,21992,3,3,2020,18,0,5.337538,.178483,4.077538,.2933478,.2057971,,0,.9,1,1,1,.8
"France",28,"Normandie","2020-03-19",241,241,3303500,68,0,0,.8,.8,1,.2093092,1,.6046546,0,1,1,100,1,1,21993,4,3,2020,19,0,5.484797,.1472588,4.219508,.1419702,.2057971,,0,.9,1,1,1,.8
"France",28,"Normandie","2020-03-20",287,287,3303500,80,0,0,.8,.8,1,.2093092,1,.6046546,0,1,1,100,1,1,21994,5,3,2020,20,0,5.659482,.174685,4.382027,.162519,.2057971,,0,.9,1,1,1,.8
"France",28,"Normandie","2020-03-21",345,345,3303500,107,0,0,.8,.8,1,.2093092,1,.6046546,0,1,1,100,1,1,21995,6,3,2020,21,0,5.843544,.1840625,4.672829,.290802,.2057971,,0,.9,1,1,1,.8
"France",28,"Normandie","2020-03-22",462,462,3303500,122,0,0,.8,.8,1,.2093092,1,.6046546,0,1,1,100,1,1,21996,0,3,2020,22,0,6.135565,.2920203,4.804021,.1311922,.2057971,,0,.9,1,1,1,.8
"France",28,"Normandie","2020-03-23",511,511,3303500,158,0,0,1,1,1,.2093092,1,.6046546,0,1,1,100,1,1,21997,1,3,2020,23,0,6.23637,.1008048,5.062595,.258574,.2057971,,0,1,1,1,1,.8
"France",28,"Normandie","2020-03-24",586,586,3303500,193,0,0,1,1,1,.2093092,1,.6046546,0,1,1,100,1,1,21998,2,3,2020,24,0,6.37332,.13695,5.26269,.2000952,.2057971,,0,1,1,1,1,.8
"France",28,"Normandie","2020-03-25",688,688,3303500,226,0,0,1,1,1,.2093092,1,.6046546,0,1,1,100,1,1,21999,3,3,2020,25,0,6.533789,.1604691,5.420535,.157845,.2057971,,0,1,1,1,1,.8
"France",28,"Normandie","2020-03-26",,,3303500,278,0,0,1,1,1,.2093092,1,.6046546,0,1,1,100,1,1,22000,4,3,2020,26,0,,,5.627621,.2070861,,,0,1,1,1,1,.8
"France",28,"Normandie","2020-03-27",,,3303500,315,0,0,1,1,1,.2093092,1,.6046546,0,1,1,100,1,1,22001,5,3,2020,27,0,,,5.752573,.1249514,,,0,1,1,1,1,.8
"France",28,"Normandie","2020-03-28",,,3303500,356,0,0,1,1,1,.2093092,1,.6046546,0,1,1,100,1,1,22002,6,3,2020,28,0,,,5.874931,.1223583,,,0,1,1,1,1,.8
"France",28,"Normandie","2020-03-29",,,3303500,392,0,0,1,1,1,.2093092,1,.6046546,0,1,1,100,1,1,22003,0,3,2020,29,0,,,5.971262,.0963311,,,0,1,1,1,1,.8
"France",28,"Normandie","2020-03-30",,,3303500,434,0,0,1,1,1,.2093092,1,.6046546,0,1,1,100,1,1,22004,1,3,2020,30,0,,,6.073044,.1017823,,,0,1,1,1,1,.8
"France",28,"Normandie","2020-03-31",,,3303500,480,0,0,1,1,1,.2093092,1,.6046546,0,1,1,100,1,1,22005,2,3,2020,31,0,,,6.173786,.1007419,,,0,1,1,1,1,.8
"France",28,"Normandie","2020-04-01",,,3303500,523,0,0,1,1,1,.2093092,1,.6046546,0,1,1,100,1,1,22006,3,4,2020,1,0,,,6.259582,.0857954,,,0,1,1,1,1,.8
"France",28,"Normandie","2020-04-02",,,3303500,564,0,0,1,1,1,.2093092,1,.6046546,0,1,1,100,1,1,22007,4,4,2020,2,0,,,6.335054,.0754728,,,0,1,1,1,1,.8
"France",28,"Normandie","2020-04-03",,,3303500,607,0,0,1,1,1,.2093092,1,.6046546,0,1,1,100,1,1,22008,5,4,2020,3,0,,,6.408529,.0734744,,,0,1,1,1,1,.8
"France",28,"Normandie","2020-04-04",,,3303500,628,0,0,1,1,1,.2093092,1,.6046546,0,1,1,100,1,1,22009,6,4,2020,4,0,,,6.44254,.0340114,,,0,1,1,1,1,.8
"France",28,"Normandie","2020-04-05",,,3303500,657,0,0,1,1,1,.2093092,1,.6046546,0,1,1,100,1,1,22010,0,4,2020,5,0,,,6.487684,.0451441,,,0,1,1,1,1,.8
"France",28,"Normandie","2020-04-06",,,3303500,672,0,0,1,1,1,.2093092,1,.6046546,0,1,1,100,1,1,22011,1,4,2020,6,0,,,6.510258,.0225739,,,0,1,1,1,1,.8
"France",32,"HautsdeFrance","2020-02-29",,17,5962662,0,0,0,0,0,0,0,0,0,0,0,1,5000,1,.1383739,21974,6,2,2020,29,0,,,,,,,0,0,1,0,0,0
"France",32,"HautsdeFrance","2020-03-01",,23,5962662,3,0,0,0,0,0,0,0,0,0,0,1,5000,1,.2767479,21975,0,3,2020,1,0,,,1.098612,,,,0,0,1,0,0,0
"France",32,"HautsdeFrance","2020-03-02",45,45,5962662,8,0,0,0,0,0,0,0,0,0,0,1,5000,1,.2767479,21976,1,3,2020,2,0,3.806663,,2.079442,.9808292,,,0,0,1,0,0,0
"France",32,"HautsdeFrance","2020-03-03",59,59,5962662,9,1,.1383739,0,0,0,0,0,0,0,0,1,5000,1,.2767479,21977,2,3,2020,3,0,4.077538,.270875,2.197225,.1177831,.2057971,,0,0,1,0,0,.2
"France",32,"HautsdeFrance","2020-03-04",65,65,5962662,10,1,.1383739,0,0,0,0,0,0,0,0,1,5000,1,.2767479,21978,3,3,2020,4,0,4.174387,.0968499,2.302585,.1053605,.2057971,,0,0,1,0,0,.2
"France",32,"HautsdeFrance","2020-03-05",74,74,5962662,13,1,.1383739,0,0,0,0,0,0,0,0,1,5000,1,.2767479,21979,4,3,2020,5,0,4.304065,.1296778,2.564949,.2623641,.2057971,,0,0,1,0,0,.2
"France",32,"HautsdeFrance","2020-03-06",97,97,5962662,15,1,.1383739,0,0,0,0,0,0,0,0,1,5000,1,.7109479,21980,5,3,2020,6,0,4.574711,.2706456,2.70805,.143101,.2057971,,0,0,1,0,0,.2
"France",32,"HautsdeFrance","2020-03-07",173,173,5962662,18,1,.1383739,0,0,0,0,0,0,0,0,1,5000,1,.7109479,21981,6,3,2020,7,0,5.153292,.5785809,2.890372,.1823215,.2057971,,0,0,1,0,0,.2
"France",32,"HautsdeFrance","2020-03-08",173,173,5962662,21,1,.1383739,0,0,0,0,0,0,0,0,1,1000,1,1,21982,0,3,2020,8,0,5.153292,0,3.044523,.1541507,.2057971,,0,0,1,1,0,.4
"France",32,"HautsdeFrance","2020-03-09",181,181,5962662,27,1,.1383739,0,0,1,.1383739,0,0,0,0,1,1000,1,1,21983,1,3,2020,9,0,5.198497,.0452051,3.295837,.2513144,.2057971,,0,0,1,1,0,.6
"France",32,"HautsdeFrance","2020-03-10",209,209,5962662,37,1,.1383739,0,0,1,.1383739,0,0,0,0,1,1000,1,1,21984,2,3,2020,10,0,5.342334,.1438375,3.610918,.3150809,.2057971,,0,0,1,1,0,.6
"France",32,"HautsdeFrance","2020-03-11",263,263,5962662,50,1,.1383739,0,0,1,.1383739,.5,.5,0,0,1,1000,1,1,21985,3,3,2020,11,0,5.572154,.2298198,3.912023,.3011053,.2057971,,0,0,1,1,0,.7
"France",32,"HautsdeFrance","2020-03-12",349,349,5962662,60,1,.1383739,0,0,1,.1383739,.5,.5,0,0,1,1000,1,1,21986,4,3,2020,12,0,5.855072,.282918,4.094345,.1823215,.2057971,,0,0,1,1,0,.7
"France",32,"HautsdeFrance","2020-03-13",417,417,5962662,80,1,.1383739,0,0,1,.1383739,.5,.5,0,0,1,100,1,1,21987,5,3,2020,13,0,6.033086,.1780143,4.382027,.2876821,.2057971,,0,0,1,1,1,.9
"France",32,"HautsdeFrance","2020-03-14",466,466,5962662,100,1,.1383739,0,0,1,.1383739,.5,.5,0,0,1,100,1,1,21988,6,3,2020,14,0,6.144186,.1110992,4.60517,.2231436,.2057971,,0,0,1,1,1,.9
"France",32,"HautsdeFrance","2020-03-15",507,507,5962662,120,1,.1383739,0,0,1,.1383739,.5,.5,0,1,1,100,1,1,21989,0,3,2020,15,0,6.228511,.0843253,4.787492,.1823215,.2057971,,1,.5,1,1,1,.9
"France",32,"HautsdeFrance","2020-03-16",585,585,5962662,153,1,.1383739,0,0,1,.1383739,.5,.5,0,1,1,100,1,1,21990,1,3,2020,16,0,6.371612,.1431012,5.030438,.2429461,.2057971,,0,.5,1,1,1,.9
"France",32,"HautsdeFrance","2020-03-17",612,612,5962662,195,1,.1383739,.8,.8,1,.1383739,.5,.5,0,1,1,100,1,1,21991,2,3,2020,17,0,6.416732,.0451202,5.273,.2425618,.2057971,,0,.9,1,1,1,.9
"France",32,"HautsdeFrance","2020-03-18",665,665,5962662,245,1,.1383739,.8,.8,1,.1383739,.5,.5,0,1,1,100,1,1,21992,3,3,2020,18,0,6.499787,.0830545,5.501258,.2282586,.2057971,,0,.9,1,1,1,.9
"France",32,"HautsdeFrance","2020-03-19",700,700,5962662,295,1,.1383739,.8,.8,1,.1383739,.5,.5,0,1,1,100,1,1,21993,4,3,2020,19,0,6.55108,.0512934,5.686975,.1857171,.2057971,,0,.9,1,1,1,.9
"France",32,"HautsdeFrance","2020-03-20",759,759,5962662,353,1,.1383739,.8,.8,1,.1383739,.5,.5,0,1,1,100,1,1,21994,5,3,2020,20,0,6.632002,.0809216,5.866468,.1794925,.2057971,,0,.9,1,1,1,.9
"France",32,"HautsdeFrance","2020-03-21",791,791,5962662,405,1,.1383739,.8,.8,1,.1383739,.5,.5,0,1,1,100,1,1,21995,6,3,2020,21,0,6.673298,.041296,6.003887,.1374192,.2057971,,0,.9,1,1,1,.9
"France",32,"HautsdeFrance","2020-03-22",936,936,5962662,453,1,.1383739,.8,.8,1,.1383739,.5,.5,0,1,1,100,1,1,21996,0,3,2020,22,0,6.841616,.1683178,6.115892,.1120048,.2057971,,0,.9,1,1,1,.9
"France",32,"HautsdeFrance","2020-03-23",1269,1269,5962662,565,1,.1383739,1,1,1,.1383739,.5,.5,0,1,1,100,1,1,21997,1,3,2020,23,0,7.145985,.304369,6.336826,.2209339,.2057971,,0,1,1,1,1,.9
"France",32,"HautsdeFrance","2020-03-24",1532,1532,5962662,663,1,.1383739,1,1,1,.1383739,.5,.5,0,1,1,100,1,1,21998,2,3,2020,24,0,7.334329,.1883445,6.496775,.1599493,.2057971,,0,1,1,1,1,.9
"France",32,"HautsdeFrance","2020-03-25",1753,1753,5962662,770,1,.1383739,1,1,1,.1383739,.5,.5,0,1,1,100,1,1,21999,3,3,2020,25,0,7.469084,.1347547,6.64639,.1496153,.2057971,,0,1,1,1,1,.9
"France",32,"HautsdeFrance","2020-03-26",,,5962662,894,1,.1383739,1,1,1,.1383739,.5,.5,0,1,1,100,1,1,22000,4,3,2020,26,0,,,6.795706,.1493154,,,0,1,1,1,1,.9
"France",32,"HautsdeFrance","2020-03-27",,,5962662,1032,1,.1383739,1,1,1,.1383739,.5,.5,0,1,1,100,1,1,22001,5,3,2020,27,0,,,6.939254,.143548,,,0,1,1,1,1,.9
"France",32,"HautsdeFrance","2020-03-28",,,5962662,1146,1,.1383739,1,1,1,.1383739,.5,.5,0,1,1,100,1,1,22002,6,3,2020,28,0,,,7.044033,.1047792,,,0,1,1,1,1,.9
"France",32,"HautsdeFrance","2020-03-29",,,5962662,1241,1,.1383739,1,1,1,.1383739,.5,.5,0,1,1,100,1,1,22003,0,3,2020,29,0,,,7.123673,.0796399,,,0,1,1,1,1,.9
"France",32,"HautsdeFrance","2020-03-30",,,5962662,1378,1,.1383739,1,1,1,.1383739,.5,.5,0,1,1,100,1,1,22004,1,3,2020,30,0,,,7.228388,.1047153,,,0,1,1,1,1,.9
"France",32,"HautsdeFrance","2020-03-31",,,5962662,1492,1,.1383739,1,1,1,.1383739,.5,.5,0,1,1,100,1,1,22005,2,3,2020,31,0,,,7.307873,.0794845,,,0,1,1,1,1,.9
"France",32,"HautsdeFrance","2020-04-01",,,5962662,1583,1,.1383739,1,1,1,.1383739,.5,.5,0,1,1,100,1,1,22006,3,4,2020,1,0,,,7.367077,.0592041,,,0,1,1,1,1,.9
"France",32,"HautsdeFrance","2020-04-02",,,5962662,1689,1,.1383739,1,1,1,.1383739,.5,.5,0,1,1,100,1,1,22007,4,4,2020,2,0,,,7.431892,.064815,,,0,1,1,1,1,.9
"France",32,"HautsdeFrance","2020-04-03",,,5962662,1803,1,.1383739,1,1,1,.1383739,.5,.5,0,1,1,100,1,1,22008,5,4,2020,3,0,,,7.497207,.0653152,,,0,1,1,1,1,.9
"France",32,"HautsdeFrance","2020-04-04",,,5962662,1886,1,.1383739,1,1,1,.1383739,.5,.5,0,1,1,100,1,1,22009,6,4,2020,4,0,,,7.542213,.0450063,,,0,1,1,1,1,.9
"France",32,"HautsdeFrance","2020-04-05",,,5962662,1956,1,.1383739,1,1,1,.1383739,.5,.5,0,1,1,100,1,1,22010,0,4,2020,5,0,,,7.578657,.0364432,,,0,1,1,1,1,.9
"France",32,"HautsdeFrance","2020-04-06",,,5962662,2013,1,.1383739,1,1,1,.1383739,.5,.5,0,1,1,100,1,1,22011,1,4,2020,6,0,,,7.607381,.0287247,,,0,1,1,1,1,.9
"France",44,"GrandEst","2020-02-29",,2,5511747,1,0,0,0,0,0,0,0,0,0,0,1,5000,0,0,21974,6,2,2020,29,0,,,0,,,,0,0,1,0,0,0
"France",44,"GrandEst","2020-03-01",,5,5511747,1,0,0,0,0,0,0,0,0,0,0,1,5000,0,0,21975,0,3,2020,1,0,,,0,0,,,0,0,1,0,0,0
"France",44,"GrandEst","2020-03-02",12,12,5511747,2,0,0,0,0,0,0,0,0,0,0,1,5000,0,0,21976,1,3,2020,2,0,2.484907,,.6931472,.6931472,,,0,0,1,0,0,0
"France",44,"GrandEst","2020-03-03",13,13,5511747,4,0,0,0,0,0,0,0,0,0,0,1,5000,0,0,21977,2,3,2020,3,0,2.564949,.0800426,1.386294,.6931472,.2057971,,0,0,1,0,0,0
"France",44,"GrandEst","2020-03-04",38,38,5511747,8,0,0,0,0,0,0,0,0,0,0,1,5000,1,.1384686,21978,3,3,2020,4,0,3.637586,1.072637,2.079442,.6931472,.2057971,,0,0,1,0,0,0
"France",44,"GrandEst","2020-03-05",77,77,5511747,16,0,0,0,0,0,0,0,0,0,0,1,5000,1,.1384686,21979,4,3,2020,5,0,4.343805,.7062192,2.772589,.6931472,.2057971,,0,0,1,0,0,0
"France",44,"GrandEst","2020-03-06",136,136,5511747,30,1,.1384686,0,0,1,.1384686,.5,.1384686,0,0,1,5000,1,.1384686,21980,5,3,2020,6,0,4.912655,.5688496,3.401197,.6286087,.2057971,,0,0,1,0,0,.5
"France",44,"GrandEst","2020-03-07",250,250,5511747,53,1,.1384686,0,0,1,.1384686,.5,.1384686,0,0,1,5000,1,1,21981,6,3,2020,7,0,5.521461,.6088061,3.970292,.5690944,.2057971,,0,0,1,0,0,.5
"France",44,"GrandEst","2020-03-08",250,250,5511747,66,1,.1384686,0,0,1,.1384686,.5,.1384686,0,0,1,1000,1,1,21982,0,3,2020,8,0,5.521461,0,4.189655,.219363,.2057971,,0,0,1,1,0,.7
"France",44,"GrandEst","2020-03-09",310,310,5511747,86,1,.1384686,0,0,1,.1384686,.5,.1384686,0,0,1,1000,1,1,21983,1,3,2020,9,0,5.736572,.2151113,4.454347,.2646923,.2057971,,0,0,1,1,0,.7
"France",44,"GrandEst","2020-03-10",464,464,5511747,116,1,.1384686,0,0,1,.1384686,.5,.1384686,0,0,1,1000,1,1,21984,2,3,2020,10,0,6.139884,.4033122,4.75359,.299243,.2057971,,0,0,1,1,0,.7
"France",44,"GrandEst","2020-03-11",578,578,5511747,152,1,.1384686,0,0,1,.1384686,1,.6384686,0,0,1,1000,1,1,21985,3,3,2020,11,0,6.359574,.2196894,5.02388,.2702904,.2057971,,0,0,1,1,0,.8
"France",44,"GrandEst","2020-03-12",699,699,5511747,181,1,.1384686,0,0,1,.1384686,1,.6384686,0,0,1,1000,1,1,21986,4,3,2020,12,0,6.549651,.1900768,5.198497,.1746163,.2057971,,0,0,1,1,0,.8
"France",44,"GrandEst","2020-03-13",911,911,5511747,238,1,.1384686,0,0,1,.1384686,1,.6384686,0,0,1,100,1,1,21987,5,3,2020,13,0,6.814543,.2648921,5.47227,.2737737,.2057971,,0,0,1,1,1,1
"France",44,"GrandEst","2020-03-14",1085,1085,5511747,301,1,.1384686,0,0,1,.3439583,1,.6384686,0,0,1,100,1,1,21988,6,3,2020,14,0,6.989335,.1747923,5.70711,.2348399,.2057971,,0,0,1,1,1,1
"France",44,"GrandEst","2020-03-15",1378,1378,5511747,378,1,.1384686,0,0,1,.3439583,1,.6384686,0,1,1,100,1,1,21989,0,3,2020,15,0,7.228388,.2390532,5.934894,.2277837,.2057971,,1,.5,1,1,1,1
"France",44,"GrandEst","2020-03-16",1543,1543,5511747,503,1,.1384686,0,0,1,.3439583,1,.6384686,0,1,1,100,1,1,21990,1,3,2020,16,0,7.341484,.1130958,6.22059,.285696,.2057971,,0,.5,1,1,1,1
"France",44,"GrandEst","2020-03-17",1820,1820,5511747,605,1,.1384686,.8,.8,1,.3439583,1,.6384686,0,1,1,100,1,1,21991,2,3,2020,17,0,7.506592,.1651077,6.405229,.1846385,.2057971,,0,.9,1,1,1,1
"France",44,"GrandEst","2020-03-18",2163,2163,5511747,753,1,.1384686,.8,.8,1,.3439583,1,.6384686,0,1,1,100,1,1,21992,3,3,2020,18,0,7.679251,.1726594,6.624065,.2188368,.2057971,,0,.9,1,1,1,1
"France",44,"GrandEst","2020-03-19",2643,2643,5511747,899,1,.1384686,.8,.8,1,.3439583,1,.6384686,0,1,1,100,1,1,21993,4,3,2020,19,0,7.87967,.2004189,6.801283,.1772175,.2057971,,0,.9,1,1,1,1
"France",44,"GrandEst","2020-03-20",3006,3006,5511747,1111,1,.1384686,.8,.8,1,.3439583,1,.6384686,0,1,1,100,1,1,21994,5,3,2020,20,0,8.008366,.1286955,7.013016,.2117329,.2057971,,0,.9,1,1,1,1
"France",44,"GrandEst","2020-03-21",3089,3089,5511747,1301,1,.1384686,.8,.8,1,.3439583,1,.6384686,0,1,1,100,1,1,21995,6,3,2020,21,0,8.035603,.0272369,7.170888,.1578727,.2057971,,0,.9,1,1,1,1
"France",44,"GrandEst","2020-03-22",3395,3395,5511747,1508,1,.1384686,.8,.8,1,.3439583,1,.6384686,0,1,1,100,1,1,21996,0,3,2020,22,0,8.130059,.0944567,7.31854,.1476512,.2057971,,0,.9,1,1,1,1
"France",44,"GrandEst","2020-03-23",4256,4256,5511747,1871,1,.1384686,1,1,1,.3439583,1,.6384686,0,1,1,100,1,1,21997,1,3,2020,23,0,8.356085,.2260256,7.534228,.2156887,.2057971,,0,1,1,1,1,1
"France",44,"GrandEst","2020-03-24",4922,4922,5511747,2157,1,.1384686,1,1,1,.3439583,1,.6384686,0,1,1,100,1,1,21998,2,3,2020,24,0,8.501471,.1453857,7.676474,.1422453,.2057971,,0,1,1,1,1,1
"France",44,"GrandEst","2020-03-25",5479,5479,5511747,2437,1,.1384686,1,1,1,.3439583,1,.6384686,0,1,1,100,1,1,21999,3,3,2020,25,0,8.608678,.1072073,7.798523,.1220493,.2057971,,0,1,1,1,1,1
"France",44,"GrandEst","2020-03-26",,,5511747,2738,1,.1384686,1,1,1,.3439583,1,.6384686,0,1,1,100,1,1,22000,4,3,2020,26,0,,,7.914983,.1164598,,,0,1,1,1,1,1
"France",44,"GrandEst","2020-03-27",,,5511747,3088,1,.1384686,1,1,1,.3439583,1,.6384686,0,1,1,100,1,1,22001,5,3,2020,27,0,,,8.035279,.1202965,,,0,1,1,1,1,1
"France",44,"GrandEst","2020-03-28",,,5511747,3362,1,.1384686,1,1,1,.3439583,1,.6384686,0,1,1,100,1,1,22002,6,3,2020,28,0,,,8.120292,.0850124,,,0,1,1,1,1,1
"France",44,"GrandEst","2020-03-29",,,5511747,3564,1,.1384686,1,1,1,.3439583,1,.6384686,0,1,1,100,1,1,22003,0,3,2020,29,0,,,8.178638,.0583467,,,0,1,1,1,1,1
"France",44,"GrandEst","2020-03-30",,,5511747,3887,1,.1384686,1,1,1,.3439583,1,.6384686,0,1,1,100,1,1,22004,1,3,2020,30,0,,,8.265393,.0867548,,,0,1,1,1,1,1
"France",44,"GrandEst","2020-03-31",,,5511747,4150,1,.1384686,1,1,1,.3439583,1,.6384686,0,1,1,100,1,1,22005,2,3,2020,31,0,,,8.330864,.0654707,,,0,1,1,1,1,1
"France",44,"GrandEst","2020-04-01",,,5511747,4370,1,.1384686,1,1,1,.3439583,1,.6384686,0,1,1,100,1,1,22006,3,4,2020,1,0,,,8.382518,.0516539,,,0,1,1,1,1,1
"France",44,"GrandEst","2020-04-02",,,5511747,4590,1,.1384686,1,1,1,.3439583,1,.6384686,0,1,1,100,1,1,22007,4,4,2020,2,0,,,8.431635,.0491171,,,0,1,1,1,1,1
"France",44,"GrandEst","2020-04-03",,,5511747,4831,1,.1384686,1,1,1,.3439583,1,.6384686,0,1,1,100,1,1,22008,5,4,2020,3,0,,,8.482809,.0511742,,,0,1,1,1,1,1
"France",44,"GrandEst","2020-04-04",,,5511747,4976,1,.1384686,1,1,1,.3439583,1,.6384686,0,1,1,100,1,1,22009,6,4,2020,4,0,,,8.512382,.0295725,,,0,1,1,1,1,1
"France",44,"GrandEst","2020-04-05",,,5511747,5079,1,.1384686,1,1,1,.3439583,1,.6384686,0,1,1,100,1,1,22010,0,4,2020,5,0,,,8.532869,.0204878,,,0,1,1,1,1,1
"France",44,"GrandEst","2020-04-06",,,5511747,5221,1,.1384686,1,1,1,.3439583,1,.6384686,0,1,1,100,1,1,22011,1,4,2020,6,0,,,8.560444,.0275745,,,0,1,1,1,1,1
"France",52,"PaysdelaLoire","2020-02-29",,2,3801797,0,0,0,0,0,0,0,0,0,0,0,1,5000,0,0,21974,6,2,2020,29,0,,,,,,,0,0,1,0,0,0
"France",52,"PaysdelaLoire","2020-03-01",,3,3801797,0,0,0,0,0,0,0,0,0,0,0,1,5000,0,0,21975,0,3,2020,1,0,,,,,,,0,0,1,0,0,0
"France",52,"PaysdelaLoire","2020-03-06",16,16,3801797,48,0,0,0,0,0,0,0,0,0,0,1,5000,0,0,21980,5,3,2020,6,0,2.772589,,3.871201,,,,0,0,1,0,0,0
"France",52,"PaysdelaLoire","2020-03-07",18,18,3801797,52,0,0,0,0,0,0,0,0,0,0,1,5000,0,0,21981,6,3,2020,7,0,2.890372,.1177831,3.951244,.0800426,.2057971,,0,0,1,0,0,0
"France",52,"PaysdelaLoire","2020-03-08",25,25,3801797,65,0,0,0,0,0,0,0,0,0,0,1,1000,0,0,21982,0,3,2020,8,0,3.218876,.3285041,4.174387,.2231438,.2057971,,0,0,1,1,0,.2
"France",52,"PaysdelaLoire","2020-03-09",26,26,3801797,73,0,0,0,0,0,0,0,0,0,0,1,1000,0,0,21983,1,3,2020,9,0,3.258096,.0392206,4.29046,.1160722,.2057971,,0,0,1,1,0,.2
"France",52,"PaysdelaLoire","2020-03-10",27,27,3801797,80,0,0,0,0,0,0,0,0,0,0,1,1000,0,0,21984,2,3,2020,10,0,3.295837,.0377405,4.382027,.091567,.2057971,,0,0,1,1,0,.2
"France",52,"PaysdelaLoire","2020-03-11",34,34,3801797,89,0,0,0,0,0,0,.5,.5,0,0,1,1000,0,0,21985,3,3,2020,11,0,3.526361,.2305236,4.488636,.1066098,.2057971,,0,0,1,1,0,.3
"France",52,"PaysdelaLoire","2020-03-12",41,41,3801797,97,0,0,0,0,0,0,.5,.5,0,0,1,1000,0,0,21986,4,3,2020,12,0,3.713572,.1872115,4.574711,.0860744,.2057971,,0,0,1,1,0,.3
"France",52,"PaysdelaLoire","2020-03-13",55,55,3801797,106,0,0,0,0,0,0,.5,.5,0,0,1,100,0,0,21987,5,3,2020,13,0,4.007333,.2937613,4.663439,.0887284,.2057971,,0,0,1,1,1,.5
"France",52,"PaysdelaLoire","2020-03-14",82,82,3801797,112,0,0,0,0,0,0,.5,.5,0,0,1,100,0,0,21988,6,3,2020,14,0,4.406719,.3993859,4.718499,.0550594,.2057971,,0,0,1,1,1,.5
"France",52,"PaysdelaLoire","2020-03-15",98,98,3801797,127,0,0,0,0,0,0,.5,.5,0,1,1,100,0,0,21989,0,3,2020,15,0,4.584968,.1782484,4.844187,.1256886,.2057971,,1,.5,1,1,1,.5
"France",52,"PaysdelaLoire","2020-03-16",108,108,3801797,143,0,0,0,0,0,0,.5,.5,0,1,1,100,1,1,21990,1,3,2020,16,0,4.682131,.0971637,4.962845,.1186576,.2057971,,0,.5,1,1,1,.5
"France",52,"PaysdelaLoire","2020-03-17",126,126,3801797,169,0,0,.8,.8,0,0,.5,.5,0,1,1,100,1,1,21991,2,3,2020,17,0,4.836282,.1541505,5.129899,.1670537,.2057971,,0,.9,1,1,1,.5
"France",52,"PaysdelaLoire","2020-03-18",128,128,3801797,189,0,0,.8,.8,0,0,.5,.5,0,1,1,100,1,1,21992,3,3,2020,18,0,4.85203,.0157485,5.241747,.1118484,.2057971,,0,.9,1,1,1,.5
"France",52,"PaysdelaLoire","2020-03-19",160,160,3801797,217,0,0,.8,.8,0,0,.5,.5,0,1,1,100,1,1,21993,4,3,2020,19,0,5.075174,.2231436,5.379897,.1381502,.2057971,,0,.9,1,1,1,.5
"France",52,"PaysdelaLoire","2020-03-20",190,190,3801797,258,0,0,.8,.8,0,0,.5,.5,0,1,1,100,1,1,21994,5,3,2020,20,0,5.247024,.1718502,5.552959,.1730623,.2057971,,0,.9,1,1,1,.5
"France",52,"PaysdelaLoire","2020-03-21",234,234,3801797,294,0,0,.8,.8,0,0,.5,.5,0,1,1,100,1,1,21995,6,3,2020,21,0,5.455321,.2082973,5.68358,.1306205,.2057971,,0,.9,1,1,1,.5
"France",52,"PaysdelaLoire","2020-03-22",270,270,3801797,342,0,0,.8,.8,0,0,.5,.5,0,1,1,100,1,1,21996,0,3,2020,22,0,5.598422,.1431007,5.834811,.1512308,.2057971,,0,.9,1,1,1,.5
"France",52,"PaysdelaLoire","2020-03-23",293,293,3801797,406,0,0,1,1,0,0,.5,.5,0,1,1,100,1,1,21997,1,3,2020,23,0,5.680172,.0817504,6.006353,.1715426,.2057971,,0,1,1,1,1,.5
"France",52,"PaysdelaLoire","2020-03-24",343,343,3801797,474,0,0,1,1,0,0,.5,.5,0,1,1,100,1,1,21998,2,3,2020,24,0,5.83773,.157558,6.161207,.1548538,.2057971,,0,1,1,1,1,.5
"France",52,"PaysdelaLoire","2020-03-25",368,368,3801797,569,0,0,1,1,0,0,.5,.5,0,1,1,100,1,1,21999,3,3,2020,25,0,5.908083,.0703526,6.343881,.1826735,.2057971,,0,1,1,1,1,.5
"France",52,"PaysdelaLoire","2020-03-26",,,3801797,660,0,0,1,1,0,0,.5,.5,0,1,1,100,1,1,22000,4,3,2020,26,0,,,6.49224,.1483593,,,0,1,1,1,1,.5
"France",52,"PaysdelaLoire","2020-03-27",,,3801797,765,0,0,1,1,0,0,.5,.5,0,1,1,100,1,1,22001,5,3,2020,27,0,,,6.639876,.1476359,,,0,1,1,1,1,.5
"France",52,"PaysdelaLoire","2020-03-28",,,3801797,857,0,0,1,1,0,0,.5,.5,0,1,1,100,1,1,22002,6,3,2020,28,0,,,6.753438,.1135621,,,0,1,1,1,1,.5
"France",52,"PaysdelaLoire","2020-03-29",,,3801797,941,0,0,1,1,0,0,.5,.5,0,1,1,100,1,1,22003,0,3,2020,29,0,,,6.846943,.0935049,,,0,1,1,1,1,.5
"France",52,"PaysdelaLoire","2020-03-30",,,3801797,1045,0,0,1,1,0,0,.5,.5,0,1,1,100,1,1,22004,1,3,2020,30,0,,,6.951772,.1048293,,,0,1,1,1,1,.5
"France",52,"PaysdelaLoire","2020-03-31",,,3801797,1122,0,0,1,1,0,0,.5,.5,0,1,1,100,1,1,22005,2,3,2020,31,0,,,7.022868,.0710959,,,0,1,1,1,1,.5
"France",52,"PaysdelaLoire","2020-04-01",,,3801797,1212,0,0,1,1,0,0,.5,.5,0,1,1,100,1,1,22006,3,4,2020,1,0,,,7.100027,.0771589,,,0,1,1,1,1,.5
"France",52,"PaysdelaLoire","2020-04-02",,,3801797,1283,0,0,1,1,0,0,.5,.5,0,1,1,100,1,1,22007,4,4,2020,2,0,,,7.156956,.0569291,,,0,1,1,1,1,.5
"France",52,"PaysdelaLoire","2020-04-03",,,3801797,1361,0,0,1,1,0,0,.5,.5,0,1,1,100,1,1,22008,5,4,2020,3,0,,,7.215975,.0590186,,,0,1,1,1,1,.5
"France",52,"PaysdelaLoire","2020-04-04",,,3801797,1429,0,0,1,1,0,0,.5,.5,0,1,1,100,1,1,22009,6,4,2020,4,0,,,7.26473,.0487552,,,0,1,1,1,1,.5
"France",52,"PaysdelaLoire","2020-04-05",,,3801797,1493,0,0,1,1,0,0,.5,.5,0,1,1,100,1,1,22010,0,4,2020,5,0,,,7.308543,.0438128,,,0,1,1,1,1,.5
"France",52,"PaysdelaLoire","2020-04-06",,,3801797,1568,0,0,1,1,0,0,.5,.5,0,1,1,100,1,1,22011,1,4,2020,6,0,,,7.357556,.0490136,,,0,1,1,1,1,.5
"France",53,"Bretagne","2020-02-29",,3,3340379,0,0,0,0,0,0,0,0,0,0,0,1,5000,0,0,21974,6,2,2020,29,0,,,,,,,0,0,1,0,0,0
"France",53,"Bretagne","2020-03-01",,4,3340379,0,0,0,0,0,0,0,0,0,0,0,1,5000,1,.2261917,21975,0,3,2020,1,0,,,,,,,0,0,1,0,0,0
"France",53,"Bretagne","2020-03-02",13,13,3340379,0,0,0,0,0,0,0,0,0,0,0,1,5000,1,.2261917,21976,1,3,2020,2,0,2.564949,,,,,,0,0,1,0,0,0
"France",53,"Bretagne","2020-03-03",19,19,3340379,1,0,0,0,0,0,0,0,0,0,0,1,5000,1,.2261917,21977,2,3,2020,3,0,2.944439,.3794897,0,,.2057971,,0,0,1,0,0,0
"France",53,"Bretagne","2020-03-04",23,23,3340379,1,0,0,0,0,0,0,0,0,0,0,1,5000,1,.2261917,21978,3,3,2020,4,0,3.135494,.1910553,0,0,.2057971,,0,0,1,0,0,0
"France",53,"Bretagne","2020-03-05",29,29,3340379,1,0,0,0,0,0,0,0,0,0,0,1,5000,1,.2261917,21979,4,3,2020,5,0,3.367296,.2318015,0,0,.2057971,,0,0,1,0,0,0
"France",53,"Bretagne","2020-03-06",32,32,3340379,3,0,0,0,0,0,0,0,0,0,0,1,5000,1,.2261917,21980,5,3,2020,6,0,3.465736,.0984402,1.098612,1.098612,.2057971,,0,0,1,0,0,0
"France",53,"Bretagne","2020-03-07",40,40,3340379,3,0,0,0,0,0,0,0,0,0,0,1,5000,1,.2261917,21981,6,3,2020,7,0,3.688879,.2231436,1.098612,0,.2057971,,0,0,1,0,0,0
"France",53,"Bretagne","2020-03-08",59,59,3340379,3,0,0,0,0,0,0,0,0,0,0,1,1000,1,.2261917,21982,0,3,2020,8,0,4.077538,.388658,1.098612,0,.2057971,,0,0,1,1,0,.2
"France",53,"Bretagne","2020-03-09",71,71,3340379,3,0,0,0,0,0,0,0,0,0,0,1,1000,1,.2261917,21983,1,3,2020,9,0,4.26268,.1851425,1.098612,0,.2057971,,0,0,1,1,0,.2
"France",53,"Bretagne","2020-03-10",81,81,3340379,4,0,0,0,0,0,0,0,0,0,0,1,1000,1,.2261917,21984,2,3,2020,10,0,4.394449,.1317692,1.386294,.2876821,.2057971,,0,0,1,1,0,.2
"France",53,"Bretagne","2020-03-11",94,94,3340379,4,0,0,0,0,0,0,.5,.5,0,0,1,1000,1,.5501289,21985,3,3,2020,11,0,4.543295,.1488457,1.386294,0,.2057971,,0,0,1,1,0,.3
"France",53,"Bretagne","2020-03-12",117,117,3340379,7,0,0,0,0,0,0,.5,.5,0,0,1,1000,1,.5501289,21986,4,3,2020,12,0,4.762174,.2188792,1.94591,.5596157,.2057971,,0,0,1,1,0,.3
"France",53,"Bretagne","2020-03-13",157,157,3340379,8,0,0,0,0,0,0,.5,.5,0,0,1,100,1,.5501289,21987,5,3,2020,13,0,5.056246,.2940717,2.079442,.1335315,.2057971,,0,0,1,1,1,.5
"France",53,"Bretagne","2020-03-14",182,182,3340379,15,0,0,0,0,0,0,.5,.5,0,0,1,100,1,.5501289,21988,6,3,2020,14,0,5.204007,.1477609,2.70805,.6286087,.2057971,,0,0,1,1,1,.5
"France",53,"Bretagne","2020-03-15",207,207,3340379,23,0,0,0,0,0,0,.5,.5,0,1,1,100,1,.5501289,21989,0,3,2020,15,0,5.332719,.1287122,3.135494,.427444,.2057971,,1,.5,1,1,1,.5
"France",53,"Bretagne","2020-03-16",233,233,3340379,37,0,0,0,0,0,0,.5,.5,0,1,1,100,1,1,21990,1,3,2020,16,0,5.451038,.1183195,3.610918,.4754236,.2057971,,0,.5,1,1,1,.5
"France",53,"Bretagne","2020-03-17",247,247,3340379,57,0,0,.8,.8,0,0,.5,.5,0,1,1,100,1,1,21991,2,3,2020,17,0,5.509388,.0583501,4.043051,.4321334,.2057971,,0,.9,1,1,1,.5
"France",53,"Bretagne","2020-03-18",273,273,3340379,71,0,0,.8,.8,0,0,.5,.5,0,1,1,100,1,1,21992,3,3,2020,18,0,5.609472,.1000834,4.26268,.2196288,.2057971,,0,.9,1,1,1,.5
"France",53,"Bretagne","2020-03-19",297,297,3340379,96,0,0,.8,.8,0,0,.5,.5,0,1,1,100,1,1,21993,4,3,2020,19,0,5.693732,.0842605,4.564348,.3016682,.2057971,,0,.9,1,1,1,.5
"France",53,"Bretagne","2020-03-20",346,346,3340379,112,0,0,.8,.8,0,0,.5,.5,0,1,1,100,1,1,21994,5,3,2020,20,0,5.846439,.1527066,4.718499,.1541505,.2057971,,0,.9,1,1,1,.5
"France",53,"Bretagne","2020-03-21",359,359,3340379,137,0,0,.8,.8,0,0,.5,.5,0,1,1,100,1,1,21995,6,3,2020,21,0,5.883322,.0368834,4.919981,.2014823,.2057971,,0,.9,1,1,1,.5
"France",53,"Bretagne","2020-03-22",397,397,3340379,157,0,0,.8,.8,0,0,.5,.5,0,1,1,100,1,1,21996,0,3,2020,22,0,5.983936,.1006141,5.056246,.1362648,.2057971,,0,.9,1,1,1,.5
"France",53,"Bretagne","2020-03-23",490,490,3340379,193,0,0,1,1,0,0,.5,.5,0,1,1,100,1,1,21997,1,3,2020,23,0,6.194406,.2104692,5.26269,.2064443,.2057971,,0,1,1,1,1,.5
"France",53,"Bretagne","2020-03-24",526,526,3340379,228,0,0,1,1,0,0,.5,.5,0,1,1,100,1,1,21998,2,3,2020,24,0,6.265301,.0708957,5.429346,.1666555,.2057971,,0,1,1,1,1,.5
"France",53,"Bretagne","2020-03-25",603,603,3340379,273,0,0,1,1,0,0,.5,.5,0,1,1,100,1,1,21999,3,3,2020,25,0,6.401917,.1366158,5.609472,.1801262,.2057971,,0,1,1,1,1,.5
"France",53,"Bretagne","2020-03-26",,,3340379,313,0,0,1,1,0,0,.5,.5,0,1,1,100,1,1,22000,4,3,2020,26,0,,,5.746203,.1367316,,,0,1,1,1,1,.5
"France",53,"Bretagne","2020-03-27",,,3340379,358,0,0,1,1,0,0,.5,.5,0,1,1,100,1,1,22001,5,3,2020,27,0,,,5.880533,.1343298,,,0,1,1,1,1,.5
"France",53,"Bretagne","2020-03-28",,,3340379,403,0,0,1,1,0,0,.5,.5,0,1,1,100,1,1,22002,6,3,2020,28,0,,,5.998937,.1184034,,,0,1,1,1,1,.5
"France",53,"Bretagne","2020-03-29",,,3340379,432,0,0,1,1,0,0,.5,.5,0,1,1,100,1,1,22003,0,3,2020,29,0,,,6.068426,.069489,,,0,1,1,1,1,.5
"France",53,"Bretagne","2020-03-30",,,3340379,473,0,0,1,1,0,0,.5,.5,0,1,1,100,1,1,22004,1,3,2020,30,0,,,6.159095,.0906696,,,0,1,1,1,1,.5
"France",53,"Bretagne","2020-03-31",,,3340379,513,0,0,1,1,0,0,.5,.5,0,1,1,100,1,1,22005,2,3,2020,31,0,,,6.240276,.0811806,,,0,1,1,1,1,.5
"France",53,"Bretagne","2020-04-01",,,3340379,554,0,0,1,1,0,0,.5,.5,0,1,1,100,1,1,22006,3,4,2020,1,0,,,6.317165,.076889,,,0,1,1,1,1,.5
"France",53,"Bretagne","2020-04-02",,,3340379,593,0,0,1,1,0,0,.5,.5,0,1,1,100,1,1,22007,4,4,2020,2,0,,,6.385194,.0680294,,,0,1,1,1,1,.5
"France",53,"Bretagne","2020-04-03",,,3340379,627,0,0,1,1,0,0,.5,.5,0,1,1,100,1,1,22008,5,4,2020,3,0,,,6.440947,.0557523,,,0,1,1,1,1,.5
"France",53,"Bretagne","2020-04-04",,,3340379,660,0,0,1,1,0,0,.5,.5,0,1,1,100,1,1,22009,6,4,2020,4,0,,,6.49224,.0512934,,,0,1,1,1,1,.5
"France",53,"Bretagne","2020-04-05",,,3340379,698,0,0,1,1,0,0,.5,.5,0,1,1,100,1,1,22010,0,4,2020,5,0,,,6.548219,.0559793,,,0,1,1,1,1,.5
"France",53,"Bretagne","2020-04-06",,,3340379,733,0,0,1,1,0,0,.5,.5,0,1,1,100,1,1,22011,1,4,2020,6,0,,,6.597146,.0489264,,,0,1,1,1,1,.5
"France",75,"NouvelleAquitaine","2020-02-29",,1,5999982,1,0,0,0,0,0,0,0,0,0,0,1,5000,0,0,21974,6,2,2020,29,0,,,0,,,,0,0,1,0,0,0
"France",75,"NouvelleAquitaine","2020-03-01",,2,5999982,1,0,0,0,0,0,0,0,0,0,0,1,5000,0,0,21975,0,3,2020,1,0,,,0,0,,,0,0,1,0,0,0
"France",75,"NouvelleAquitaine","2020-03-06",11,11,5999982,9,0,0,0,0,0,0,0,0,0,0,1,5000,0,0,21980,5,3,2020,6,0,2.397895,,2.197225,,,,0,0,1,0,0,0
"France",75,"NouvelleAquitaine","2020-03-07",17,17,5999982,15,0,0,0,0,0,0,0,0,0,0,1,5000,0,0,21981,6,3,2020,7,0,2.833213,.435318,2.70805,.5108256,.2057971,,0,0,1,0,0,0
"France",75,"NouvelleAquitaine","2020-03-08",29,29,5999982,23,0,0,0,0,0,0,0,0,1,0,1,1000,0,0,21982,0,3,2020,8,0,3.367296,.5340824,3.135494,.427444,.2057971,,0,0,1,1,0,.2
"France",75,"NouvelleAquitaine","2020-03-09",39,39,5999982,25,0,0,0,0,0,0,0,0,1,0,1,1000,0,0,21983,1,3,2020,9,0,3.663562,.2962658,3.218876,.0833817,.2057971,,0,0,1,1,0,.2
"France",75,"NouvelleAquitaine","2020-03-10",54,54,5999982,30,0,0,0,0,0,0,0,0,1,0,1,1000,0,0,21984,2,3,2020,10,0,3.988984,.3254225,3.401197,.1823215,.2057971,,0,0,1,1,0,.2
"France",75,"NouvelleAquitaine","2020-03-11",66,66,5999982,34,0,0,0,0,0,0,.5,.5,1,0,1,1000,0,0,21985,3,3,2020,11,0,4.189655,.2006707,3.526361,.1251631,.2057971,,0,0,1,1,0,.3
"France",75,"NouvelleAquitaine","2020-03-12",87,87,5999982,46,0,0,0,0,0,0,.5,.5,1,0,1,1000,1,.1237195,21986,4,3,2020,12,0,4.465908,.2762532,3.828641,.3022809,.2057971,,0,0,1,1,0,.3
"France",75,"NouvelleAquitaine","2020-03-13",114,114,5999982,52,0,0,0,0,0,0,.5,.5,1,0,1,100,1,.1237195,21987,5,3,2020,13,0,4.736198,.2702904,3.951244,.1226022,.2057971,,0,0,1,1,1,.5
"France",75,"NouvelleAquitaine","2020-03-14",130,130,5999982,65,0,0,0,0,0,0,.5,.5,1,0,1,100,1,.1237195,21988,6,3,2020,14,0,4.867535,.1313362,4.174387,.2231438,.2057971,,0,0,1,1,1,.5
"France",75,"NouvelleAquitaine","2020-03-15",144,144,5999982,75,0,0,0,0,0,0,.5,.5,1,1,1,100,1,.1237195,21989,0,3,2020,15,0,4.969813,.1022787,4.317488,.1431007,.2057971,,1,.5,1,1,1,.5
"France",75,"NouvelleAquitaine","2020-03-16",178,178,5999982,101,0,0,0,0,0,0,.5,.5,1,1,1,100,1,1,21990,1,3,2020,16,0,5.181784,.2119703,4.61512,.2976322,.2057971,,0,.5,1,1,1,.5
"France",75,"NouvelleAquitaine","2020-03-17",200,200,5999982,138,0,0,.8,.8,0,0,.5,.5,1,1,1,100,1,1,21991,2,3,2020,17,0,5.298317,.1165338,4.927254,.3121333,.2057971,,0,.9,1,1,1,.5
"France",75,"NouvelleAquitaine","2020-03-18",237,237,5999982,166,0,0,.8,.8,0,0,.5,.5,1,1,1,100,1,1,21992,3,3,2020,18,0,5.46806,.1697426,5.111988,.1847339,.2057971,,0,.9,1,1,1,.5
"France",75,"NouvelleAquitaine","2020-03-19",280,280,5999982,209,0,0,.8,.8,0,0,.5,.5,1,1,1,100,1,1,21993,4,3,2020,19,0,5.634789,.1667295,5.342334,.2303467,.2057971,,0,.9,1,1,1,.5
"France",75,"NouvelleAquitaine","2020-03-20",432,432,5999982,269,0,0,.8,.8,0,0,.5,.5,1,1,1,100,1,1,21994,5,3,2020,20,0,6.068426,.4336362,5.594711,.252377,.2057971,,0,.9,1,1,1,.5
"France",75,"NouvelleAquitaine","2020-03-21",521,521,5999982,336,0,0,.8,.8,0,0,.5,.5,1,1,1,100,1,1,21995,6,3,2020,21,0,6.25575,.1873245,5.817111,.2223997,.2057971,,0,.9,1,1,1,.5
"France",75,"NouvelleAquitaine","2020-03-22",612,612,5999982,406,0,0,.8,.8,0,0,.5,.5,1,1,1,100,1,1,21996,0,3,2020,22,0,6.416732,.1609821,6.006353,.1892424,.2057971,,0,.9,1,1,1,.5
"France",75,"NouvelleAquitaine","2020-03-23",676,676,5999982,504,0,0,1,1,0,0,.5,.5,1,1,1,100,1,1,21997,1,3,2020,23,0,6.516193,.0994606,6.222576,.2162228,.2057971,,0,1,1,1,1,.5
"France",75,"NouvelleAquitaine","2020-03-24",789,789,5999982,602,0,0,1,1,0,0,.5,.5,1,1,1,100,1,1,21998,2,3,2020,24,0,6.670766,.1545734,6.400258,.1776814,.2057971,,0,1,1,1,1,.5
"France",75,"NouvelleAquitaine","2020-03-25",912,912,5999982,701,0,0,1,1,0,0,.5,.5,1,1,1,100,1,1,21999,3,3,2020,25,0,6.81564,.1448736,6.552508,.1522503,.2057971,,0,1,1,1,1,.5
"France",75,"NouvelleAquitaine","2020-03-26",,,5999982,813,0,0,1,1,0,0,.5,.5,1,1,1,100,1,1,22000,4,3,2020,26,0,,,6.700731,.1482234,,,0,1,1,1,1,.5
"France",75,"NouvelleAquitaine","2020-03-27",,,5999982,955,0,0,1,1,0,0,.5,.5,1,1,1,100,1,1,22001,5,3,2020,27,0,,,6.861712,.1609802,,,0,1,1,1,1,.5
"France",75,"NouvelleAquitaine","2020-03-28",,,5999982,1073,0,0,1,1,0,0,.5,.5,1,1,1,100,1,1,22002,6,3,2020,28,0,,,6.978214,.1165023,,,0,1,1,1,1,.5
"France",75,"NouvelleAquitaine","2020-03-29",,,5999982,1151,0,0,1,1,0,0,.5,.5,1,1,1,100,1,1,22003,0,3,2020,29,0,,,7.048387,.0701728,,,0,1,1,1,1,.5
"France",75,"NouvelleAquitaine","2020-03-30",,,5999982,1274,0,0,1,1,0,0,.5,.5,1,1,1,100,1,1,22004,1,3,2020,30,0,,,7.149917,.1015301,,,0,1,1,1,1,.5
"France",75,"NouvelleAquitaine","2020-03-31",,,5999982,1401,0,0,1,1,0,0,.5,.5,1,1,1,100,1,1,22005,2,3,2020,31,0,,,7.244942,.0950251,,,0,1,1,1,1,.5
"France",75,"NouvelleAquitaine","2020-04-01",,,5999982,1529,0,0,1,1,0,0,.5,.5,1,1,1,100,1,1,22006,3,4,2020,1,0,,,7.332369,.0874276,,,0,1,1,1,1,.5
"France",75,"NouvelleAquitaine","2020-04-02",,,5999982,1644,0,0,1,1,0,0,.5,.5,1,1,1,100,1,1,22007,4,4,2020,2,0,,,7.404888,.0725183,,,0,1,1,1,1,.5
"France",75,"NouvelleAquitaine","2020-04-03",,,5999982,1770,0,0,1,1,0,0,.5,.5,1,1,1,100,1,1,22008,5,4,2020,3,0,,,7.478735,.0738473,,,0,1,1,1,1,.5
"France",75,"NouvelleAquitaine","2020-04-04",,,5999982,1860,0,0,1,1,0,0,.5,.5,1,1,1,100,1,1,22009,6,4,2020,4,0,,,7.528332,.0495968,,,0,1,1,1,1,.5
"France",75,"NouvelleAquitaine","2020-04-05",,,5999982,1955,0,0,1,1,0,0,.5,.5,1,1,1,100,1,1,22010,0,4,2020,5,0,,,7.578146,.0498137,,,0,1,1,1,1,.5
"France",75,"NouvelleAquitaine","2020-04-06",,,5999982,2053,0,0,1,1,0,0,.5,.5,1,1,1,100,1,1,22011,1,4,2020,6,0,,,7.627058,.048912,,,0,1,1,1,1,.5
"France",76,"Occitanie","2020-02-29",,2,5924858,1,0,0,0,0,0,0,0,0,0,0,1,5000,0,0,21974,6,2,2020,29,0,,,0,,,,0,0,1,0,0,0
"France",76,"Occitanie","2020-03-01",,3,5924858,7,0,0,0,0,0,0,0,0,0,0,1,5000,0,0,21975,0,3,2020,1,0,,,1.94591,1.94591,,,0,0,1,0,0,0
"France",76,"Occitanie","2020-03-05",11,11,5924858,12,0,0,0,0,0,0,0,0,0,0,1,5000,0,0,21979,4,3,2020,5,0,2.397895,,2.484907,,,,0,0,1,0,0,0
"France",76,"Occitanie","2020-03-06",18,18,5924858,14,0,0,0,0,0,0,0,0,0,0,1,5000,0,0,21980,5,3,2020,6,0,2.890372,.4924765,2.639057,.1541507,.2057971,,0,0,1,0,0,0
"France",76,"Occitanie","2020-03-07",36,36,5924858,18,0,0,0,0,0,0,0,0,0,0,1,5000,0,0,21981,6,3,2020,7,0,3.583519,.6931472,2.890372,.2513144,.2057971,,0,0,1,0,0,0
"France",76,"Occitanie","2020-03-08",36,36,5924858,26,0,0,0,0,0,0,0,0,0,0,1,1000,0,0,21982,0,3,2020,8,0,3.583519,0,3.258096,.3677247,.2057971,,0,0,1,1,0,.2
"France",76,"Occitanie","2020-03-09",60,60,5924858,33,0,0,0,0,0,0,0,0,0,0,1,1000,0,0,21983,1,3,2020,9,0,4.094345,.5108256,3.496508,.2384112,.2057971,,0,0,1,1,0,.2
"France",76,"Occitanie","2020-03-10",61,61,5924858,46,0,0,0,0,0,0,0,0,0,0,1,1000,0,0,21984,2,3,2020,10,0,4.110874,.0165291,3.828641,.3321338,.2057971,,0,0,1,1,0,.2
"France",76,"Occitanie","2020-03-11",87,87,5924858,55,0,0,0,0,0,0,.5,.5,0,0,1,1000,1,.1985102,21985,3,3,2020,11,0,4.465908,.3550344,4.007333,.1786919,.2057971,,0,0,1,1,0,.3
"France",76,"Occitanie","2020-03-12",133,133,5924858,65,0,0,0,0,0,0,.5,.5,0,0,1,1000,1,.1985102,21986,4,3,2020,12,0,4.890349,.4244409,4.174387,.1670542,.2057971,,0,0,1,1,0,.3
"France",76,"Occitanie","2020-03-13",172,172,5924858,103,0,0,0,0,0,0,.5,.5,0,0,1,100,1,.1985102,21987,5,3,2020,13,0,5.147494,.2571454,4.634729,.4603415,.2057971,,0,0,1,1,1,.5
"France",76,"Occitanie","2020-03-14",214,214,5924858,148,0,0,0,0,0,0,.5,.5,0,0,1,100,1,.1985102,21988,6,3,2020,14,0,5.365976,.2184815,4.997212,.3624835,.2057971,,0,0,1,1,1,.5
"France",76,"Occitanie","2020-03-15",243,243,5924858,195,0,0,0,0,0,0,.5,.5,0,1,1,100,1,.1985102,21989,0,3,2020,15,0,5.493062,.1270857,5.273,.2757874,.2057971,,1,.5,1,1,1,.5
"France",76,"Occitanie","2020-03-16",262,262,5924858,252,0,0,0,0,0,0,.5,.5,0,1,1,100,1,1,21990,1,3,2020,16,0,5.568345,.0752831,5.529429,.2564292,.2057971,,0,.5,1,1,1,.5
"France",76,"Occitanie","2020-03-17",311,311,5924858,304,0,0,.8,.8,0,0,.5,.5,0,1,1,100,1,1,21991,2,3,2020,17,0,5.739793,.1714482,5.717028,.1875987,.2057971,,0,.9,1,1,1,.5
"France",76,"Occitanie","2020-03-18",371,371,5924858,350,0,0,.8,.8,0,0,.5,.5,0,1,1,100,1,1,21992,3,3,2020,18,0,5.916202,.1764092,5.857933,.1409054,.2057971,,0,.9,1,1,1,.5
"France",76,"Occitanie","2020-03-19",444,444,5924858,387,0,0,1,.0443248,0,0,.5,.5,0,1,1,100,1,1,21993,4,3,2020,19,0,6.095825,.1796227,5.958425,.1004915,.2057971,,0,1,1,1,1,.5
"France",76,"Occitanie","2020-03-20",537,537,5924858,418,0,0,1,.0443248,0,0,.5,.5,0,1,1,100,1,1,21994,5,3,2020,20,0,6.285998,.1901731,6.035481,.0770569,.2057971,,0,1,1,1,1,.5
"France",76,"Occitanie","2020-03-21",611,611,5924858,459,0,0,1,.0443248,0,0,.5,.5,0,1,1,100,1,1,21995,6,3,2020,21,0,6.415097,.1290989,6.12905,.0935688,.2057971,,0,1,1,1,1,.5
"France",76,"Occitanie","2020-03-22",671,671,5924858,491,0,0,1,.0443248,0,0,.5,.5,0,1,1,100,1,1,21996,0,3,2020,22,0,6.508769,.0936723,6.196444,.0673938,.2057971,,0,1,1,1,1,.5
"France",76,"Occitanie","2020-03-23",767,767,5924858,561,0,0,1,.0443248,0,0,.5,.5,0,1,1,100,1,1,21997,1,3,2020,23,0,6.642487,.1337175,6.329721,.1332769,.2057971,,0,1,1,1,1,.5
"France",76,"Occitanie","2020-03-24",900,900,5924858,622,0,0,1,.0443248,0,0,.5,.5,0,1,1,100,1,1,21998,2,3,2020,24,0,6.802395,.1599083,6.43294,.103219,.2057971,,0,1,1,1,1,.5
"France",76,"Occitanie","2020-03-25",1082,1082,5924858,681,0,0,1,.0443248,0,0,.5,.5,0,1,1,100,1,1,21999,3,3,2020,25,0,6.986567,.1841717,6.523562,.0906224,.2057971,,0,1,1,1,1,.5
"France",76,"Occitanie","2020-03-26",,,5924858,750,0,0,1,.0443248,0,0,.5,.5,0,1,1,100,1,1,22000,4,3,2020,26,0,,,6.620073,.0965109,,,0,1,1,1,1,.5
"France",76,"Occitanie","2020-03-27",,,5924858,825,0,0,1,.0443248,0,0,.5,.5,0,1,1,100,1,1,22001,5,3,2020,27,0,,,6.715384,.0953102,,,0,1,1,1,1,.5
"France",76,"Occitanie","2020-03-28",,,5924858,957,0,0,1,.0443248,0,0,.5,.5,0,1,1,100,1,1,22002,6,3,2020,28,0,,,6.863803,.1484199,,,0,1,1,1,1,.5
"France",76,"Occitanie","2020-03-29",,,5924858,1079,0,0,1,.0443248,0,0,.5,.5,0,1,1,100,1,1,22003,0,3,2020,29,0,,,6.98379,.1199865,,,0,1,1,1,1,.5
"France",76,"Occitanie","2020-03-30",,,5924858,1215,0,0,1,.0443248,0,0,.5,.5,0,1,1,100,1,1,22004,1,3,2020,30,0,,,7.102499,.1187096,,,0,1,1,1,1,.5
"France",76,"Occitanie","2020-03-31",,,5924858,1328,0,0,1,.0443248,0,0,.5,.5,0,1,1,100,1,1,22005,2,3,2020,31,0,,,7.191429,.0889297,,,0,1,1,1,1,.5
"France",76,"Occitanie","2020-04-01",,,5924858,1431,0,0,1,.0443248,0,0,.5,.5,0,1,1,100,1,1,22006,3,4,2020,1,0,,,7.266129,.0746999,,,0,1,1,1,1,.5
"France",76,"Occitanie","2020-04-02",,,5924858,1540,0,0,1,.0443248,0,0,.5,.5,0,1,1,100,1,1,22007,4,4,2020,2,0,,,7.339538,.0734086,,,0,1,1,1,1,.5
"France",76,"Occitanie","2020-04-03",,,5924858,1622,0,0,1,.0443248,0,0,.5,.5,0,1,1,100,1,1,22008,5,4,2020,3,0,,,7.391415,.0518775,,,0,1,1,1,1,.5
"France",76,"Occitanie","2020-04-04",,,5924858,1691,0,0,1,.0443248,0,0,.5,.5,0,1,1,100,1,1,22009,6,4,2020,4,0,,,7.433075,.0416603,,,0,1,1,1,1,.5
"France",76,"Occitanie","2020-04-05",,,5924858,1762,0,0,1,.0443248,0,0,.5,.5,0,1,1,100,1,1,22010,0,4,2020,5,0,,,7.474205,.0411296,,,0,1,1,1,1,.5
"France",76,"Occitanie","2020-04-06",,,5924858,1840,0,0,1,.0443248,0,0,.5,.5,0,1,1,100,1,1,22011,1,4,2020,6,0,,,7.517521,.0433159,,,0,1,1,1,1,.5
"France",84,"AuvergneRhôneAlpes","2020-02-29",,17,8032377,1,0,0,0,0,0,0,0,0,0,0,1,5000,0,0,21974,6,2,2020,29,0,,,0,,,,0,0,1,0,0,0
"France",84,"AuvergneRhôneAlpes","2020-03-01",,22,8032377,1,0,0,0,0,0,0,0,0,0,0,1,5000,0,0,21975,0,3,2020,1,0,,,0,0,,,0,0,1,0,0,0
"France",84,"AuvergneRhôneAlpes","2020-03-02",37,37,8032377,10,0,0,0,0,0,0,0,0,0,0,1,5000,1,.1031332,21976,1,3,2020,2,0,3.610918,,2.302585,2.302585,,,0,0,1,0,0,0
"France",84,"AuvergneRhôneAlpes","2020-03-03",40,40,8032377,12,0,0,0,0,0,0,0,0,0,0,1,5000,1,.1031332,21977,2,3,2020,3,0,3.688879,.0779617,2.484907,.1823215,.2057971,,0,0,1,0,0,0
"France",84,"AuvergneRhôneAlpes","2020-03-04",49,49,8032377,14,0,0,0,0,0,0,0,0,0,0,1,5000,1,.1031332,21978,3,3,2020,4,0,3.89182,.2029407,2.639057,.1541507,.2057971,,0,0,1,0,0,0
"France",84,"AuvergneRhôneAlpes","2020-03-05",64,64,8032377,15,0,0,0,0,0,0,0,0,0,0,1,5000,1,.1031332,21979,4,3,2020,5,0,4.158883,.2670629,2.70805,.0689929,.2057971,,0,0,1,0,0,0
"France",84,"AuvergneRhôneAlpes","2020-03-06",75,75,8032377,18,0,0,0,0,0,0,0,0,0,0,1,5000,1,.1031332,21980,5,3,2020,6,0,4.317488,.1586051,2.890372,.1823215,.2057971,,0,0,1,0,0,0
"France",84,"AuvergneRhôneAlpes","2020-03-07",102,102,8032377,22,0,0,0,0,0,0,0,0,0,0,1,5000,1,.1031332,21981,6,3,2020,7,0,4.624973,.3074846,3.091043,.2006707,.2057971,,0,0,1,0,0,0
"France",84,"AuvergneRhôneAlpes","2020-03-08",146,146,8032377,25,0,0,0,0,0,0,0,0,0,0,1,1000,1,.1031332,21982,0,3,2020,8,0,4.983607,.358634,3.218876,.1278334,.2057971,,0,0,1,1,0,.2
"France",84,"AuvergneRhôneAlpes","2020-03-09",182,182,8032377,39,0,0,0,0,0,0,0,0,0,0,1,1000,1,.1031332,21983,1,3,2020,9,0,5.204007,.2203999,3.663562,.4446857,.2057971,,0,0,1,1,0,.2
"France",84,"AuvergneRhôneAlpes","2020-03-10",211,211,8032377,53,0,0,0,0,0,0,0,0,0,0,1,1000,1,.1031332,21984,2,3,2020,10,0,5.351858,.1478515,3.970292,.3067303,.2057971,,0,0,1,1,0,.2
"France",84,"AuvergneRhôneAlpes","2020-03-11",264,264,8032377,66,0,0,0,0,0,0,.5,.5,0,0,1,1000,1,.1031332,21985,3,3,2020,11,0,5.575949,.2240911,4.189655,.219363,.2057971,,0,0,1,1,0,.3
"France",84,"AuvergneRhôneAlpes","2020-03-12",329,329,8032377,93,0,0,0,0,0,0,.5,.5,0,0,1,1000,1,.1031332,21986,4,3,2020,12,0,5.796058,.2201085,4.532599,.3429446,.2057971,,0,0,1,1,0,.3
"France",84,"AuvergneRhôneAlpes","2020-03-13",416,416,8032377,130,0,0,0,0,0,0,.5,.5,0,0,1,100,1,.1031332,21987,5,3,2020,13,0,6.030685,.2346277,4.867535,.3349352,.2057971,,0,0,1,1,1,.5
"France",84,"AuvergneRhôneAlpes","2020-03-14",454,454,8032377,170,0,0,0,0,0,0,.5,.5,0,0,1,100,1,.1031332,21988,6,3,2020,14,0,6.118097,.0874119,5.135798,.2682638,.2057971,,0,0,1,1,1,.5
"France",84,"AuvergneRhôneAlpes","2020-03-15",523,523,8032377,199,0,0,0,0,0,0,.5,.5,0,1,1,100,1,.1031332,21989,0,3,2020,15,0,6.259582,.1414843,5.293305,.1575065,.2057971,,1,.5,1,1,1,.5
"France",84,"AuvergneRhôneAlpes","2020-03-16",618,618,8032377,245,0,0,0,0,0,0,.5,.5,0,1,1,100,1,1,21990,1,3,2020,16,0,6.426488,.1669068,5.501258,.2079535,.2057971,,0,.5,1,1,1,.5
"France",84,"AuvergneRhôneAlpes","2020-03-17",710,710,8032377,307,0,0,.8,.8,0,0,.5,.5,0,1,1,100,1,1,21991,2,3,2020,17,0,6.565265,.1387768,5.726848,.2255893,.2057971,,0,.9,1,1,1,.5
"France",84,"AuvergneRhôneAlpes","2020-03-18",858,858,8032377,364,0,0,.8,.8,0,0,.5,.5,0,1,1,100,1,1,21992,3,3,2020,18,0,6.754604,.1893387,5.897154,.1703062,.2057971,,0,.9,1,1,1,.5
"France",84,"AuvergneRhôneAlpes","2020-03-19",1014,1014,8032377,446,0,0,.8,.8,0,0,.5,.5,0,1,1,100,1,1,21993,4,3,2020,19,0,6.921658,.1670542,6.100319,.2031651,.2057971,,0,.9,1,1,1,.5
"France",84,"AuvergneRhôneAlpes","2020-03-20",1101,1101,8032377,563,0,0,.8,.8,0,0,.5,.5,0,1,1,100,1,1,21994,5,3,2020,20,0,7.003974,.0823159,6.33328,.2329607,.2057971,,0,.9,1,1,1,.5
"France",84,"AuvergneRhôneAlpes","2020-03-21",1266,1266,8032377,668,0,0,.8,.8,0,0,.5,.5,0,1,1,100,1,1,21995,6,3,2020,21,0,7.143618,.1396437,6.504288,.1710086,.2057971,,0,.9,1,1,1,.5
"France",84,"AuvergneRhôneAlpes","2020-03-22",1431,1431,8032377,788,0,0,.8,.8,0,0,.5,.5,0,1,1,100,1,1,21996,0,3,2020,22,0,7.266129,.1225114,6.669498,.1652098,.2057971,,0,.9,1,1,1,.5
"France",84,"AuvergneRhôneAlpes","2020-03-23",1730,1730,8032377,1008,0,0,1,1,0,0,.5,.5,0,1,1,100,1,1,21997,1,3,2020,23,0,7.455877,.1897478,6.915723,.2462254,.2057971,,0,1,1,1,1,.5
"France",84,"AuvergneRhôneAlpes","2020-03-24",1857,1857,8032377,1229,0,0,1,1,0,0,.5,.5,0,1,1,100,1,1,21998,2,3,2020,24,0,7.526718,.0708408,7.113956,.1982327,.2057971,,0,1,1,1,1,.5
"France",84,"AuvergneRhôneAlpes","2020-03-25",2093,2093,8032377,1466,0,0,1,1,0,0,.5,.5,0,1,1,100,1,1,21999,3,3,2020,25,0,7.646354,.1196361,7.290293,.1763368,.2057971,,0,1,1,1,1,.5
"France",84,"AuvergneRhôneAlpes","2020-03-26",,,8032377,1734,0,0,1,1,0,0,.5,.5,0,1,1,100,1,1,22000,4,3,2020,26,0,,,7.458186,.1678934,,,0,1,1,1,1,.5
"France",84,"AuvergneRhôneAlpes","2020-03-27",,,8032377,2076,0,0,1,1,0,0,.5,.5,0,1,1,100,1,1,22001,5,3,2020,27,0,,,7.638198,.1800122,,,0,1,1,1,1,.5
"France",84,"AuvergneRhôneAlpes","2020-03-28",,,8032377,2308,0,0,1,1,0,0,.5,.5,0,1,1,100,1,1,22002,6,3,2020,28,0,,,7.744137,.1059384,,,0,1,1,1,1,.5
"France",84,"AuvergneRhôneAlpes","2020-03-29",,,8032377,2508,0,0,1,1,0,0,.5,.5,0,1,1,100,1,1,22003,0,3,2020,29,0,,,7.827241,.0831041,,,0,1,1,1,1,.5
"France",84,"AuvergneRhôneAlpes","2020-03-30",,,8032377,2778,0,0,1,1,0,0,.5,.5,0,1,1,100,1,1,22004,1,3,2020,30,0,,,7.929487,.1022458,,,0,1,1,1,1,.5
"France",84,"AuvergneRhôneAlpes","2020-03-31",,,8032377,3008,0,0,1,1,0,0,.5,.5,0,1,1,100,1,1,22005,2,3,2020,31,0,,,8.00903,.0795436,,,0,1,1,1,1,.5
"France",84,"AuvergneRhôneAlpes","2020-04-01",,,8032377,3163,0,0,1,1,0,0,.5,.5,0,1,1,100,1,1,22006,3,4,2020,1,0,,,8.059277,.0502462,,,0,1,1,1,1,.5
"France",84,"AuvergneRhôneAlpes","2020-04-02",,,8032377,3326,0,0,1,1,0,0,.5,.5,0,1,1,100,1,1,22007,4,4,2020,2,0,,,8.109526,.0502491,,,0,1,1,1,1,.5
"France",84,"AuvergneRhôneAlpes","2020-04-03",,,8032377,3513,0,0,1,1,0,0,.5,.5,0,1,1,100,1,1,22008,5,4,2020,3,0,,,8.164226,.0546999,,,0,1,1,1,1,.5
"France",84,"AuvergneRhôneAlpes","2020-04-04",,,8032377,3648,0,0,1,1,0,0,.5,.5,0,1,1,100,1,1,22009,6,4,2020,4,0,,,8.201935,.0377092,,,0,1,1,1,1,.5
"France",84,"AuvergneRhôneAlpes","2020-04-05",,,8032377,3758,0,0,1,1,0,0,.5,.5,0,1,1,100,1,1,22010,0,4,2020,5,0,,,8.231642,.029707,,,0,1,1,1,1,.5
"France",84,"AuvergneRhôneAlpes","2020-04-06",,,8032377,3907,0,0,1,1,0,0,.5,.5,0,1,1,100,1,1,22011,1,4,2020,6,0,,,8.270525,.0388832,,,0,1,1,1,1,.5
"France",93,"Paca","2020-02-29",,3,5055651,6,0,0,0,0,0,0,0,0,0,0,1,5000,0,0,21974,6,2,2020,29,0,,,1.791759,,,,0,0,1,0,0,0
"France",93,"Paca","2020-03-01",,4,5055651,8,0,0,0,0,0,0,0,0,0,0,1,5000,0,0,21975,0,3,2020,1,0,,,2.079442,.2876821,,,0,0,1,0,0,0
"France",93,"Paca","2020-03-03",10,10,5055651,16,0,0,0,0,0,0,0,0,0,0,1,5000,0,0,21977,2,3,2020,3,0,2.302585,,2.772589,,,,0,0,1,0,0,0
"France",93,"Paca","2020-03-04",13,13,5055651,22,0,0,0,0,0,0,0,0,0,0,1,5000,1,.4024148,21978,3,3,2020,4,0,2.564949,.2623641,3.091043,.3184538,.2057971,,0,0,1,0,0,0
"France",93,"Paca","2020-03-05",18,18,5055651,34,0,0,0,0,0,0,0,0,0,0,1,5000,1,.4024148,21979,4,3,2020,5,0,2.890372,.3254225,3.526361,.435318,.2057971,,0,0,1,0,0,0
"France",93,"Paca","2020-03-06",26,26,5055651,56,0,0,0,0,0,0,0,0,0,0,1,5000,1,.4024148,21980,5,3,2020,6,0,3.258096,.3677247,4.025352,.498991,.2057971,,0,0,1,0,0,0
"France",93,"Paca","2020-03-07",38,38,5055651,75,0,0,0,0,0,0,0,0,0,0,1,5000,1,.4024148,21981,6,3,2020,7,0,3.637586,.3794897,4.317488,.2921367,.2057971,,0,0,1,0,0,0
"France",93,"Paca","2020-03-08",52,52,5055651,100,0,0,0,0,0,0,0,0,0,0,1,1000,1,.614818,21982,0,3,2020,8,0,3.951244,.3136575,4.60517,.2876821,.2057971,,0,0,1,1,0,.2
"France",93,"Paca","2020-03-09",72,72,5055651,135,0,0,0,0,0,0,0,0,0,0,1,1000,1,.614818,21983,1,3,2020,9,0,4.276666,.3254225,4.905275,.3001046,.2057971,,0,0,1,1,0,.2
"France",93,"Paca","2020-03-10",89,89,5055651,157,0,0,0,0,0,0,0,0,0,0,1,1000,1,.614818,21984,2,3,2020,10,0,4.488636,.2119703,5.056246,.1509709,.2057971,,0,0,1,1,0,.2
"France",93,"Paca","2020-03-11",111,111,5055651,200,0,0,0,0,0,0,.5,.5,0,0,1,1000,1,.614818,21985,3,3,2020,11,0,4.70953,.2208939,5.298317,.2420716,.2057971,,0,0,1,1,0,.3
"France",93,"Paca","2020-03-12",147,147,5055651,220,0,0,0,0,0,0,.5,.5,0,0,1,1000,1,.614818,21986,4,3,2020,12,0,4.990433,.2809024,5.393628,.0953102,.2057971,,0,0,1,1,0,.3
"France",93,"Paca","2020-03-13",212,212,5055651,277,0,0,0,0,0,0,.5,.5,0,0,1,100,1,.614818,21987,5,3,2020,13,0,5.356586,.3661537,5.624018,.2303901,.2057971,,0,0,1,1,1,.5
"France",93,"Paca","2020-03-14",281,281,5055651,318,0,0,0,0,0,0,.5,.5,0,0,1,100,1,.614818,21988,6,3,2020,14,0,5.638355,.2817683,5.762052,.1380339,.2057971,,0,0,1,1,1,.5
"France",93,"Paca","2020-03-15",330,330,5055651,357,0,0,0,0,0,0,.5,.5,0,1,1,100,1,.614818,21989,0,3,2020,15,0,5.799093,.160738,5.877736,.115684,.2057971,,1,.5,1,1,1,.5
"France",93,"Paca","2020-03-16",405,405,5055651,401,0,0,0,0,0,0,.5,.5,0,1,1,100,1,1,21990,1,3,2020,16,0,6.003887,.2047944,5.993961,.1162257,.2057971,,0,.5,1,1,1,.5
"France",93,"Paca","2020-03-17",478,478,5055651,459,0,0,.8,.8,0,0,.5,.5,0,1,1,100,1,1,21991,2,3,2020,17,0,6.169611,.1657233,6.12905,.1350889,.2057971,,0,.9,1,1,1,.5
"France",93,"Paca","2020-03-18",574,574,5055651,515,0,0,.8,.8,0,0,.5,.5,0,1,1,100,1,1,21992,3,3,2020,18,0,6.352629,.1830187,6.244167,.1151166,.2057971,,0,.9,1,1,1,.5
"France",93,"Paca","2020-03-19",693,693,5055651,585,0,0,.8,.8,0,0,.5,.5,0,1,1,100,1,1,21993,4,3,2020,19,0,6.54103,.1884007,6.371612,.1274452,.2057971,,0,.9,1,1,1,.5
"France",93,"Paca","2020-03-20",826,826,5055651,667,0,0,.8,.8,0,0,.5,.5,0,1,1,100,1,1,21994,5,3,2020,20,0,6.716595,.1755648,6.50279,.1311779,.2057971,,0,.9,1,1,1,.5
"France",93,"Paca","2020-03-21",1041,1041,5055651,759,0,0,1,.2135029,0,0,.5,.5,0,1,1,100,1,1,21995,6,3,2020,21,0,6.947937,.2313423,6.632002,.1292119,.2057971,,0,1,1,1,1,.5
"France",93,"Paca","2020-03-22",1372,1372,5055651,849,0,0,1,.2135029,0,0,.5,.5,0,1,1,100,1,1,21996,0,3,2020,22,0,7.224025,.2760878,6.744059,.1120572,.2057971,,0,1,1,1,1,.5
"France",93,"Paca","2020-03-23",1510,1510,5055651,994,0,0,1,.2135029,0,0,.5,.5,0,1,1,100,1,1,21997,1,3,2020,23,0,7.319865,.09584,6.901737,.1576781,.2057971,,0,1,1,1,1,.5
"France",93,"Paca","2020-03-24",1595,1595,5055651,1112,0,0,1,.2135029,0,0,.5,.5,0,1,1,100,1,1,21998,2,3,2020,24,0,7.374629,.0547643,7.013916,.1121783,.2057971,,0,1,1,1,1,.5
"France",93,"Paca","2020-03-25",1927,1927,5055651,1251,0,0,1,.2135029,0,0,.5,.5,0,1,1,100,1,1,21999,3,3,2020,25,0,7.56372,.1890907,7.131699,.1177831,.2057971,,0,1,1,1,1,.5
"France",93,"Paca","2020-03-26",,,5055651,1403,0,0,1,.2135029,0,0,.5,.5,0,1,1,100,1,1,22000,4,3,2020,26,0,,,7.246368,.1146693,,,0,1,1,1,1,.5
"France",93,"Paca","2020-03-27",,,5055651,1607,0,0,1,.2135029,0,0,.5,.5,0,1,1,100,1,1,22001,5,3,2020,27,0,,,7.382124,.1357565,,,0,1,1,1,1,.5
"France",93,"Paca","2020-03-28",,,5055651,1789,0,0,1,.2135029,0,0,.5,.5,0,1,1,100,1,1,22002,6,3,2020,28,0,,,7.489412,.1072879,,,0,1,1,1,1,.5
"France",93,"Paca","2020-03-29",,,5055651,1941,0,0,1,.2135029,0,0,.5,.5,0,1,1,100,1,1,22003,0,3,2020,29,0,,,7.570959,.0815463,,,0,1,1,1,1,.5
"France",93,"Paca","2020-03-30",,,5055651,2108,0,0,1,.2135029,0,0,.5,.5,0,1,1,100,1,1,22004,1,3,2020,30,0,,,7.653495,.0825362,,,0,1,1,1,1,.5
"France",93,"Paca","2020-03-31",,,5055651,2244,0,0,1,.2135029,0,0,.5,.5,0,1,1,100,1,1,22005,2,3,2020,31,0,,,7.716015,.0625205,,,0,1,1,1,1,.5
"France",93,"Paca","2020-04-01",,,5055651,2383,0,0,1,.2135029,0,0,.5,.5,0,1,1,100,1,1,22006,3,4,2020,1,0,,,7.776115,.0601001,,,0,1,1,1,1,.5
"France",93,"Paca","2020-04-02",,,5055651,2513,0,0,1,.2135029,0,0,.5,.5,0,1,1,100,1,1,22007,4,4,2020,2,0,,,7.829233,.0531173,,,0,1,1,1,1,.5
"France",93,"Paca","2020-04-03",,,5055651,2662,0,0,1,.2135029,0,0,.5,.5,0,1,1,100,1,1,22008,5,4,2020,3,0,,,7.886833,.0576005,,,0,1,1,1,1,.5
"France",93,"Paca","2020-04-04",,,5055651,2764,0,0,1,.2135029,0,0,.5,.5,0,1,1,100,1,1,22009,6,4,2020,4,0,,,7.924434,.037601,,,0,1,1,1,1,.5
"France",93,"Paca","2020-04-05",,,5055651,2859,0,0,1,.2135029,0,0,.5,.5,0,1,1,100,1,1,22010,0,4,2020,5,0,,,7.958227,.033793,,,0,1,1,1,1,.5
"France",93,"Paca","2020-04-06",,,5055651,2968,0,0,1,.2135029,0,0,.5,.5,0,1,1,100,1,1,22011,1,4,2020,6,0,,,7.995644,.0374165,,,0,1,1,1,1,.5
"France",94,"Corse","2020-02-29",,0,327283,0,0,0,0,0,0,0,0,0,0,0,1,5000,0,0,21974,6,2,2020,29,0,,,,,,,0,0,1,0,0,0
"France",94,"Corse","2020-03-01",,0,327283,3,0,0,0,0,0,0,0,0,0,0,1,5000,0,0,21975,0,3,2020,1,0,,,1.098612,,,,0,0,1,0,0,0
"France",94,"Corse","2020-03-09",28,28,327283,107,1,1,0,0,1,1,0,0,0,0,1,1000,1,1,21983,1,3,2020,9,0,3.332205,,4.672829,,,,0,0,1,1,0,.6
"France",94,"Corse","2020-03-10",42,42,327283,121,1,1,0,0,1,1,0,0,0,0,1,1000,1,1,21984,2,3,2020,10,0,3.73767,.4054651,4.795791,.122962,.2057971,,0,0,1,1,0,.6
"France",94,"Corse","2020-03-11",51,51,327283,140,1,1,0,0,1,1,.5,.5,0,0,1,1000,1,1,21985,3,3,2020,11,0,3.931826,.1941559,4.941642,.1458516,.2057971,,0,0,1,1,0,.7
"France",94,"Corse","2020-03-12",64,64,327283,166,1,1,0,0,1,1,.5,.5,0,0,1,1000,1,1,21986,4,3,2020,12,0,4.158883,.2270575,5.111988,.1703453,.2057971,,0,0,1,1,0,.7
"France",94,"Corse","2020-03-13",85,85,327283,204,1,1,0,0,1,1,.5,.5,0,0,1,100,1,1,21987,5,3,2020,13,0,4.442651,.2837682,5.31812,.2061324,.2057971,,0,0,1,1,1,.9
"France",94,"Corse","2020-03-14",106,106,327283,224,1,1,0,0,1,1,.5,.5,0,0,1,100,1,1,21988,6,3,2020,14,0,4.663439,.220788,5.411646,.0935259,.2057971,,0,0,1,1,1,.9
"France",94,"Corse","2020-03-15",115,115,327283,259,1,1,0,0,1,1,.5,.5,0,1,1,100,1,1,21989,0,3,2020,15,0,4.744932,.0814929,5.556828,.1451821,.2057971,,1,.5,1,1,1,.9
"France",94,"Corse","2020-03-16",126,126,327283,294,1,1,0,0,1,1,.5,.5,0,1,1,100,1,1,21990,1,3,2020,16,0,4.836282,.0913496,5.68358,.1267519,.2057971,,0,.5,1,1,1,.9
"France",94,"Corse","2020-03-17",145,145,327283,327,1,1,.8,.8,1,1,.5,.5,0,1,1,100,1,1,21991,2,3,2020,17,0,4.976734,.1404519,5.78996,.1063805,.2057971,,0,.9,1,1,1,.9
"France",94,"Corse","2020-03-18",152,152,327283,354,1,1,.8,.8,1,1,.5,.5,0,1,1,100,1,1,21992,3,3,2020,18,0,5.02388,.0471468,5.869297,.0793366,.2057971,,0,.9,1,1,1,.9
"France",94,"Corse","2020-03-19",162,162,327283,393,1,1,.8,.8,1,1,.5,.5,0,1,1,100,1,1,21993,4,3,2020,19,0,5.087596,.0637159,5.97381,.1045127,.2057971,,0,.9,1,1,1,.9
"France",94,"Corse","2020-03-20",168,168,327283,432,1,1,.8,.8,1,1,.5,.5,0,1,1,100,1,1,21994,5,3,2020,20,0,5.123964,.0363674,6.068426,.0946159,.2057971,,0,.9,1,1,1,.9
"France",94,"Corse","2020-03-21",173,173,327283,456,1,1,.8,.8,1,1,.5,.5,0,1,1,100,1,1,21995,6,3,2020,21,0,5.153292,.0293279,6.122493,.0540671,.2057971,,0,.9,1,1,1,.9
"France",94,"Corse","2020-03-22",183,183,327283,496,1,1,.8,.8,1,1,.5,.5,0,1,1,100,1,1,21996,0,3,2020,22,0,5.209486,.0561943,6.206576,.0840831,.2057971,,0,.9,1,1,1,.9
"France",94,"Corse","2020-03-23",194,194,327283,587,1,1,1,1,1,1,.5,.5,0,1,1,100,1,1,21997,1,3,2020,23,0,5.267858,.058372,6.375025,.1684489,.2057971,,0,1,1,1,1,.9
"France",94,"Corse","2020-03-24",217,217,327283,682,1,1,1,1,1,1,.5,.5,0,1,1,100,1,1,21998,2,3,2020,24,0,5.379897,.1120391,6.52503,.1500049,.2057971,,0,1,1,1,1,.9
"France",94,"Corse","2020-03-25",225,225,327283,729,1,1,1,1,1,1,.5,.5,0,1,1,100,1,1,21999,3,3,2020,25,0,5.416101,.0362034,6.591674,.0666442,.2057971,,0,1,1,1,1,.9
"France",94,"Corse","2020-03-26",,,327283,796,1,1,1,1,1,1,.5,.5,0,1,1,100,1,1,22000,4,3,2020,26,0,,,6.679599,.0879254,,,0,1,1,1,1,.9
"France",94,"Corse","2020-03-27",,,327283,864,1,1,1,1,1,1,.5,.5,0,1,1,100,1,1,22001,5,3,2020,27,0,,,6.761573,.0819736,,,0,1,1,1,1,.9
"France",94,"Corse","2020-03-28",,,327283,905,1,1,1,1,1,1,.5,.5,0,1,1,100,1,1,22002,6,3,2020,28,0,,,6.807935,.0463619,,,0,1,1,1,1,.9
"France",94,"Corse","2020-03-29",,,327283,949,1,1,1,1,1,1,.5,.5,0,1,1,100,1,1,22003,0,3,2020,29,0,,,6.855409,.0474739,,,0,1,1,1,1,.9
"France",94,"Corse","2020-03-30",,,327283,1002,1,1,1,1,1,1,.5,.5,0,1,1,100,1,1,22004,1,3,2020,30,0,,,6.909753,.0543447,,,0,1,1,1,1,.9
"France",94,"Corse","2020-03-31",,,327283,1042,1,1,1,1,1,1,.5,.5,0,1,1,100,1,1,22005,2,3,2020,31,0,,,6.948897,.039144,,,0,1,1,1,1,.9
"France",94,"Corse","2020-04-01",,,327283,1089,1,1,1,1,1,1,.5,.5,0,1,1,100,1,1,22006,3,4,2020,1,0,,,6.993015,.0441179,,,0,1,1,1,1,.9
"France",94,"Corse","2020-04-02",,,327283,1132,1,1,1,1,1,1,.5,.5,0,1,1,100,1,1,22007,4,4,2020,2,0,,,7.031741,.0387259,,,0,1,1,1,1,.9
"France",94,"Corse","2020-04-03",,,327283,1160,1,1,1,1,1,1,.5,.5,0,1,1,100,1,1,22008,5,4,2020,3,0,,,7.056175,.0244341,,,0,1,1,1,1,.9
"France",94,"Corse","2020-04-04",,,327283,1165,1,1,1,1,1,1,.5,.5,0,1,1,100,1,1,22009,6,4,2020,4,0,,,7.060476,.0043011,,,0,1,1,1,1,.9
"France",94,"Corse","2020-04-05",,,327283,1179,1,1,1,1,1,1,.5,.5,0,1,1,100,1,1,22010,0,4,2020,5,0,,,7.072422,.0119457,,,0,1,1,1,1,.9
"France",94,"Corse","2020-04-06",,,327283,1199,1,1,1,1,1,1,.5,.5,0,1,1,100,1,1,22011,1,4,2020,6,0,,,7.089243,.0168209,,,0,1,1,1,1,.9
