date,adm0_name,adm1_name,school_closure,travel_ban_local_opt,no_gathering,travel_ban_intl_out,work_from_home,testing_regime,home_isolation,religious_closure,cum_confirmed_cases,cum_confirmed_cases_imputed,population,t,dow,month,year,day,adm1_id,longest_series,l_cum_confirmed_cases,D_l_cum_confirmed_cases,testing_regime_13mar2020,sample_avg,day_avg,p_1,p_2
"2020-02-27","IRN","Alborz",1,0,1,1,0,0,0,0,,5,2712400,27feb2020,4,2,2020,27,"Alborz",0,,,0,.1647312,,.3333333,0
"2020-02-28","IRN","Alborz",1,0,1,1,0,0,0,0,,8,2712400,28feb2020,5,2,2020,28,"Alborz",0,,,0,.1647312,,.3333333,0
"2020-02-29","IRN","Alborz",1,0,1,1,0,0,0,0,16,16,2712400,29feb2020,6,2,2020,29,"Alborz",0,2.772589,,0,.1647312,,.3333333,0
"2020-03-01","IRN","Alborz",1,1,1,1,0,0,0,0,47,47,2712400,01mar2020,0,3,2020,1,"Alborz",0,3.850147,1.077559,0,,,.6666667,0
"2020-03-02","IRN","Alborz",1,1,1,1,0,0,0,0,,89,2712400,02mar2020,1,3,2020,2,"Alborz",0,,,0,.1647312,,.6666667,0
"2020-03-03","IRN","Alborz",1,1,1,1,1,0,0,0,,156,2712400,03mar2020,2,3,2020,3,"Alborz",0,,,0,.1647312,,1,0
"2020-03-04","IRN","Alborz",1,1,1,1,1,0,0,0,66,175,2712400,04mar2020,3,3,2020,4,"Alborz",0,4.189655,,0,.1647312,,1,0
"2020-03-05","IRN","Alborz",1,1,1,1,1,0,0,0,127,236,2712400,05mar2020,4,3,2020,5,"Alborz",0,4.844187,.6545324,0,,,1,0
"2020-03-06","IRN","Alborz",1,1,1,1,1,0,0,0,256,365,2712400,06mar2020,5,3,2020,6,"Alborz",0,5.545177,.7009902,0,,,1,0
"2020-03-07","IRN","Alborz",1,1,1,1,1,0,0,0,259,368,2712400,07mar2020,6,3,2020,7,"Alborz",0,5.556828,.0116506,0,,,1,0
"2020-03-08","IRN","Alborz",1,1,1,1,1,0,0,0,261,370,2712400,08mar2020,0,3,2020,8,"Alborz",0,5.56452,.0076923,0,,,1,0
"2020-03-09","IRN","Alborz",1,1,1,1,1,0,0,0,261,370,2712400,09mar2020,1,3,2020,9,"Alborz",0,5.56452,0,0,,,1,0
"2020-03-10","IRN","Alborz",1,1,1,1,1,0,0,0,293,402,2712400,10mar2020,2,3,2020,10,"Alborz",0,5.680172,.1156521,0,,,1,0
"2020-03-11","IRN","Alborz",1,1,1,1,1,0,0,0,338,447,2712400,11mar2020,3,3,2020,11,"Alborz",0,5.823046,.1428733,0,,,1,0
"2020-03-12","IRN","Alborz",1,1,1,1,1,0,0,0,412,521,2712400,12mar2020,4,3,2020,12,"Alborz",0,6.021023,.1979775,0,,,1,0
"2020-03-13","IRN","Alborz",1,1,1,1,1,1,1,0,418,527,2712400,13mar2020,5,3,2020,13,"Alborz",0,6.035481,.0144582,1,,,1,1
"2020-03-14","IRN","Alborz",1,1,1,1,1,1,1,0,552,661,2712400,14mar2020,6,3,2020,14,"Alborz",0,6.313548,.2780666,0,,,1,1
"2020-03-15","IRN","Alborz",1,1,1,1,1,1,1,0,619,728,2712400,15mar2020,0,3,2020,15,"Alborz",0,6.428105,.1145573,0,,,1,1
"2020-03-16","IRN","Alborz",1,1,1,1,1,1,1,0,668,777,2712400,16mar2020,1,3,2020,16,"Alborz",0,6.504288,.0761828,0,,,1,1
"2020-03-17","IRN","Alborz",1,1,1,1,1,1,1,0,784,893,2712400,17mar2020,2,3,2020,17,"Alborz",0,6.664409,.160121,0,,,1,1
"2020-03-18","IRN","Alborz",1,1,1,1,1,1,1,0,860,969,2712400,18mar2020,3,3,2020,18,"Alborz",0,6.756932,.0925231,0,,,1,1
"2020-03-19","IRN","Alborz",1,1,1,1,1,1,1,0,921,1030,2712400,19mar2020,4,3,2020,19,"Alborz",0,6.82546,.0685277,0,,,1,1
"2020-03-20","IRN","Alborz",1,1,1,1,1,1,1,0,1016,1125,2712400,20mar2020,5,3,2020,20,"Alborz",0,6.923629,.0981688,0,,,1,1
"2020-03-21","IRN","Alborz",1,1,1,1,1,1,1,0,1071,1180,2712400,21mar2020,6,3,2020,21,"Alborz",0,6.976348,.0527191,0,,,1,1
"2020-03-22","IRN","Alborz",1,1,1,1,1,1,1,0,1131,1240,2712400,22mar2020,0,3,2020,22,"Alborz",0,7.030858,.0545096,0,,,1,1
"2020-02-27","IRN","Ardebil",1,0,1,1,0,0,0,0,,5,1270420,27feb2020,4,2,2020,27,"Ardebil",0,,,0,.1647312,,.3333333,0
"2020-02-28","IRN","Ardebil",1,0,1,1,0,0,0,0,,6,1270420,28feb2020,5,2,2020,28,"Ardebil",0,,,0,.1647312,,.3333333,0
"2020-02-29","IRN","Ardebil",1,0,1,1,0,0,0,0,,9,1270420,29feb2020,6,2,2020,29,"Ardebil",0,,,0,.1647312,,.3333333,0
"2020-03-01","IRN","Ardebil",1,1,1,1,0,0,0,0,,9,1270420,01mar2020,0,3,2020,1,"Ardebil",0,,,0,.1647312,,.6666667,0
"2020-03-02","IRN","Ardebil",1,1,1,1,0,0,0,0,,9,1270420,02mar2020,1,3,2020,2,"Ardebil",0,,,0,.1647312,,.6666667,0
"2020-03-03","IRN","Ardebil",1,1,1,1,1,0,0,0,,9,1270420,03mar2020,2,3,2020,3,"Ardebil",0,,,0,.1647312,,1,0
"2020-03-04","IRN","Ardebil",1,1,1,1,1,0,0,0,,9,1270420,04mar2020,3,3,2020,4,"Ardebil",0,,,0,.1647312,,1,0
"2020-03-05","IRN","Ardebil",1,1,1,1,1,0,0,0,26,26,1270420,05mar2020,4,3,2020,5,"Ardebil",0,3.258096,,0,.1647312,,1,0
"2020-03-06","IRN","Ardebil",1,1,1,1,1,0,0,0,37,37,1270420,06mar2020,5,3,2020,6,"Ardebil",0,3.610918,.3528214,0,,,1,0
"2020-03-07","IRN","Ardebil",1,1,1,1,1,0,0,0,38,38,1270420,07mar2020,6,3,2020,7,"Ardebil",0,3.637586,.0266683,0,,,1,0
"2020-03-08","IRN","Ardebil",1,1,1,1,1,0,0,0,47,47,1270420,08mar2020,0,3,2020,8,"Ardebil",0,3.850147,.2125614,0,,,1,0
"2020-03-09","IRN","Ardebil",1,1,1,1,1,0,0,0,69,69,1270420,09mar2020,1,3,2020,9,"Ardebil",0,4.234107,.3839591,0,,,1,0
"2020-03-10","IRN","Ardebil",1,1,1,1,1,0,0,0,88,88,1270420,10mar2020,2,3,2020,10,"Ardebil",0,4.477337,.2432303,0,,,1,0
"2020-03-11","IRN","Ardebil",1,1,1,1,1,0,0,0,89,89,1270420,11mar2020,3,3,2020,11,"Ardebil",0,4.488636,.0112996,0,,,1,0
"2020-03-12","IRN","Ardebil",1,1,1,1,1,0,0,0,103,103,1270420,12mar2020,4,3,2020,12,"Ardebil",0,4.634729,.1460924,0,,,1,0
"2020-03-13","IRN","Ardebil",1,1,1,1,1,1,1,0,118,118,1270420,13mar2020,5,3,2020,13,"Ardebil",0,4.770685,.1359558,1,,,1,1
"2020-03-14","IRN","Ardebil",1,1,1,1,1,1,1,0,151,151,1270420,14mar2020,6,3,2020,14,"Ardebil",0,5.01728,.2465949,0,,,1,1
"2020-03-15","IRN","Ardebil",1,1,1,1,1,1,1,0,151,151,1270420,15mar2020,0,3,2020,15,"Ardebil",0,5.01728,0,0,,,1,1
"2020-03-16","IRN","Ardebil",1,1,1,1,1,1,1,0,181,181,1270420,16mar2020,1,3,2020,16,"Ardebil",0,5.198497,.1812172,0,,,1,1
"2020-03-17","IRN","Ardebil",1,1,1,1,1,1,1,0,200,200,1270420,17mar2020,2,3,2020,17,"Ardebil",0,5.298317,.0998206,0,,,1,1
"2020-03-18","IRN","Ardebil",1,1,1,1,1,1,1,0,210,210,1270420,18mar2020,3,3,2020,18,"Ardebil",0,5.347107,.04879,0,,,1,1
"2020-03-19","IRN","Ardebil",1,1,1,1,1,1,1,0,226,226,1270420,19mar2020,4,3,2020,19,"Ardebil",0,5.420535,.0734277,0,,,1,1
"2020-03-20","IRN","Ardebil",1,1,1,1,1,1,1,0,261,261,1270420,20mar2020,5,3,2020,20,"Ardebil",0,5.56452,.1439853,0,,,1,1
"2020-03-21","IRN","Ardebil",1,1,1,1,1,1,1,0,267,267,1270420,21mar2020,6,3,2020,21,"Ardebil",0,5.587249,.0227284,0,,,1,1
"2020-03-22","IRN","Ardebil",1,1,1,1,1,1,1,0,286,286,1270420,22mar2020,0,3,2020,22,"Ardebil",0,5.655992,.0687432,0,,,1,1
"2020-02-27","IRN","Bushehr",0,0,1,1,0,0,0,0,,0,1163400,27feb2020,4,2,2020,27,"Bushehr",0,,,0,.1647312,,0,0
"2020-02-28","IRN","Bushehr",0,0,1,1,0,0,0,0,,0,1163400,28feb2020,5,2,2020,28,"Bushehr",0,,,0,.1647312,,0,0
"2020-02-29","IRN","Bushehr",0,0,1,1,0,0,0,0,,0,1163400,29feb2020,6,2,2020,29,"Bushehr",0,,,0,.1647312,,0,0
"2020-03-01","IRN","Bushehr",0,1,1,1,0,0,0,0,,0,1163400,01mar2020,0,3,2020,1,"Bushehr",0,,,0,.1647312,,.3333333,0
"2020-03-02","IRN","Bushehr",0,1,1,1,0,0,0,0,,0,1163400,02mar2020,1,3,2020,2,"Bushehr",0,,,0,.1647312,,.3333333,0
"2020-03-03","IRN","Bushehr",0,1,1,1,1,0,0,0,,0,1163400,03mar2020,2,3,2020,3,"Bushehr",0,,,0,.1647312,,.6666667,0
"2020-03-04","IRN","Bushehr",0,1,1,1,1,0,0,0,,0,1163400,04mar2020,3,3,2020,4,"Bushehr",0,,,0,.1647312,,.6666667,0
"2020-03-05","IRN","Bushehr",1,1,1,1,1,0,0,0,,3,1163400,05mar2020,4,3,2020,5,"Bushehr",0,,,0,.1647312,,1,0
"2020-03-06","IRN","Bushehr",1,1,1,1,1,0,0,0,,5,1163400,06mar2020,5,3,2020,6,"Bushehr",0,,,0,.1647312,,1,0
"2020-03-07","IRN","Bushehr",1,1,1,1,1,0,0,0,,8,1163400,07mar2020,6,3,2020,7,"Bushehr",0,,,0,.1647312,,1,0
"2020-03-08","IRN","Bushehr",1,1,1,1,1,0,0,0,10,10,1163400,08mar2020,0,3,2020,8,"Bushehr",0,2.302585,,0,.1647312,,1,0
"2020-03-09","IRN","Bushehr",1,1,1,1,1,0,0,0,11,11,1163400,09mar2020,1,3,2020,9,"Bushehr",0,2.397895,.0953102,0,,,1,0
"2020-03-10","IRN","Bushehr",1,1,1,1,1,0,0,0,18,18,1163400,10mar2020,2,3,2020,10,"Bushehr",0,2.890372,.4924765,0,,,1,0
"2020-03-11","IRN","Bushehr",1,1,1,1,1,0,0,0,18,18,1163400,11mar2020,3,3,2020,11,"Bushehr",0,2.890372,0,0,,,1,0
"2020-03-12","IRN","Bushehr",1,1,1,1,1,0,0,0,21,21,1163400,12mar2020,4,3,2020,12,"Bushehr",0,3.044523,.1541507,0,,,1,0
"2020-03-13","IRN","Bushehr",1,1,1,1,1,1,1,0,21,21,1163400,13mar2020,5,3,2020,13,"Bushehr",0,3.044523,0,1,,,1,1
"2020-03-14","IRN","Bushehr",1,1,1,1,1,1,1,0,28,28,1163400,14mar2020,6,3,2020,14,"Bushehr",0,3.332205,.2876821,0,,,1,1
"2020-03-15","IRN","Bushehr",1,1,1,1,1,1,1,0,34,34,1163400,15mar2020,0,3,2020,15,"Bushehr",0,3.526361,.1941559,0,,,1,1
"2020-03-16","IRN","Bushehr",1,1,1,1,1,1,1,0,38,38,1163400,16mar2020,1,3,2020,16,"Bushehr",0,3.637586,.1112256,0,,,1,1
"2020-03-17","IRN","Bushehr",1,1,1,1,1,1,1,0,42,42,1163400,17mar2020,2,3,2020,17,"Bushehr",0,3.73767,.1000836,0,,,1,1
"2020-03-18","IRN","Bushehr",1,1,1,1,1,1,1,0,46,46,1163400,18mar2020,3,3,2020,18,"Bushehr",0,3.828641,.0909717,0,,,1,1
"2020-03-19","IRN","Bushehr",1,1,1,1,1,1,1,0,54,54,1163400,19mar2020,4,3,2020,19,"Bushehr",0,3.988984,.1603427,0,,,1,1
"2020-03-20","IRN","Bushehr",1,1,1,1,1,1,1,0,55,55,1163400,20mar2020,5,3,2020,20,"Bushehr",0,4.007333,.0183492,0,,,1,1
"2020-03-21","IRN","Bushehr",1,1,1,1,1,1,1,0,55,55,1163400,21mar2020,6,3,2020,21,"Bushehr",0,4.007333,0,0,,,1,1
"2020-03-22","IRN","Bushehr",1,1,1,1,1,1,1,0,55,55,1163400,22mar2020,0,3,2020,22,"Bushehr",0,4.007333,0,0,,,1,1
"2020-02-27","IRN","Chahar Mahall and Bakhtiari",0,0,1,1,0,0,0,0,,0,947763,27feb2020,4,2,2020,27,"Chahar Mahall and Bakhtiari",0,,,0,.1647312,,0,0
"2020-02-28","IRN","Chahar Mahall and Bakhtiari",0,0,1,1,0,0,0,0,,0,947763,28feb2020,5,2,2020,28,"Chahar Mahall and Bakhtiari",0,,,0,.1647312,,0,0
"2020-02-29","IRN","Chahar Mahall and Bakhtiari",0,0,1,1,0,0,0,0,,0,947763,29feb2020,6,2,2020,29,"Chahar Mahall and Bakhtiari",0,,,0,.1647312,,0,0
"2020-03-01","IRN","Chahar Mahall and Bakhtiari",0,1,1,1,0,0,0,0,,0,947763,01mar2020,0,3,2020,1,"Chahar Mahall and Bakhtiari",0,,,0,.1647312,,.3333333,0
"2020-03-02","IRN","Chahar Mahall and Bakhtiari",0,1,1,1,0,0,0,0,,0,947763,02mar2020,1,3,2020,2,"Chahar Mahall and Bakhtiari",0,,,0,.1647312,,.3333333,0
"2020-03-03","IRN","Chahar Mahall and Bakhtiari",0,1,1,1,1,0,0,0,,0,947763,03mar2020,2,3,2020,3,"Chahar Mahall and Bakhtiari",0,,,0,.1647312,,.6666667,0
"2020-03-04","IRN","Chahar Mahall and Bakhtiari",0,1,1,1,1,0,0,0,,1,947763,04mar2020,3,3,2020,4,"Chahar Mahall and Bakhtiari",0,,,0,.1647312,,.6666667,0
"2020-03-05","IRN","Chahar Mahall and Bakhtiari",1,1,1,1,1,0,0,0,,9,947763,05mar2020,4,3,2020,5,"Chahar Mahall and Bakhtiari",0,,,0,.1647312,,1,0
"2020-03-06","IRN","Chahar Mahall and Bakhtiari",1,1,1,1,1,0,0,0,14,14,947763,06mar2020,5,3,2020,6,"Chahar Mahall and Bakhtiari",0,2.639057,,0,.1647312,,1,0
"2020-03-07","IRN","Chahar Mahall and Bakhtiari",1,1,1,1,1,0,0,0,16,16,947763,07mar2020,6,3,2020,7,"Chahar Mahall and Bakhtiari",0,2.772589,.1335313,0,,,1,0
"2020-03-08","IRN","Chahar Mahall and Bakhtiari",1,1,1,1,1,0,0,0,21,21,947763,08mar2020,0,3,2020,8,"Chahar Mahall and Bakhtiari",0,3.044523,.2719338,0,,,1,0
"2020-03-09","IRN","Chahar Mahall and Bakhtiari",1,1,1,1,1,0,0,0,26,26,947763,09mar2020,1,3,2020,9,"Chahar Mahall and Bakhtiari",0,3.258096,.2135739,0,,,1,0
"2020-03-10","IRN","Chahar Mahall and Bakhtiari",1,1,1,1,1,0,0,0,37,37,947763,10mar2020,2,3,2020,10,"Chahar Mahall and Bakhtiari",0,3.610918,.3528214,0,,,1,0
"2020-03-11","IRN","Chahar Mahall and Bakhtiari",1,1,1,1,1,0,0,0,38,38,947763,11mar2020,3,3,2020,11,"Chahar Mahall and Bakhtiari",0,3.637586,.0266683,0,,,1,0
"2020-03-12","IRN","Chahar Mahall and Bakhtiari",1,1,1,1,1,0,0,0,49,49,947763,12mar2020,4,3,2020,12,"Chahar Mahall and Bakhtiari",0,3.89182,.2542341,0,,,1,0
"2020-03-13","IRN","Chahar Mahall and Bakhtiari",1,1,1,1,1,1,1,0,49,49,947763,13mar2020,5,3,2020,13,"Chahar Mahall and Bakhtiari",0,3.89182,0,1,,,1,1
"2020-03-14","IRN","Chahar Mahall and Bakhtiari",1,1,1,1,1,1,1,0,49,49,947763,14mar2020,6,3,2020,14,"Chahar Mahall and Bakhtiari",0,3.89182,0,0,,,1,1
"2020-03-15","IRN","Chahar Mahall and Bakhtiari",1,1,1,1,1,1,1,0,49,49,947763,15mar2020,0,3,2020,15,"Chahar Mahall and Bakhtiari",0,3.89182,0,0,,,1,1
"2020-03-16","IRN","Chahar Mahall and Bakhtiari",1,1,1,1,1,1,1,0,52,52,947763,16mar2020,1,3,2020,16,"Chahar Mahall and Bakhtiari",0,3.951244,.0594234,0,,,1,1
"2020-03-17","IRN","Chahar Mahall and Bakhtiari",1,1,1,1,1,1,1,0,54,54,947763,17mar2020,2,3,2020,17,"Chahar Mahall and Bakhtiari",0,3.988984,.0377405,0,,,1,1
"2020-03-18","IRN","Chahar Mahall and Bakhtiari",1,1,1,1,1,1,1,0,58,58,947763,18mar2020,3,3,2020,18,"Chahar Mahall and Bakhtiari",0,4.060443,.0714588,0,,,1,1
"2020-03-19","IRN","Chahar Mahall and Bakhtiari",1,1,1,1,1,1,1,0,61,61,947763,19mar2020,4,3,2020,19,"Chahar Mahall and Bakhtiari",0,4.110874,.0504308,0,,,1,1
"2020-03-20","IRN","Chahar Mahall and Bakhtiari",1,1,1,1,1,1,1,0,64,64,947763,20mar2020,5,3,2020,20,"Chahar Mahall and Bakhtiari",0,4.158883,.0480094,0,,,1,1
"2020-03-21","IRN","Chahar Mahall and Bakhtiari",1,1,1,1,1,1,1,0,66,66,947763,21mar2020,6,3,2020,21,"Chahar Mahall and Bakhtiari",0,4.189655,.0307717,0,,,1,1
"2020-03-22","IRN","Chahar Mahall and Bakhtiari",1,1,1,1,1,1,1,0,68,68,947763,22mar2020,0,3,2020,22,"Chahar Mahall and Bakhtiari",0,4.219508,.0298529,0,,,1,1
"2020-02-27","IRN","East Azarbaijan",0,0,1,1,0,0,0,0,,2,3909652,27feb2020,4,2,2020,27,"East Azarbaijan",0,,,0,.1647312,,0,0
"2020-02-28","IRN","East Azarbaijan",0,0,1,1,0,0,0,0,,6,3909652,28feb2020,5,2,2020,28,"East Azarbaijan",0,,,0,.1647312,,0,0
"2020-02-29","IRN","East Azarbaijan",0,0,1,1,0,0,0,0,12,12,3909652,29feb2020,6,2,2020,29,"East Azarbaijan",0,2.484907,,0,.1647312,,0,0
"2020-03-01","IRN","East Azarbaijan",0,1,1,1,0,0,0,0,12,12,3909652,01mar2020,0,3,2020,1,"East Azarbaijan",0,2.484907,0,0,,,.3333333,0
"2020-03-02","IRN","East Azarbaijan",0,1,1,1,0,0,0,0,,12,3909652,02mar2020,1,3,2020,2,"East Azarbaijan",0,,,0,.1647312,,.3333333,0
"2020-03-03","IRN","East Azarbaijan",0,1,1,1,1,0,0,0,,12,3909652,03mar2020,2,3,2020,3,"East Azarbaijan",0,,,0,.1647312,,.6666667,0
"2020-03-04","IRN","East Azarbaijan",0,1,1,1,1,0,0,0,21,21,3909652,04mar2020,3,3,2020,4,"East Azarbaijan",0,3.044523,,0,.1647312,,.6666667,0
"2020-03-05","IRN","East Azarbaijan",1,1,1,1,1,0,0,0,31,31,3909652,05mar2020,4,3,2020,5,"East Azarbaijan",0,3.433987,.3894646,0,,,1,0
"2020-03-06","IRN","East Azarbaijan",1,1,1,1,1,0,0,0,41,41,3909652,06mar2020,5,3,2020,6,"East Azarbaijan",0,3.713572,.2795849,0,,,1,0
"2020-03-07","IRN","East Azarbaijan",1,1,1,1,1,0,0,0,43,43,3909652,07mar2020,6,3,2020,7,"East Azarbaijan",0,3.7612,.0476282,0,,,1,0
"2020-03-08","IRN","East Azarbaijan",1,1,1,1,1,0,0,0,73,73,3909652,08mar2020,0,3,2020,8,"East Azarbaijan",0,4.29046,.5292594,0,,,1,0
"2020-03-09","IRN","East Azarbaijan",1,1,1,1,1,0,0,0,95,95,3909652,09mar2020,1,3,2020,9,"East Azarbaijan",0,4.553877,.2634172,0,,,1,0
"2020-03-10","IRN","East Azarbaijan",1,1,1,1,1,0,0,0,112,112,3909652,10mar2020,2,3,2020,10,"East Azarbaijan",0,4.718499,.1646218,0,,,1,0
"2020-03-11","IRN","East Azarbaijan",1,1,1,1,1,0,0,0,141,141,3909652,11mar2020,3,3,2020,11,"East Azarbaijan",0,4.94876,.2302613,0,,,1,0
"2020-03-12","IRN","East Azarbaijan",1,1,1,1,1,0,0,0,148,148,3909652,12mar2020,4,3,2020,12,"East Azarbaijan",0,4.997212,.0484524,0,,,1,0
"2020-03-13","IRN","East Azarbaijan",1,1,1,1,1,1,1,0,245,245,3909652,13mar2020,5,3,2020,13,"East Azarbaijan",0,5.501258,.504046,1,,,1,1
"2020-03-14","IRN","East Azarbaijan",1,1,1,1,1,1,1,0,304,304,3909652,14mar2020,6,3,2020,14,"East Azarbaijan",0,5.717028,.2157693,0,,,1,1
"2020-03-15","IRN","East Azarbaijan",1,1,1,1,1,1,1,0,340,340,3909652,15mar2020,0,3,2020,15,"East Azarbaijan",0,5.828946,.111918,0,,,1,1
"2020-03-16","IRN","East Azarbaijan",1,1,1,1,1,1,1,0,375,375,3909652,16mar2020,1,3,2020,16,"East Azarbaijan",0,5.926926,.0979805,0,,,1,1
"2020-03-17","IRN","East Azarbaijan",1,1,1,1,1,1,1,0,453,453,3909652,17mar2020,2,3,2020,17,"East Azarbaijan",0,6.115892,.1889658,0,,,1,1
"2020-03-18","IRN","East Azarbaijan",1,1,1,1,1,1,1,0,537,537,3909652,18mar2020,3,3,2020,18,"East Azarbaijan",0,6.285998,.1701059,0,,,1,1
"2020-03-19","IRN","East Azarbaijan",1,1,1,1,1,1,1,0,595,595,3909652,19mar2020,4,3,2020,19,"East Azarbaijan",0,6.388561,.1025634,0,,,1,1
"2020-03-20","IRN","East Azarbaijan",1,1,1,1,1,1,1,0,650,650,3909652,20mar2020,5,3,2020,20,"East Azarbaijan",0,6.476973,.0884113,0,,,1,1
"2020-03-21","IRN","East Azarbaijan",1,1,1,1,1,1,1,0,722,722,3909652,21mar2020,6,3,2020,21,"East Azarbaijan",0,6.582025,.1050525,0,,,1,1
"2020-03-22","IRN","East Azarbaijan",1,1,1,1,1,1,1,0,779,779,3909652,22mar2020,0,3,2020,22,"East Azarbaijan",0,6.658011,.0759859,0,,,1,1
"2020-02-27","IRN","Esfahan",0,0,1,1,0,0,0,0,10,10,5120850,27feb2020,4,2,2020,27,"Esfahan",0,2.302585,,0,.1647312,,0,0
"2020-02-28","IRN","Esfahan",0,0,1,1,0,0,0,0,20,20,5120850,28feb2020,5,2,2020,28,"Esfahan",0,2.995732,.6931472,0,,,0,0
"2020-02-29","IRN","Esfahan",0,0,1,1,0,0,0,0,32,32,5120850,29feb2020,6,2,2020,29,"Esfahan",0,3.465736,.4700036,0,,,0,0
"2020-03-01","IRN","Esfahan",0,1,1,1,0,0,0,0,45,45,5120850,01mar2020,0,3,2020,1,"Esfahan",0,3.806663,.3409266,0,,,.3333333,0
"2020-03-02","IRN","Esfahan",0,1,1,1,0,0,0,0,,63,5120850,02mar2020,1,3,2020,2,"Esfahan",0,,,0,.1647312,,.3333333,0
"2020-03-03","IRN","Esfahan",0,1,1,1,1,0,0,0,,91,5120850,03mar2020,2,3,2020,3,"Esfahan",0,,,0,.1647312,,.6666667,0
"2020-03-04","IRN","Esfahan",0,1,1,1,1,0,0,0,45,91,5120850,04mar2020,3,3,2020,4,"Esfahan",0,3.806663,,0,.1647312,,.6666667,0
"2020-03-05","IRN","Esfahan",1,1,1,1,1,0,0,0,163,209,5120850,05mar2020,4,3,2020,5,"Esfahan",0,5.09375,1.287087,0,,,1,0
"2020-03-06","IRN","Esfahan",1,1,1,1,1,0,0,0,313,359,5120850,06mar2020,5,3,2020,6,"Esfahan",0,5.746203,.6524534,0,,,1,0
"2020-03-07","IRN","Esfahan",1,1,1,1,1,0,0,0,409,455,5120850,07mar2020,6,3,2020,7,"Esfahan",0,6.013715,.2675118,0,,,1,0
"2020-03-08","IRN","Esfahan",1,1,1,1,1,0,0,0,489,535,5120850,08mar2020,0,3,2020,8,"Esfahan",0,6.192362,.178647,0,,,1,0
"2020-03-09","IRN","Esfahan",1,1,1,1,1,0,0,0,526,572,5120850,09mar2020,1,3,2020,9,"Esfahan",0,6.265301,.0729389,0,,,1,0
"2020-03-10","IRN","Esfahan",1,1,1,1,1,0,0,0,543,589,5120850,10mar2020,2,3,2020,10,"Esfahan",0,6.297109,.0318079,0,,,1,0
"2020-03-11","IRN","Esfahan",1,1,1,1,1,0,0,0,713,759,5120850,11mar2020,3,3,2020,11,"Esfahan",0,6.569481,.2723722,0,,,1,0
"2020-03-12","IRN","Esfahan",1,1,1,1,1,0,0,0,717,763,5120850,12mar2020,4,3,2020,12,"Esfahan",0,6.575076,.0055943,0,,,1,0
"2020-03-13","IRN","Esfahan",1,1,1,1,1,1,1,0,827,873,5120850,13mar2020,5,3,2020,13,"Esfahan",0,6.717805,.1427293,1,,,1,1
"2020-03-14","IRN","Esfahan",1,1,1,1,1,1,1,0,982,1028,5120850,14mar2020,6,3,2020,14,"Esfahan",0,6.889591,.1717863,0,,,1,1
"2020-03-15","IRN","Esfahan",1,1,1,1,1,1,1,0,1108,1154,5120850,15mar2020,0,3,2020,15,"Esfahan",0,7.010312,.1207209,0,,,1,1
"2020-03-16","IRN","Esfahan",1,1,1,1,1,1,1,0,1226,1272,5120850,16mar2020,1,3,2020,16,"Esfahan",0,7.111512,.1012001,0,,,1,1
"2020-03-17","IRN","Esfahan",1,1,1,1,1,1,1,0,1301,1347,5120850,17mar2020,2,3,2020,17,"Esfahan",0,7.170888,.0593762,0,,,1,1
"2020-03-18","IRN","Esfahan",1,1,1,1,1,1,1,0,1463,1509,5120850,18mar2020,3,3,2020,18,"Esfahan",0,7.288244,.1173558,0,,,1,1
"2020-03-19","IRN","Esfahan",1,1,1,1,1,1,1,0,1571,1617,5120850,19mar2020,4,3,2020,19,"Esfahan",0,7.359468,.0712233,0,,,1,1
"2020-03-20","IRN","Esfahan",1,1,1,1,1,1,1,0,1716,1762,5120850,20mar2020,5,3,2020,20,"Esfahan",0,7.447751,.0882835,0,,,1,1
"2020-03-21","IRN","Esfahan",1,1,1,1,1,1,1,0,1817,1863,5120850,21mar2020,6,3,2020,21,"Esfahan",0,7.504942,.0571909,0,,,1,1
"2020-03-22","IRN","Esfahan",1,1,1,1,1,1,1,0,1904,1950,5120850,22mar2020,0,3,2020,22,"Esfahan",0,7.551712,.0467701,0,,,1,1
"2020-02-27","IRN","Fars",0,0,1,1,0,0,0,0,,3,4851274,27feb2020,4,2,2020,27,"Fars",0,,,0,.1647312,,0,0
"2020-02-28","IRN","Fars",0,0,1,1,0,0,0,0,,3,4851274,28feb2020,5,2,2020,28,"Fars",0,,,0,.1647312,,0,0
"2020-02-29","IRN","Fars",0,0,1,1,0,0,0,0,11,11,4851274,29feb2020,6,2,2020,29,"Fars",0,2.397895,,0,.1647312,,0,0
"2020-03-01","IRN","Fars",0,1,1,1,0,0,0,0,19,19,4851274,01mar2020,0,3,2020,1,"Fars",0,2.944439,.5465436,0,,,.3333333,0
"2020-03-02","IRN","Fars",0,1,1,1,0,0,0,0,,30,4851274,02mar2020,1,3,2020,2,"Fars",0,,,0,.1647312,,.3333333,0
"2020-03-03","IRN","Fars",0,1,1,1,1,0,0,0,,47,4851274,03mar2020,2,3,2020,3,"Fars",0,,,0,.1647312,,.6666667,0
"2020-03-04","IRN","Fars",0,1,1,1,1,0,0,0,33,61,4851274,04mar2020,3,3,2020,4,"Fars",0,3.496508,,0,.1647312,,.6666667,0
"2020-03-05","IRN","Fars",1,1,1,1,1,0,0,0,52,80,4851274,05mar2020,4,3,2020,5,"Fars",0,3.951244,.454736,0,,,1,0
"2020-03-06","IRN","Fars",1,1,1,1,1,0,0,0,65,93,4851274,06mar2020,5,3,2020,6,"Fars",0,4.174387,.2231438,0,,,1,0
"2020-03-07","IRN","Fars",1,1,1,1,1,0,0,0,79,107,4851274,07mar2020,6,3,2020,7,"Fars",0,4.369448,.1950603,0,,,1,0
"2020-03-08","IRN","Fars",1,1,1,1,1,0,0,0,88,116,4851274,08mar2020,0,3,2020,8,"Fars",0,4.477337,.1078892,0,,,1,0
"2020-03-09","IRN","Fars",1,1,1,1,1,0,0,0,117,145,4851274,09mar2020,1,3,2020,9,"Fars",0,4.762174,.2848372,0,,,1,0
"2020-03-10","IRN","Fars",1,1,1,1,1,0,0,0,135,163,4851274,10mar2020,2,3,2020,10,"Fars",0,4.905275,.1431007,0,,,1,0
"2020-03-11","IRN","Fars",1,1,1,1,1,0,0,0,154,182,4851274,11mar2020,3,3,2020,11,"Fars",0,5.036952,.1316776,0,,,1,0
"2020-03-12","IRN","Fars",1,1,1,1,1,0,0,0,183,211,4851274,12mar2020,4,3,2020,12,"Fars",0,5.209486,.1725335,0,,,1,0
"2020-03-13","IRN","Fars",1,1,1,1,1,1,1,0,216,244,4851274,13mar2020,5,3,2020,13,"Fars",0,5.375278,.1657925,1,,,1,1
"2020-03-14","IRN","Fars",1,1,1,1,1,1,1,0,227,255,4851274,14mar2020,6,3,2020,14,"Fars",0,5.42495,.0496716,0,,,1,1
"2020-03-15","IRN","Fars",1,1,1,1,1,1,1,0,236,264,4851274,15mar2020,0,3,2020,15,"Fars",0,5.463832,.0388818,0,,,1,1
"2020-03-16","IRN","Fars",1,1,1,1,1,1,1,0,279,307,4851274,16mar2020,1,3,2020,16,"Fars",0,5.631212,.1673799,0,,,1,1
"2020-03-17","IRN","Fars",1,1,1,1,1,1,1,0,310,338,4851274,17mar2020,2,3,2020,17,"Fars",0,5.736572,.1053605,0,,,1,1
"2020-03-18","IRN","Fars",1,1,1,1,1,1,1,0,370,398,4851274,18mar2020,3,3,2020,18,"Fars",0,5.913503,.1769309,0,,,1,1
"2020-03-19","IRN","Fars",1,1,1,1,1,1,1,0,391,419,4851274,19mar2020,4,3,2020,19,"Fars",0,5.968708,.0552044,0,,,1,1
"2020-03-20","IRN","Fars",1,1,1,1,1,1,1,0,441,469,4851274,20mar2020,5,3,2020,20,"Fars",0,6.089045,.1203375,0,,,1,1
"2020-03-21","IRN","Fars",1,1,1,1,1,1,1,0,463,491,4851274,21mar2020,6,3,2020,21,"Fars",0,6.137727,.0486822,0,,,1,1
"2020-03-22","IRN","Fars",1,1,1,1,1,1,1,0,489,517,4851274,22mar2020,0,3,2020,22,"Fars",0,6.192362,.054635,0,,,1,1
"2020-02-27","IRN","Gilan",1,0,1,1,0,0,0,0,32,32,2530696,27feb2020,4,2,2020,27,"Gilan",0,3.465736,,0,.1647312,,.3333333,0
"2020-02-28","IRN","Gilan",1,0,1,1,0,0,0,0,57,57,2530696,28feb2020,5,2,2020,28,"Gilan",0,4.043051,.5773153,0,,,.3333333,0
"2020-02-29","IRN","Gilan",1,0,1,1,0,0,0,0,74,74,2530696,29feb2020,6,2,2020,29,"Gilan",0,4.304065,.261014,0,,,.3333333,0
"2020-03-01","IRN","Gilan",1,1,1,1,0,0,0,0,102,102,2530696,01mar2020,0,3,2020,1,"Gilan",0,4.624973,.3209076,0,,,.6666667,0
"2020-03-02","IRN","Gilan",1,1,1,1,0,0,0,0,,140,2530696,02mar2020,1,3,2020,2,"Gilan",0,,,0,.1647312,,.6666667,0
"2020-03-03","IRN","Gilan",1,1,1,1,1,0,0,0,,201,2530696,03mar2020,2,3,2020,3,"Gilan",0,,,0,.1647312,,1,0
"2020-03-04","IRN","Gilan",1,1,1,1,1,0,0,0,137,236,2530696,04mar2020,3,3,2020,4,"Gilan",0,4.919981,,0,.1647312,,1,0
"2020-03-05","IRN","Gilan",1,1,1,1,1,0,0,0,217,316,2530696,05mar2020,4,3,2020,5,"Gilan",0,5.379897,.4599161,0,,,1,0
"2020-03-06","IRN","Gilan",1,1,1,1,1,1,0,0,308,407,2530696,06mar2020,5,3,2020,6,"Gilan",0,5.7301,.3502026,0,,,1,0
"2020-03-07","IRN","Gilan",1,1,1,1,1,1,0,0,378,477,2530696,07mar2020,6,3,2020,7,"Gilan",0,5.934894,.2047944,0,,,1,0
"2020-03-08","IRN","Gilan",1,1,1,1,1,1,0,0,380,479,2530696,08mar2020,0,3,2020,8,"Gilan",0,5.940171,.0052772,0,,,1,0
"2020-03-09","IRN","Gilan",1,1,1,1,1,1,0,0,408,507,2530696,09mar2020,1,3,2020,9,"Gilan",0,6.011267,.0710959,0,,,1,0
"2020-03-10","IRN","Gilan",1,1,1,1,1,1,0,0,408,507,2530696,10mar2020,2,3,2020,10,"Gilan",0,6.011267,0,0,,,1,0
"2020-03-11","IRN","Gilan",1,1,1,1,1,1,0,0,413,512,2530696,11mar2020,3,3,2020,11,"Gilan",0,6.023448,.0121803,0,,,1,0
"2020-03-12","IRN","Gilan",1,1,1,1,1,1,0,0,497,596,2530696,12mar2020,4,3,2020,12,"Gilan",0,6.20859,.1851425,0,,,1,0
"2020-03-13","IRN","Gilan",1,1,1,1,1,1,1,0,568,667,2530696,13mar2020,5,3,2020,13,"Gilan",0,6.342122,.1335316,1,,,1,1
"2020-03-14","IRN","Gilan",1,1,1,1,1,1,1,0,681,780,2530696,14mar2020,6,3,2020,14,"Gilan",0,6.523562,.1814408,0,,,1,1
"2020-03-15","IRN","Gilan",1,1,1,1,1,1,1,0,724,823,2530696,15mar2020,0,3,2020,15,"Gilan",0,6.584791,.0612288,0,,,1,1
"2020-03-16","IRN","Gilan",1,1,1,1,1,1,1,0,742,841,2530696,16mar2020,1,3,2020,16,"Gilan",0,6.609349,.0245581,0,,,1,1
"2020-03-17","IRN","Gilan",1,1,1,1,1,1,1,0,787,886,2530696,17mar2020,2,3,2020,17,"Gilan",0,6.668228,.0588789,0,,,1,1
"2020-03-18","IRN","Gilan",1,1,1,1,1,1,1,0,808,907,2530696,18mar2020,3,3,2020,18,"Gilan",0,6.694562,.0263338,0,,,1,1
"2020-03-19","IRN","Gilan",1,1,1,1,1,1,1,0,881,980,2530696,19mar2020,4,3,2020,19,"Gilan",0,6.781058,.0864959,0,,,1,1
"2020-03-20","IRN","Gilan",1,1,1,1,1,1,1,0,980,1079,2530696,20mar2020,5,3,2020,20,"Gilan",0,6.887553,.1064949,0,,,1,1
"2020-03-21","IRN","Gilan",1,1,1,1,1,1,1,0,1037,1136,2530696,21mar2020,6,3,2020,21,"Gilan",0,6.944087,.0565343,0,,,1,1
"2020-03-22","IRN","Gilan",1,1,1,1,1,1,1,0,1075,1174,2530696,22mar2020,0,3,2020,22,"Gilan",0,6.980076,.0359888,0,,,1,1
"2020-02-27","IRN","Golestan",1,0,1,1,0,0,0,0,,0,1868819,27feb2020,4,2,2020,27,"Golestan",0,,,0,.1647312,,.3333333,0
"2020-02-28","IRN","Golestan",1,0,1,1,0,0,0,0,,2,1868819,28feb2020,5,2,2020,28,"Golestan",0,,,0,.1647312,,.3333333,0
"2020-02-29","IRN","Golestan",1,0,1,1,0,0,0,0,24,24,1868819,29feb2020,6,2,2020,29,"Golestan",0,3.178054,,0,.1647312,,.3333333,0
"2020-03-01","IRN","Golestan",1,1,1,1,0,0,0,0,24,24,1868819,01mar2020,0,3,2020,1,"Golestan",0,3.178054,0,0,,,.6666667,0
"2020-03-02","IRN","Golestan",1,1,1,1,0,0,0,0,,24,1868819,02mar2020,1,3,2020,2,"Golestan",0,,,0,.1647312,,.6666667,0
"2020-03-03","IRN","Golestan",1,1,1,1,1,0,0,0,,24,1868819,03mar2020,2,3,2020,3,"Golestan",0,,,0,.1647312,,1,0
"2020-03-04","IRN","Golestan",1,1,1,1,1,0,0,0,33,33,1868819,04mar2020,3,3,2020,4,"Golestan",0,3.496508,,0,.1647312,,1,0
"2020-03-05","IRN","Golestan",1,1,1,1,1,0,0,0,37,37,1868819,05mar2020,4,3,2020,5,"Golestan",0,3.610918,.1144102,0,,,1,0
"2020-03-06","IRN","Golestan",1,1,1,1,1,0,0,0,104,104,1868819,06mar2020,5,3,2020,6,"Golestan",0,4.644391,1.033473,0,,,1,0
"2020-03-07","IRN","Golestan",1,1,1,1,1,0,0,0,162,162,1868819,07mar2020,6,3,2020,7,"Golestan",0,5.087596,.4432054,0,,,1,0
"2020-03-08","IRN","Golestan",1,1,1,1,1,0,0,0,175,175,1868819,08mar2020,0,3,2020,8,"Golestan",0,5.164786,.0771894,0,,,1,0
"2020-03-09","IRN","Golestan",1,1,1,1,1,0,0,0,175,175,1868819,09mar2020,1,3,2020,9,"Golestan",0,5.164786,0,0,,,1,0
"2020-03-10","IRN","Golestan",1,1,1,1,1,0,0,0,179,179,1868819,10mar2020,2,3,2020,10,"Golestan",0,5.187386,.0226002,0,,,1,0
"2020-03-11","IRN","Golestan",1,1,1,1,1,0,0,0,188,188,1868819,11mar2020,3,3,2020,11,"Golestan",0,5.236442,.0490561,0,,,1,0
"2020-03-12","IRN","Golestan",1,1,1,1,1,0,0,0,213,213,1868819,12mar2020,4,3,2020,12,"Golestan",0,5.361292,.1248503,0,,,1,0
"2020-03-13","IRN","Golestan",1,1,1,1,1,1,1,0,234,234,1868819,13mar2020,5,3,2020,13,"Golestan",0,5.455321,.0940289,1,,,1,1
"2020-03-14","IRN","Golestan",1,1,1,1,1,1,1,0,234,234,1868819,14mar2020,6,3,2020,14,"Golestan",0,5.455321,0,0,,,1,1
"2020-03-15","IRN","Golestan",1,1,1,1,1,1,1,0,259,259,1868819,15mar2020,0,3,2020,15,"Golestan",0,5.556828,.1015067,0,,,1,1
"2020-03-16","IRN","Golestan",1,1,1,1,1,1,1,0,301,301,1868819,16mar2020,1,3,2020,16,"Golestan",0,5.70711,.1502824,0,,,1,1
"2020-03-17","IRN","Golestan",1,1,1,1,1,1,1,0,331,331,1868819,17mar2020,2,3,2020,17,"Golestan",0,5.802118,.0950079,0,,,1,1
"2020-03-18","IRN","Golestan",1,1,1,1,1,1,1,0,351,351,1868819,18mar2020,3,3,2020,18,"Golestan",0,5.860786,.0586681,0,,,1,1
"2020-03-19","IRN","Golestan",1,1,1,1,1,1,1,0,360,360,1868819,19mar2020,4,3,2020,19,"Golestan",0,5.886104,.0253177,0,,,1,1
"2020-03-20","IRN","Golestan",1,1,1,1,1,1,1,0,375,375,1868819,20mar2020,5,3,2020,20,"Golestan",0,5.926926,.040822,0,,,1,1
"2020-03-21","IRN","Golestan",1,1,1,1,1,1,1,0,381,381,1868819,21mar2020,6,3,2020,21,"Golestan",0,5.9428,.0158734,0,,,1,1
"2020-03-22","IRN","Golestan",1,1,1,1,1,1,1,0,391,391,1868819,22mar2020,0,3,2020,22,"Golestan",0,5.968708,.025908,0,,,1,1
"2020-02-27","IRN","Hamadan",1,0,1,1,0,0,0,0,,2,1738234,27feb2020,4,2,2020,27,"Hamadan",0,,,0,.1647312,,.3333333,0
"2020-02-28","IRN","Hamadan",1,0,1,1,0,0,0,0,,2,1738234,28feb2020,5,2,2020,28,"Hamadan",0,,,0,.1647312,,.3333333,0
"2020-02-29","IRN","Hamadan",1,0,1,1,0,0,0,0,,2,1738234,29feb2020,6,2,2020,29,"Hamadan",0,,,0,.1647312,,.3333333,0
"2020-03-01","IRN","Hamadan",1,1,1,1,0,0,0,0,,5,1738234,01mar2020,0,3,2020,1,"Hamadan",0,,,0,.1647312,,.6666667,0
"2020-03-02","IRN","Hamadan",1,1,1,1,0,0,0,0,,9,1738234,02mar2020,1,3,2020,2,"Hamadan",0,,,0,.1647312,,.6666667,0
"2020-03-03","IRN","Hamadan",1,1,1,1,1,0,0,0,,15,1738234,03mar2020,2,3,2020,3,"Hamadan",0,,,0,.1647312,,1,0
"2020-03-04","IRN","Hamadan",1,1,1,1,1,0,0,0,,15,1738234,04mar2020,3,3,2020,4,"Hamadan",0,,,0,.1647312,,1,0
"2020-03-05","IRN","Hamadan",1,1,1,1,1,0,0,0,11,21,1738234,05mar2020,4,3,2020,5,"Hamadan",0,2.397895,,0,.1647312,,1,0
"2020-03-06","IRN","Hamadan",1,1,1,1,1,0,0,0,18,28,1738234,06mar2020,5,3,2020,6,"Hamadan",0,2.890372,.4924765,0,,,1,0
"2020-03-07","IRN","Hamadan",1,1,1,1,1,0,0,0,29,39,1738234,07mar2020,6,3,2020,7,"Hamadan",0,3.367296,.4769239,0,,,1,0
"2020-03-08","IRN","Hamadan",1,1,1,1,1,0,0,0,55,65,1738234,08mar2020,0,3,2020,8,"Hamadan",0,4.007333,.6400375,0,,,1,0
"2020-03-09","IRN","Hamadan",1,1,1,1,1,0,0,0,55,65,1738234,09mar2020,1,3,2020,9,"Hamadan",0,4.007333,0,0,,,1,0
"2020-03-10","IRN","Hamadan",1,1,1,1,1,0,0,0,72,82,1738234,10mar2020,2,3,2020,10,"Hamadan",0,4.276666,.2693329,0,,,1,0
"2020-03-11","IRN","Hamadan",1,1,1,1,1,0,0,0,79,89,1738234,11mar2020,3,3,2020,11,"Hamadan",0,4.369448,.0927815,0,,,1,0
"2020-03-12","IRN","Hamadan",1,1,1,1,1,0,0,0,91,101,1738234,12mar2020,4,3,2020,12,"Hamadan",0,4.510859,.1414118,0,,,1,0
"2020-03-13","IRN","Hamadan",1,1,1,1,1,1,1,0,101,111,1738234,13mar2020,5,3,2020,13,"Hamadan",0,4.61512,.1042609,1,,,1,1
"2020-03-14","IRN","Hamadan",1,1,1,1,1,1,1,0,108,118,1738234,14mar2020,6,3,2020,14,"Hamadan",0,4.682131,.0670109,0,,,1,1
"2020-03-15","IRN","Hamadan",1,1,1,1,1,1,1,0,119,129,1738234,15mar2020,0,3,2020,15,"Hamadan",0,4.779123,.096992,0,,,1,1
"2020-03-16","IRN","Hamadan",1,1,1,1,1,1,1,0,131,141,1738234,16mar2020,1,3,2020,16,"Hamadan",0,4.875197,.0960741,0,,,1,1
"2020-03-17","IRN","Hamadan",1,1,1,1,1,1,1,0,137,147,1738234,17mar2020,2,3,2020,17,"Hamadan",0,4.919981,.0447836,0,,,1,1
"2020-03-18","IRN","Hamadan",1,1,1,1,1,1,1,0,150,160,1738234,18mar2020,3,3,2020,18,"Hamadan",0,5.010635,.0906544,0,,,1,1
"2020-03-19","IRN","Hamadan",1,1,1,1,1,1,1,0,153,163,1738234,19mar2020,4,3,2020,19,"Hamadan",0,5.030438,.0198026,0,,,1,1
"2020-03-20","IRN","Hamadan",1,1,1,1,1,1,1,0,158,168,1738234,20mar2020,5,3,2020,20,"Hamadan",0,5.062595,.0321569,0,,,1,1
"2020-03-21","IRN","Hamadan",1,1,1,1,1,1,1,0,163,173,1738234,21mar2020,6,3,2020,21,"Hamadan",0,5.09375,.0311551,0,,,1,1
"2020-03-22","IRN","Hamadan",1,1,1,1,1,1,1,0,170,180,1738234,22mar2020,0,3,2020,22,"Hamadan",0,5.135798,.0420485,0,,,1,1
"2020-02-27","IRN","Hormozgan",0,0,1,1,0,0,0,0,,2,1776415,27feb2020,4,2,2020,27,"Hormozgan",0,,,0,.1647312,,0,0
"2020-02-28","IRN","Hormozgan",0,0,1,1,0,0,0,0,,2,1776415,28feb2020,5,2,2020,28,"Hormozgan",0,,,0,.1647312,,0,0
"2020-02-29","IRN","Hormozgan",0,0,1,1,0,0,0,0,,2,1776415,29feb2020,6,2,2020,29,"Hormozgan",0,,,0,.1647312,,0,0
"2020-03-01","IRN","Hormozgan",0,1,1,1,0,0,0,0,,4,1776415,01mar2020,0,3,2020,1,"Hormozgan",0,,,0,.1647312,,.3333333,0
"2020-03-02","IRN","Hormozgan",0,1,1,1,0,0,0,0,,7,1776415,02mar2020,1,3,2020,2,"Hormozgan",0,,,0,.1647312,,.3333333,0
"2020-03-03","IRN","Hormozgan",0,1,1,1,1,0,0,0,,11,1776415,03mar2020,2,3,2020,3,"Hormozgan",0,,,0,.1647312,,.6666667,0
"2020-03-04","IRN","Hormozgan",0,1,1,1,1,0,0,0,,11,1776415,04mar2020,3,3,2020,4,"Hormozgan",0,,,0,.1647312,,.6666667,0
"2020-03-05","IRN","Hormozgan",1,1,1,1,1,0,0,0,,13,1776415,05mar2020,4,3,2020,5,"Hormozgan",0,,,0,.1647312,,1,0
"2020-03-06","IRN","Hormozgan",1,1,1,1,1,0,0,0,12,19,1776415,06mar2020,5,3,2020,6,"Hormozgan",0,2.484907,,0,.1647312,,1,0
"2020-03-07","IRN","Hormozgan",1,1,1,1,1,0,0,0,23,30,1776415,07mar2020,6,3,2020,7,"Hormozgan",0,3.135494,.6505876,0,,,1,0
"2020-03-08","IRN","Hormozgan",1,1,1,1,1,0,0,0,28,35,1776415,08mar2020,0,3,2020,8,"Hormozgan",0,3.332205,.1967103,0,,,1,0
"2020-03-09","IRN","Hormozgan",1,1,1,1,1,0,0,0,45,52,1776415,09mar2020,1,3,2020,9,"Hormozgan",0,3.806663,.474458,0,,,1,0
"2020-03-10","IRN","Hormozgan",1,1,1,1,1,0,0,0,62,69,1776415,10mar2020,2,3,2020,10,"Hormozgan",0,4.127134,.3204718,0,,,1,0
"2020-03-11","IRN","Hormozgan",1,1,1,1,1,0,0,0,72,79,1776415,11mar2020,3,3,2020,11,"Hormozgan",0,4.276666,.1495318,0,,,1,0
"2020-03-12","IRN","Hormozgan",1,1,1,1,1,0,0,0,72,79,1776415,12mar2020,4,3,2020,12,"Hormozgan",0,4.276666,0,0,,,1,0
"2020-03-13","IRN","Hormozgan",1,1,1,1,1,1,1,0,76,83,1776415,13mar2020,5,3,2020,13,"Hormozgan",0,4.330733,.0540671,1,,,1,1
"2020-03-14","IRN","Hormozgan",1,1,1,1,1,1,1,0,76,83,1776415,14mar2020,6,3,2020,14,"Hormozgan",0,4.330733,0,0,,,1,1
"2020-03-15","IRN","Hormozgan",1,1,1,1,1,1,1,0,83,90,1776415,15mar2020,0,3,2020,15,"Hormozgan",0,4.41884,.0881071,0,,,1,1
"2020-03-16","IRN","Hormozgan",1,1,1,1,1,1,1,0,99,106,1776415,16mar2020,1,3,2020,16,"Hormozgan",0,4.59512,.1762795,0,,,1,1
"2020-03-17","IRN","Hormozgan",1,1,1,1,1,1,1,0,105,112,1776415,17mar2020,2,3,2020,17,"Hormozgan",0,4.65396,.0588403,0,,,1,1
"2020-03-18","IRN","Hormozgan",1,1,1,1,1,1,1,0,117,124,1776415,18mar2020,3,3,2020,18,"Hormozgan",0,4.762174,.1082139,0,,,1,1
"2020-03-19","IRN","Hormozgan",1,1,1,1,1,1,1,0,122,129,1776415,19mar2020,4,3,2020,19,"Hormozgan",0,4.804021,.0418468,0,,,1,1
"2020-03-20","IRN","Hormozgan",1,1,1,1,1,1,1,0,139,146,1776415,20mar2020,5,3,2020,20,"Hormozgan",0,4.934474,.1304531,0,,,1,1
"2020-03-21","IRN","Hormozgan",1,1,1,1,1,1,1,0,139,146,1776415,21mar2020,6,3,2020,21,"Hormozgan",0,4.934474,0,0,,,1,1
"2020-03-22","IRN","Hormozgan",1,1,1,1,1,1,1,0,141,148,1776415,22mar2020,0,3,2020,22,"Hormozgan",0,4.94876,.014286,0,,,1,1
"2020-02-27","IRN","Ilam",0,0,1,1,0,0,0,0,,0,580158,27feb2020,4,2,2020,27,"Ilam",0,,,0,.1647312,,0,0
"2020-02-28","IRN","Ilam",0,0,1,1,0,0,0,0,,0,580158,28feb2020,5,2,2020,28,"Ilam",0,,,0,.1647312,,0,0
"2020-02-29","IRN","Ilam",0,0,1,1,0,0,0,0,,1,580158,29feb2020,6,2,2020,29,"Ilam",0,,,0,.1647312,,0,0
"2020-03-01","IRN","Ilam",0,1,1,1,0,0,0,0,,2,580158,01mar2020,0,3,2020,1,"Ilam",0,,,0,.1647312,,.3333333,0
"2020-03-02","IRN","Ilam",0,1,1,1,0,0,0,0,,3,580158,02mar2020,1,3,2020,2,"Ilam",0,,,0,.1647312,,.3333333,0
"2020-03-03","IRN","Ilam",0,1,1,1,1,0,0,0,,5,580158,03mar2020,2,3,2020,3,"Ilam",0,,,0,.1647312,,.6666667,0
"2020-03-04","IRN","Ilam",0,1,1,1,1,0,0,0,,12,580158,04mar2020,3,3,2020,4,"Ilam",0,,,0,.1647312,,.6666667,0
"2020-03-05","IRN","Ilam",1,1,1,1,1,0,0,0,,12,580158,05mar2020,4,3,2020,5,"Ilam",0,,,0,.1647312,,1,0
"2020-03-06","IRN","Ilam",1,1,1,1,1,0,0,0,11,14,580158,06mar2020,5,3,2020,6,"Ilam",0,2.397895,,0,.1647312,,1,0
"2020-03-07","IRN","Ilam",1,1,1,1,1,0,0,0,13,16,580158,07mar2020,6,3,2020,7,"Ilam",0,2.564949,.1670539,0,,,1,0
"2020-03-08","IRN","Ilam",1,1,1,1,1,0,0,0,13,16,580158,08mar2020,0,3,2020,8,"Ilam",0,2.564949,0,0,,,1,0
"2020-03-09","IRN","Ilam",1,1,1,1,1,0,0,0,29,32,580158,09mar2020,1,3,2020,9,"Ilam",0,3.367296,.8023465,0,,,1,0
"2020-03-10","IRN","Ilam",1,1,1,1,1,0,0,0,54,57,580158,10mar2020,2,3,2020,10,"Ilam",0,3.988984,.6216884,0,,,1,0
"2020-03-11","IRN","Ilam",1,1,1,1,1,0,0,0,60,63,580158,11mar2020,3,3,2020,11,"Ilam",0,4.094345,.1053605,0,,,1,0
"2020-03-12","IRN","Ilam",1,1,1,1,1,0,0,0,67,70,580158,12mar2020,4,3,2020,12,"Ilam",0,4.204693,.1103482,0,,,1,0
"2020-03-13","IRN","Ilam",1,1,1,1,1,1,1,0,75,78,580158,13mar2020,5,3,2020,13,"Ilam",0,4.317488,.1127954,1,,,1,1
"2020-03-14","IRN","Ilam",1,1,1,1,1,1,1,0,81,84,580158,14mar2020,6,3,2020,14,"Ilam",0,4.394449,.076961,0,,,1,1
"2020-03-15","IRN","Ilam",1,1,1,1,1,1,1,0,99,102,580158,15mar2020,0,3,2020,15,"Ilam",0,4.59512,.2006707,0,,,1,1
"2020-03-16","IRN","Ilam",1,1,1,1,1,1,1,0,101,104,580158,16mar2020,1,3,2020,16,"Ilam",0,4.61512,.0200005,0,,,1,1
"2020-03-17","IRN","Ilam",1,1,1,1,1,1,1,0,108,111,580158,17mar2020,2,3,2020,17,"Ilam",0,4.682131,.0670109,0,,,1,1
"2020-03-18","IRN","Ilam",1,1,1,1,1,1,1,0,118,121,580158,18mar2020,3,3,2020,18,"Ilam",0,4.770685,.0885534,0,,,1,1
"2020-03-19","IRN","Ilam",1,1,1,1,1,1,1,0,126,129,580158,19mar2020,4,3,2020,19,"Ilam",0,4.836282,.0655971,0,,,1,1
"2020-03-20","IRN","Ilam",1,1,1,1,1,1,1,0,146,149,580158,20mar2020,5,3,2020,20,"Ilam",0,4.983607,.147325,0,,,1,1
"2020-03-21","IRN","Ilam",1,1,1,1,1,1,1,0,164,167,580158,21mar2020,6,3,2020,21,"Ilam",0,5.099866,.1162596,0,,,1,1
"2020-03-22","IRN","Ilam",1,1,1,1,1,1,1,0,181,184,580158,22mar2020,0,3,2020,22,"Ilam",0,5.198497,.0986304,0,,,1,1
"2020-02-27","IRN","Kerman",0,0,1,1,0,0,0,0,,0,3164718,27feb2020,4,2,2020,27,"Kerman",0,,,0,.1647312,,0,0
"2020-02-28","IRN","Kerman",0,0,1,1,0,0,0,0,,0,3164718,28feb2020,5,2,2020,28,"Kerman",0,,,0,.1647312,,0,0
"2020-02-29","IRN","Kerman",0,0,1,1,0,0,0,0,,0,3164718,29feb2020,6,2,2020,29,"Kerman",0,,,0,.1647312,,0,0
"2020-03-01","IRN","Kerman",0,1,1,1,0,0,0,0,,2,3164718,01mar2020,0,3,2020,1,"Kerman",0,,,0,.1647312,,.3333333,0
"2020-03-02","IRN","Kerman",0,1,1,1,0,0,0,0,,5,3164718,02mar2020,1,3,2020,2,"Kerman",0,,,0,.1647312,,.3333333,0
"2020-03-03","IRN","Kerman",0,1,1,1,1,0,0,0,,9,3164718,03mar2020,2,3,2020,3,"Kerman",0,,,0,.1647312,,.6666667,0
"2020-03-04","IRN","Kerman",0,1,1,1,1,0,0,0,16,23,3164718,04mar2020,3,3,2020,4,"Kerman",0,2.772589,,0,.1647312,,.6666667,0
"2020-03-05","IRN","Kerman",1,1,1,1,1,0,0,0,16,23,3164718,05mar2020,4,3,2020,5,"Kerman",0,2.772589,0,0,,,1,0
"2020-03-06","IRN","Kerman",1,1,1,1,1,0,0,0,23,30,3164718,06mar2020,5,3,2020,6,"Kerman",0,3.135494,.3629055,0,,,1,0
"2020-03-07","IRN","Kerman",1,1,1,1,1,0,0,0,,33,3164718,07mar2020,6,3,2020,7,"Kerman",0,,,0,.1647312,,1,0
"2020-03-08","IRN","Kerman",1,1,1,1,1,0,0,0,,37,3164718,08mar2020,0,3,2020,8,"Kerman",0,,,0,.1647312,,1,0
"2020-03-09","IRN","Kerman",1,1,1,1,1,0,0,0,34,41,3164718,09mar2020,1,3,2020,9,"Kerman",0,3.526361,,0,.1647312,,1,0
"2020-03-10","IRN","Kerman",1,1,1,1,1,0,0,0,38,45,3164718,10mar2020,2,3,2020,10,"Kerman",0,3.637586,.1112256,0,,,1,0
"2020-03-11","IRN","Kerman",1,1,1,1,1,0,0,0,56,63,3164718,11mar2020,3,3,2020,11,"Kerman",0,4.025352,.3877654,0,,,1,0
"2020-03-12","IRN","Kerman",1,1,1,1,1,0,0,0,63,70,3164718,12mar2020,4,3,2020,12,"Kerman",0,4.143135,.1177831,0,,,1,0
"2020-03-13","IRN","Kerman",1,1,1,1,1,1,1,0,75,82,3164718,13mar2020,5,3,2020,13,"Kerman",0,4.317488,.1743536,1,,,1,1
"2020-03-14","IRN","Kerman",1,1,1,1,1,1,1,0,75,82,3164718,14mar2020,6,3,2020,14,"Kerman",0,4.317488,0,0,,,1,1
"2020-03-15","IRN","Kerman",1,1,1,1,1,1,1,0,82,89,3164718,15mar2020,0,3,2020,15,"Kerman",0,4.406719,.089231,0,,,1,1
"2020-03-16","IRN","Kerman",1,1,1,1,1,1,1,0,95,102,3164718,16mar2020,1,3,2020,16,"Kerman",0,4.553877,.1471577,0,,,1,1
"2020-03-17","IRN","Kerman",1,1,1,1,1,1,1,0,114,121,3164718,17mar2020,2,3,2020,17,"Kerman",0,4.736198,.1823215,0,,,1,1
"2020-03-18","IRN","Kerman",1,1,1,1,1,1,1,0,125,132,3164718,18mar2020,3,3,2020,18,"Kerman",0,4.828314,.0921154,0,,,1,1
"2020-03-19","IRN","Kerman",1,1,1,1,1,1,1,0,139,146,3164718,19mar2020,4,3,2020,19,"Kerman",0,4.934474,.1061602,0,,,1,1
"2020-03-20","IRN","Kerman",1,1,1,1,1,1,1,0,151,158,3164718,20mar2020,5,3,2020,20,"Kerman",0,5.01728,.0828056,0,,,1,1
"2020-03-21","IRN","Kerman",1,1,1,1,1,1,1,0,159,166,3164718,21mar2020,6,3,2020,21,"Kerman",0,5.068904,.0516248,0,,,1,1
"2020-03-22","IRN","Kerman",1,1,1,1,1,1,1,0,167,174,3164718,22mar2020,0,3,2020,22,"Kerman",0,5.117994,.0490894,0,,,1,1
"2020-02-27","IRN","Kermanshah",1,0,1,1,0,0,0,0,,3,1952434,27feb2020,4,2,2020,27,"Kermanshah",0,,,0,.1647312,,.3333333,0
"2020-02-28","IRN","Kermanshah",1,0,1,1,0,0,0,0,,3,1952434,28feb2020,5,2,2020,28,"Kermanshah",0,,,0,.1647312,,.3333333,0
"2020-02-29","IRN","Kermanshah",1,0,1,1,0,0,0,0,,3,1952434,29feb2020,6,2,2020,29,"Kermanshah",0,,,0,.1647312,,.3333333,0
"2020-03-01","IRN","Kermanshah",1,1,1,1,0,0,0,0,,5,1952434,01mar2020,0,3,2020,1,"Kermanshah",0,,,0,.1647312,,.6666667,0
"2020-03-02","IRN","Kermanshah",1,1,1,1,0,0,0,0,,8,1952434,02mar2020,1,3,2020,2,"Kermanshah",0,,,0,.1647312,,.6666667,0
"2020-03-03","IRN","Kermanshah",1,1,1,1,1,0,0,0,,12,1952434,03mar2020,2,3,2020,3,"Kermanshah",0,,,0,.1647312,,1,0
"2020-03-04","IRN","Kermanshah",1,1,1,1,1,0,0,0,20,27,1952434,04mar2020,3,3,2020,4,"Kermanshah",0,2.995732,,0,.1647312,,1,0
"2020-03-05","IRN","Kermanshah",1,1,1,1,1,0,0,0,20,27,1952434,05mar2020,4,3,2020,5,"Kermanshah",0,2.995732,0,0,,,1,0
"2020-03-06","IRN","Kermanshah",1,1,1,1,1,0,0,0,25,32,1952434,06mar2020,5,3,2020,6,"Kermanshah",0,3.218876,.2231436,0,,,1,0
"2020-03-07","IRN","Kermanshah",1,1,1,1,1,0,0,0,29,36,1952434,07mar2020,6,3,2020,7,"Kermanshah",0,3.367296,.1484199,0,,,1,0
"2020-03-08","IRN","Kermanshah",1,1,1,1,1,0,0,0,31,38,1952434,08mar2020,0,3,2020,8,"Kermanshah",0,3.433987,.0666914,0,,,1,0
"2020-03-09","IRN","Kermanshah",1,1,1,1,1,0,0,0,42,49,1952434,09mar2020,1,3,2020,9,"Kermanshah",0,3.73767,.3036826,0,,,1,0
"2020-03-10","IRN","Kermanshah",1,1,1,1,1,0,0,0,49,56,1952434,10mar2020,2,3,2020,10,"Kermanshah",0,3.89182,.1541505,0,,,1,0
"2020-03-11","IRN","Kermanshah",1,1,1,1,1,0,0,0,57,64,1952434,11mar2020,3,3,2020,11,"Kermanshah",0,4.043051,.1512311,0,,,1,0
"2020-03-12","IRN","Kermanshah",1,1,1,1,1,0,0,0,77,84,1952434,12mar2020,4,3,2020,12,"Kermanshah",0,4.343805,.3007541,0,,,1,0
"2020-03-13","IRN","Kermanshah",1,1,1,1,1,1,1,0,92,99,1952434,13mar2020,5,3,2020,13,"Kermanshah",0,4.521789,.1779833,1,,,1,1
"2020-03-14","IRN","Kermanshah",1,1,1,1,1,1,1,0,100,107,1952434,14mar2020,6,3,2020,14,"Kermanshah",0,4.60517,.0833817,0,,,1,1
"2020-03-15","IRN","Kermanshah",1,1,1,1,1,1,1,0,113,120,1952434,15mar2020,0,3,2020,15,"Kermanshah",0,4.727388,.1222177,0,,,1,1
"2020-03-16","IRN","Kermanshah",1,1,1,1,1,1,1,0,129,136,1952434,16mar2020,1,3,2020,16,"Kermanshah",0,4.859812,.1324244,0,,,1,1
"2020-03-17","IRN","Kermanshah",1,1,1,1,1,1,1,0,143,150,1952434,17mar2020,2,3,2020,17,"Kermanshah",0,4.962845,.1030326,0,,,1,1
"2020-03-18","IRN","Kermanshah",1,1,1,1,1,1,1,0,150,157,1952434,18mar2020,3,3,2020,18,"Kermanshah",0,5.010635,.0477905,0,,,1,1
"2020-03-19","IRN","Kermanshah",1,1,1,1,1,1,1,0,173,180,1952434,19mar2020,4,3,2020,19,"Kermanshah",0,5.153292,.1426563,0,,,1,1
"2020-03-20","IRN","Kermanshah",1,1,1,1,1,1,1,0,195,202,1952434,20mar2020,5,3,2020,20,"Kermanshah",0,5.273,.1197081,0,,,1,1
"2020-03-21","IRN","Kermanshah",1,1,1,1,1,1,1,0,222,229,1952434,21mar2020,6,3,2020,21,"Kermanshah",0,5.402678,.1296778,0,,,1,1
"2020-03-22","IRN","Kermanshah",1,1,1,1,1,1,1,0,241,248,1952434,22mar2020,0,3,2020,22,"Kermanshah",0,5.484797,.0821195,0,,,1,1
"2020-02-27","IRN","Khuzestan",0,0,1,1,0,0,0,0,,3,4710509,27feb2020,4,2,2020,27,"Khuzestan",0,,,0,.1647312,,0,0
"2020-02-28","IRN","Khuzestan",0,0,1,1,0,0,0,0,,6,4710509,28feb2020,5,2,2020,28,"Khuzestan",0,,,0,.1647312,,0,0
"2020-02-29","IRN","Khuzestan",0,0,1,1,0,0,0,0,10,10,4710509,29feb2020,6,2,2020,29,"Khuzestan",0,2.302585,,0,.1647312,,0,0
"2020-03-01","IRN","Khuzestan",0,1,1,1,0,0,0,0,19,19,4710509,01mar2020,0,3,2020,1,"Khuzestan",0,2.944439,.6418538,0,,,.3333333,0
"2020-03-02","IRN","Khuzestan",0,1,1,1,0,0,0,0,,31,4710509,02mar2020,1,3,2020,2,"Khuzestan",0,,,0,.1647312,,.3333333,0
"2020-03-03","IRN","Khuzestan",0,1,1,1,1,0,0,0,,50,4710509,03mar2020,2,3,2020,3,"Khuzestan",0,,,0,.1647312,,.6666667,0
"2020-03-04","IRN","Khuzestan",0,1,1,1,1,0,0,0,46,77,4710509,04mar2020,3,3,2020,4,"Khuzestan",0,3.828641,,0,.1647312,,.6666667,0
"2020-03-05","IRN","Khuzestan",1,1,1,1,1,0,0,0,47,78,4710509,05mar2020,4,3,2020,5,"Khuzestan",0,3.850147,.0215061,0,,,1,0
"2020-03-06","IRN","Khuzestan",1,1,1,1,1,0,0,0,47,78,4710509,06mar2020,5,3,2020,6,"Khuzestan",0,3.850147,0,0,,,1,0
"2020-03-07","IRN","Khuzestan",1,1,1,1,1,0,0,0,48,79,4710509,07mar2020,6,3,2020,7,"Khuzestan",0,3.871201,.0210536,0,,,1,0
"2020-03-08","IRN","Khuzestan",1,1,1,1,1,0,0,0,53,84,4710509,08mar2020,0,3,2020,8,"Khuzestan",0,3.970292,.0990908,0,,,1,0
"2020-03-09","IRN","Khuzestan",1,1,1,1,1,0,0,0,57,88,4710509,09mar2020,1,3,2020,9,"Khuzestan",0,4.043051,.0727594,0,,,1,0
"2020-03-10","IRN","Khuzestan",1,1,1,1,1,0,0,0,94,125,4710509,10mar2020,2,3,2020,10,"Khuzestan",0,4.543295,.5002437,0,,,1,0
"2020-03-11","IRN","Khuzestan",1,1,1,1,1,0,0,0,111,142,4710509,11mar2020,3,3,2020,11,"Khuzestan",0,4.70953,.1662354,0,,,1,0
"2020-03-12","IRN","Khuzestan",1,1,1,1,1,0,0,0,142,173,4710509,12mar2020,4,3,2020,12,"Khuzestan",0,4.955827,.2462969,0,,,1,0
"2020-03-13","IRN","Khuzestan",1,1,1,1,1,1,1,0,157,188,4710509,13mar2020,5,3,2020,13,"Khuzestan",0,5.056246,.1004186,1,,,1,1
"2020-03-14","IRN","Khuzestan",1,1,1,1,1,1,1,0,205,236,4710509,14mar2020,6,3,2020,14,"Khuzestan",0,5.32301,.2667642,0,,,1,1
"2020-03-15","IRN","Khuzestan",1,1,1,1,1,1,1,0,237,268,4710509,15mar2020,0,3,2020,15,"Khuzestan",0,5.46806,.14505,0,,,1,1
"2020-03-16","IRN","Khuzestan",1,1,1,1,1,1,1,0,290,321,4710509,16mar2020,1,3,2020,16,"Khuzestan",0,5.669881,.2018209,0,,,1,1
"2020-03-17","IRN","Khuzestan",1,1,1,1,1,1,1,0,315,346,4710509,17mar2020,2,3,2020,17,"Khuzestan",0,5.752573,.0826917,0,,,1,1
"2020-03-18","IRN","Khuzestan",1,1,1,1,1,1,1,0,343,374,4710509,18mar2020,3,3,2020,18,"Khuzestan",0,5.83773,.0851579,0,,,1,1
"2020-03-19","IRN","Khuzestan",1,1,1,1,1,1,1,0,365,396,4710509,19mar2020,4,3,2020,19,"Khuzestan",0,5.899898,.0621672,0,,,1,1
"2020-03-20","IRN","Khuzestan",1,1,1,1,1,1,1,0,375,406,4710509,20mar2020,5,3,2020,20,"Khuzestan",0,5.926926,.0270286,0,,,1,1
"2020-03-21","IRN","Khuzestan",1,1,1,1,1,1,1,0,406,437,4710509,21mar2020,6,3,2020,21,"Khuzestan",0,6.006353,.0794272,0,,,1,1
"2020-03-22","IRN","Khuzestan",1,1,1,1,1,1,1,0,428,459,4710509,22mar2020,0,3,2020,22,"Khuzestan",0,6.059123,.0527697,0,,,1,1
"2020-02-27","IRN","Kohgiluyeh and Buyer Ahmad",0,0,1,1,0,0,0,0,,2,713052,27feb2020,4,2,2020,27,"Kohgiluyeh and Buyer Ahmad",0,,,0,.1647312,,0,0
"2020-02-28","IRN","Kohgiluyeh and Buyer Ahmad",0,0,1,1,0,0,0,0,,2,713052,28feb2020,5,2,2020,28,"Kohgiluyeh and Buyer Ahmad",0,,,0,.1647312,,0,0
"2020-02-29","IRN","Kohgiluyeh and Buyer Ahmad",0,0,1,1,0,0,0,0,,2,713052,29feb2020,6,2,2020,29,"Kohgiluyeh and Buyer Ahmad",0,,,0,.1647312,,0,0
"2020-03-01","IRN","Kohgiluyeh and Buyer Ahmad",0,1,1,1,0,0,0,0,,2,713052,01mar2020,0,3,2020,1,"Kohgiluyeh and Buyer Ahmad",0,,,0,.1647312,,.3333333,0
"2020-03-02","IRN","Kohgiluyeh and Buyer Ahmad",0,1,1,1,0,0,0,0,,2,713052,02mar2020,1,3,2020,2,"Kohgiluyeh and Buyer Ahmad",0,,,0,.1647312,,.3333333,0
"2020-03-03","IRN","Kohgiluyeh and Buyer Ahmad",0,1,1,1,1,0,0,0,,2,713052,03mar2020,2,3,2020,3,"Kohgiluyeh and Buyer Ahmad",0,,,0,.1647312,,.6666667,0
"2020-03-04","IRN","Kohgiluyeh and Buyer Ahmad",0,1,1,1,1,0,0,0,,2,713052,04mar2020,3,3,2020,4,"Kohgiluyeh and Buyer Ahmad",0,,,0,.1647312,,.6666667,0
"2020-03-05","IRN","Kohgiluyeh and Buyer Ahmad",1,1,1,1,1,0,0,0,,2,713052,05mar2020,4,3,2020,5,"Kohgiluyeh and Buyer Ahmad",0,,,0,.1647312,,1,0
"2020-03-06","IRN","Kohgiluyeh and Buyer Ahmad",1,1,1,1,1,0,0,0,,6,713052,06mar2020,5,3,2020,6,"Kohgiluyeh and Buyer Ahmad",0,,,0,.1647312,,1,0
"2020-03-07","IRN","Kohgiluyeh and Buyer Ahmad",1,1,1,1,1,0,0,0,,6,713052,07mar2020,6,3,2020,7,"Kohgiluyeh and Buyer Ahmad",0,,,0,.1647312,,1,0
"2020-03-08","IRN","Kohgiluyeh and Buyer Ahmad",1,1,1,1,1,0,0,0,,9,713052,08mar2020,0,3,2020,8,"Kohgiluyeh and Buyer Ahmad",0,,,0,.1647312,,1,0
"2020-03-09","IRN","Kohgiluyeh and Buyer Ahmad",1,1,1,1,1,0,0,0,,9,713052,09mar2020,1,3,2020,9,"Kohgiluyeh and Buyer Ahmad",0,,,0,.1647312,,1,0
"2020-03-10","IRN","Kohgiluyeh and Buyer Ahmad",1,1,1,1,1,0,0,0,11,11,713052,10mar2020,2,3,2020,10,"Kohgiluyeh and Buyer Ahmad",0,2.397895,,0,.1647312,,1,0
"2020-03-11","IRN","Kohgiluyeh and Buyer Ahmad",1,1,1,1,1,0,0,0,11,11,713052,11mar2020,3,3,2020,11,"Kohgiluyeh and Buyer Ahmad",0,2.397895,0,0,,,1,0
"2020-03-12","IRN","Kohgiluyeh and Buyer Ahmad",1,1,1,1,1,0,0,0,26,26,713052,12mar2020,4,3,2020,12,"Kohgiluyeh and Buyer Ahmad",0,3.258096,.8602011,0,,,1,0
"2020-03-13","IRN","Kohgiluyeh and Buyer Ahmad",1,1,1,1,1,1,1,0,26,26,713052,13mar2020,5,3,2020,13,"Kohgiluyeh and Buyer Ahmad",0,3.258096,0,1,,,1,1
"2020-03-14","IRN","Kohgiluyeh and Buyer Ahmad",1,1,1,1,1,1,1,0,26,26,713052,14mar2020,6,3,2020,14,"Kohgiluyeh and Buyer Ahmad",0,3.258096,0,0,,,1,1
"2020-03-15","IRN","Kohgiluyeh and Buyer Ahmad",1,1,1,1,1,1,1,0,27,27,713052,15mar2020,0,3,2020,15,"Kohgiluyeh and Buyer Ahmad",0,3.295837,.0377405,0,,,1,1
"2020-03-16","IRN","Kohgiluyeh and Buyer Ahmad",1,1,1,1,1,1,1,0,32,32,713052,16mar2020,1,3,2020,16,"Kohgiluyeh and Buyer Ahmad",0,3.465736,.169899,0,,,1,1
"2020-03-17","IRN","Kohgiluyeh and Buyer Ahmad",1,1,1,1,1,1,1,0,32,32,713052,17mar2020,2,3,2020,17,"Kohgiluyeh and Buyer Ahmad",0,3.465736,0,0,,,1,1
"2020-03-18","IRN","Kohgiluyeh and Buyer Ahmad",1,1,1,1,1,1,1,0,45,45,713052,18mar2020,3,3,2020,18,"Kohgiluyeh and Buyer Ahmad",0,3.806663,.3409266,0,,,1,1
"2020-03-19","IRN","Kohgiluyeh and Buyer Ahmad",1,1,1,1,1,1,1,0,60,60,713052,19mar2020,4,3,2020,19,"Kohgiluyeh and Buyer Ahmad",0,4.094345,.2876821,0,,,1,1
"2020-03-20","IRN","Kohgiluyeh and Buyer Ahmad",1,1,1,1,1,1,1,0,61,61,713052,20mar2020,5,3,2020,20,"Kohgiluyeh and Buyer Ahmad",0,4.110874,.0165291,0,,,1,1
"2020-03-21","IRN","Kohgiluyeh and Buyer Ahmad",1,1,1,1,1,1,1,0,73,73,713052,21mar2020,6,3,2020,21,"Kohgiluyeh and Buyer Ahmad",0,4.29046,.1795859,0,,,1,1
"2020-03-22","IRN","Kohgiluyeh and Buyer Ahmad",1,1,1,1,1,1,1,0,73,73,713052,22mar2020,0,3,2020,22,"Kohgiluyeh and Buyer Ahmad",0,4.29046,0,0,,,1,1
"2020-02-27","IRN","Kordestan",1,0,1,1,0,0,0,0,,1,1603011,27feb2020,4,2,2020,27,"Kordestan",0,,,0,.1647312,,.3333333,0
"2020-02-28","IRN","Kordestan",1,0,1,1,0,0,0,0,,3,1603011,28feb2020,5,2,2020,28,"Kordestan",0,,,0,.1647312,,.3333333,0
"2020-02-29","IRN","Kordestan",1,0,1,1,0,0,0,0,,8,1603011,29feb2020,6,2,2020,29,"Kordestan",0,,,0,.1647312,,.3333333,0
"2020-03-01","IRN","Kordestan",1,1,1,1,0,0,0,0,,8,1603011,01mar2020,0,3,2020,1,"Kordestan",0,,,0,.1647312,,.6666667,0
"2020-03-02","IRN","Kordestan",1,1,1,1,0,0,0,0,,8,1603011,02mar2020,1,3,2020,2,"Kordestan",0,,,0,.1647312,,.6666667,0
"2020-03-03","IRN","Kordestan",1,1,1,1,1,0,0,0,,8,1603011,03mar2020,2,3,2020,3,"Kordestan",0,,,0,.1647312,,1,0
"2020-03-04","IRN","Kordestan",1,1,1,1,1,0,0,0,12,12,1603011,04mar2020,3,3,2020,4,"Kordestan",0,2.484907,,0,.1647312,,1,0
"2020-03-05","IRN","Kordestan",1,1,1,1,1,0,0,0,18,18,1603011,05mar2020,4,3,2020,5,"Kordestan",0,2.890372,.4054651,0,,,1,0
"2020-03-06","IRN","Kordestan",1,1,1,1,1,0,0,0,42,42,1603011,06mar2020,5,3,2020,6,"Kordestan",0,3.73767,.8472979,0,,,1,0
"2020-03-07","IRN","Kordestan",1,1,1,1,1,0,0,0,44,44,1603011,07mar2020,6,3,2020,7,"Kordestan",0,3.78419,.04652,0,,,1,0
"2020-03-08","IRN","Kordestan",1,1,1,1,1,0,0,0,63,63,1603011,08mar2020,0,3,2020,8,"Kordestan",0,4.143135,.3589449,0,,,1,0
"2020-03-09","IRN","Kordestan",1,1,1,1,1,0,0,0,66,66,1603011,09mar2020,1,3,2020,9,"Kordestan",0,4.189655,.0465202,0,,,1,0
"2020-03-10","IRN","Kordestan",1,1,1,1,1,0,0,0,78,78,1603011,10mar2020,2,3,2020,10,"Kordestan",0,4.356709,.1670542,0,,,1,0
"2020-03-11","IRN","Kordestan",1,1,1,1,1,0,0,0,84,84,1603011,11mar2020,3,3,2020,11,"Kordestan",0,4.430817,.0741076,0,,,1,0
"2020-03-12","IRN","Kordestan",1,1,1,1,1,0,0,0,93,93,1603011,12mar2020,4,3,2020,12,"Kordestan",0,4.532599,.1017828,0,,,1,0
"2020-03-13","IRN","Kordestan",1,1,1,1,1,1,1,0,102,102,1603011,13mar2020,5,3,2020,13,"Kordestan",0,4.624973,.0923734,1,,,1,1
"2020-03-14","IRN","Kordestan",1,1,1,1,1,1,1,0,107,107,1603011,14mar2020,6,3,2020,14,"Kordestan",0,4.672829,.0478559,0,,,1,1
"2020-03-15","IRN","Kordestan",1,1,1,1,1,1,1,0,134,134,1603011,15mar2020,0,3,2020,15,"Kordestan",0,4.89784,.2250113,0,,,1,1
"2020-03-16","IRN","Kordestan",1,1,1,1,1,1,1,0,165,165,1603011,16mar2020,1,3,2020,16,"Kordestan",0,5.105946,.2081056,0,,,1,1
"2020-03-17","IRN","Kordestan",1,1,1,1,1,1,1,0,167,167,1603011,17mar2020,2,3,2020,17,"Kordestan",0,5.117994,.0120482,0,,,1,1
"2020-03-18","IRN","Kordestan",1,1,1,1,1,1,1,0,189,189,1603011,18mar2020,3,3,2020,18,"Kordestan",0,5.241747,.1237531,0,,,1,1
"2020-03-19","IRN","Kordestan",1,1,1,1,1,1,1,0,200,200,1603011,19mar2020,4,3,2020,19,"Kordestan",0,5.298317,.0565705,0,,,1,1
"2020-03-20","IRN","Kordestan",1,1,1,1,1,1,1,0,215,215,1603011,20mar2020,5,3,2020,20,"Kordestan",0,5.370638,.0723205,0,,,1,1
"2020-03-21","IRN","Kordestan",1,1,1,1,1,1,1,0,222,222,1603011,21mar2020,6,3,2020,21,"Kordestan",0,5.402678,.0320396,0,,,1,1
"2020-03-22","IRN","Kordestan",1,1,1,1,1,1,1,0,238,238,1603011,22mar2020,0,3,2020,22,"Kordestan",0,5.47227,.069593,0,,,1,1
"2020-02-27","IRN","Lorestan",0,0,1,1,0,0,0,0,,4,1760649,27feb2020,4,2,2020,27,"Lorestan",0,,,0,.1647312,,0,0
"2020-02-28","IRN","Lorestan",0,0,1,1,0,0,0,0,,4,1760649,28feb2020,5,2,2020,28,"Lorestan",0,,,0,.1647312,,0,0
"2020-02-29","IRN","Lorestan",0,0,1,1,0,0,0,0,,4,1760649,29feb2020,6,2,2020,29,"Lorestan",0,,,0,.1647312,,0,0
"2020-03-01","IRN","Lorestan",0,1,1,1,0,0,0,0,12,12,1760649,01mar2020,0,3,2020,1,"Lorestan",0,2.484907,,0,.1647312,,.3333333,0
"2020-03-02","IRN","Lorestan",0,1,1,1,0,0,0,0,,23,1760649,02mar2020,1,3,2020,2,"Lorestan",0,,,0,.1647312,,.3333333,0
"2020-03-03","IRN","Lorestan",0,1,1,1,1,0,0,0,,40,1760649,03mar2020,2,3,2020,3,"Lorestan",0,,,0,.1647312,,.6666667,0
"2020-03-04","IRN","Lorestan",0,1,1,1,1,0,0,0,17,45,1760649,04mar2020,3,3,2020,4,"Lorestan",0,2.833213,,0,.1647312,,.6666667,0
"2020-03-05","IRN","Lorestan",1,1,1,1,1,0,0,0,28,56,1760649,05mar2020,4,3,2020,5,"Lorestan",0,3.332205,.4989913,0,,,1,0
"2020-03-06","IRN","Lorestan",1,1,1,1,1,0,0,0,78,106,1760649,06mar2020,5,3,2020,6,"Lorestan",0,4.356709,1.024504,0,,,1,0
"2020-03-07","IRN","Lorestan",1,1,1,1,1,0,0,0,105,133,1760649,07mar2020,6,3,2020,7,"Lorestan",0,4.65396,.2972512,0,,,1,0
"2020-03-08","IRN","Lorestan",1,1,1,1,1,0,0,0,142,170,1760649,08mar2020,0,3,2020,8,"Lorestan",0,4.955827,.301867,0,,,1,0
"2020-03-09","IRN","Lorestan",1,1,1,1,1,0,0,0,149,177,1760649,09mar2020,1,3,2020,9,"Lorestan",0,5.003946,.0481191,0,,,1,0
"2020-03-10","IRN","Lorestan",1,1,1,1,1,0,0,0,174,202,1760649,10mar2020,2,3,2020,10,"Lorestan",0,5.159055,.1551089,0,,,1,0
"2020-03-11","IRN","Lorestan",1,1,1,1,1,0,0,0,183,211,1760649,11mar2020,3,3,2020,11,"Lorestan",0,5.209486,.0504308,0,,,1,0
"2020-03-12","IRN","Lorestan",1,1,1,1,1,0,0,0,208,236,1760649,12mar2020,4,3,2020,12,"Lorestan",0,5.337538,.1280522,0,,,1,0
"2020-03-13","IRN","Lorestan",1,1,1,1,1,1,1,0,233,261,1760649,13mar2020,5,3,2020,13,"Lorestan",0,5.451038,.1135001,1,,,1,1
"2020-03-14","IRN","Lorestan",1,1,1,1,1,1,1,0,235,263,1760649,14mar2020,6,3,2020,14,"Lorestan",0,5.459586,.0085473,0,,,1,1
"2020-03-15","IRN","Lorestan",1,1,1,1,1,1,1,0,287,315,1760649,15mar2020,0,3,2020,15,"Lorestan",0,5.659482,.1998963,0,,,1,1
"2020-03-16","IRN","Lorestan",1,1,1,1,1,1,1,0,287,315,1760649,16mar2020,1,3,2020,16,"Lorestan",0,5.659482,0,0,,,1,1
"2020-03-17","IRN","Lorestan",1,1,1,1,1,1,1,0,322,350,1760649,17mar2020,2,3,2020,17,"Lorestan",0,5.774551,.1150694,0,,,1,1
"2020-03-18","IRN","Lorestan",1,1,1,1,1,1,1,0,361,389,1760649,18mar2020,3,3,2020,18,"Lorestan",0,5.888878,.1143265,0,,,1,1
"2020-03-19","IRN","Lorestan",1,1,1,1,1,1,1,0,398,426,1760649,19mar2020,4,3,2020,19,"Lorestan",0,5.986452,.0975742,0,,,1,1
"2020-03-20","IRN","Lorestan",1,1,1,1,1,1,1,0,407,435,1760649,20mar2020,5,3,2020,20,"Lorestan",0,6.008813,.0223613,0,,,1,1
"2020-03-21","IRN","Lorestan",1,1,1,1,1,1,1,0,441,469,1760649,21mar2020,6,3,2020,21,"Lorestan",0,6.089045,.0802317,0,,,1,1
"2020-03-22","IRN","Lorestan",1,1,1,1,1,1,1,0,474,502,1760649,22mar2020,0,3,2020,22,"Lorestan",0,6.161207,.0721622,0,,,1,1
"2020-02-27","IRN","Markazi",1,0,1,1,0,0,0,0,,5,1429475,27feb2020,4,2,2020,27,"Markazi",0,,,0,.1647312,,.3333333,0
"2020-02-28","IRN","Markazi",1,0,1,1,0,0,0,0,,5,1429475,28feb2020,5,2,2020,28,"Markazi",0,,,0,.1647312,,.3333333,0
"2020-02-29","IRN","Markazi",1,0,1,1,0,0,0,0,23,23,1429475,29feb2020,6,2,2020,29,"Markazi",0,3.135494,,0,.1647312,,.3333333,0
"2020-03-01","IRN","Markazi",1,1,1,1,0,0,0,0,67,67,1429475,01mar2020,0,3,2020,1,"Markazi",0,4.204693,1.069199,0,,,.6666667,0
"2020-03-02","IRN","Markazi",1,1,1,1,0,0,0,0,,127,1429475,02mar2020,1,3,2020,2,"Markazi",0,,,0,.1647312,,.6666667,0
"2020-03-03","IRN","Markazi",1,1,1,1,1,0,0,0,,222,1429475,03mar2020,2,3,2020,3,"Markazi",0,,,0,.1647312,,1,0
"2020-03-04","IRN","Markazi",1,1,1,1,1,0,0,0,75,230,1429475,04mar2020,3,3,2020,4,"Markazi",0,4.317488,,0,.1647312,,1,0
"2020-03-05","IRN","Markazi",1,1,1,1,1,0,0,0,106,261,1429475,05mar2020,4,3,2020,5,"Markazi",0,4.663439,.3459511,0,,,1,0
"2020-03-06","IRN","Markazi",1,1,1,1,1,0,0,0,154,309,1429475,06mar2020,5,3,2020,6,"Markazi",0,5.036952,.3735132,0,,,1,0
"2020-03-07","IRN","Markazi",1,1,1,1,1,0,0,0,191,346,1429475,07mar2020,6,3,2020,7,"Markazi",0,5.252274,.2153211,0,,,1,0
"2020-03-08","IRN","Markazi",1,1,1,1,1,0,0,0,261,416,1429475,08mar2020,0,3,2020,8,"Markazi",0,5.56452,.3122468,0,,,1,0
"2020-03-09","IRN","Markazi",1,1,1,1,1,0,0,0,315,470,1429475,09mar2020,1,3,2020,9,"Markazi",0,5.752573,.1880522,0,,,1,0
"2020-03-10","IRN","Markazi",1,1,1,1,1,0,0,0,342,497,1429475,10mar2020,2,3,2020,10,"Markazi",0,5.834811,.0822382,0,,,1,0
"2020-03-11","IRN","Markazi",1,1,1,1,1,0,0,0,373,528,1429475,11mar2020,3,3,2020,11,"Markazi",0,5.921578,.0867677,0,,,1,0
"2020-03-12","IRN","Markazi",1,1,1,1,1,0,0,0,461,616,1429475,12mar2020,4,3,2020,12,"Markazi",0,6.133398,.2118196,0,,,1,0
"2020-03-13","IRN","Markazi",1,1,1,1,1,1,1,0,509,664,1429475,13mar2020,5,3,2020,13,"Markazi",0,6.232448,.09905,1,,,1,1
"2020-03-14","IRN","Markazi",1,1,1,1,1,1,1,0,624,779,1429475,14mar2020,6,3,2020,14,"Markazi",0,6.436151,.2037024,0,,,1,1
"2020-03-15","IRN","Markazi",1,1,1,1,1,1,1,0,624,779,1429475,15mar2020,0,3,2020,15,"Markazi",0,6.436151,0,0,,,1,1
"2020-03-16","IRN","Markazi",1,1,1,1,1,1,1,0,638,793,1429475,16mar2020,1,3,2020,16,"Markazi",0,6.458338,.0221877,0,,,1,1
"2020-03-17","IRN","Markazi",1,1,1,1,1,1,1,0,685,840,1429475,17mar2020,2,3,2020,17,"Markazi",0,6.529419,.0710807,0,,,1,1
"2020-03-18","IRN","Markazi",1,1,1,1,1,1,1,0,708,863,1429475,18mar2020,3,3,2020,18,"Markazi",0,6.562444,.0330253,0,,,1,1
"2020-03-19","IRN","Markazi",1,1,1,1,1,1,1,0,755,910,1429475,19mar2020,4,3,2020,19,"Markazi",0,6.626718,.0642734,0,,,1,1
"2020-03-20","IRN","Markazi",1,1,1,1,1,1,1,0,772,927,1429475,20mar2020,5,3,2020,20,"Markazi",0,6.648984,.0222669,0,,,1,1
"2020-03-21","IRN","Markazi",1,1,1,1,1,1,1,0,772,927,1429475,21mar2020,6,3,2020,21,"Markazi",0,6.648984,0,0,,,1,1
"2020-03-22","IRN","Markazi",1,1,1,1,1,1,1,0,808,963,1429475,22mar2020,0,3,2020,22,"Markazi",0,6.694562,.0455775,0,,,1,1
"2020-02-27","IRN","Mazandaran",1,0,1,1,0,0,0,0,11,11,3283582,27feb2020,4,2,2020,27,"Mazandaran",0,2.397895,,0,.1647312,,.3333333,0
"2020-02-28","IRN","Mazandaran",1,0,1,1,0,0,0,0,20,20,3283582,28feb2020,5,2,2020,28,"Mazandaran",0,2.995732,.597837,0,,,.3333333,0
"2020-02-29","IRN","Mazandaran",1,0,1,1,0,0,0,0,32,32,3283582,29feb2020,6,2,2020,29,"Mazandaran",0,3.465736,.4700036,0,,,.3333333,0
"2020-03-01","IRN","Mazandaran",1,1,1,1,0,0,0,0,43,43,3283582,01mar2020,0,3,2020,1,"Mazandaran",0,3.7612,.2954643,0,,,.6666667,0
"2020-03-02","IRN","Mazandaran",1,1,1,1,0,0,0,0,,58,3283582,02mar2020,1,3,2020,2,"Mazandaran",0,,,0,.1647312,,.6666667,0
"2020-03-03","IRN","Mazandaran",1,1,1,1,1,0,0,0,,82,3283582,03mar2020,2,3,2020,3,"Mazandaran",0,,,0,.1647312,,1,0
"2020-03-04","IRN","Mazandaran",1,1,1,1,1,0,0,0,52,91,3283582,04mar2020,3,3,2020,4,"Mazandaran",0,3.951244,,0,.1647312,,1,0
"2020-03-05","IRN","Mazandaran",1,1,1,1,1,0,0,0,102,141,3283582,05mar2020,4,3,2020,5,"Mazandaran",0,4.624973,.6737292,0,,,1,0
"2020-03-06","IRN","Mazandaran",1,1,1,1,1,0,0,0,282,321,3283582,06mar2020,5,3,2020,6,"Mazandaran",0,5.641907,1.016934,0,,,1,0
"2020-03-07","IRN","Mazandaran",1,1,1,1,1,0,0,0,587,626,3283582,07mar2020,6,3,2020,7,"Mazandaran",0,6.375025,.7331176,0,,,1,0
"2020-03-08","IRN","Mazandaran",1,1,1,1,1,0,0,0,601,640,3283582,08mar2020,0,3,2020,8,"Mazandaran",0,6.398595,.0235701,0,,,1,0
"2020-03-09","IRN","Mazandaran",1,1,1,1,1,0,0,0,614,653,3283582,09mar2020,1,3,2020,9,"Mazandaran",0,6.419995,.0214,0,,,1,0
"2020-03-10","IRN","Mazandaran",1,1,1,1,1,0,0,0,867,906,3283582,10mar2020,2,3,2020,10,"Mazandaran",0,6.765039,.3450441,0,,,1,0
"2020-03-11","IRN","Mazandaran",1,1,1,1,1,0,0,0,899,938,3283582,11mar2020,3,3,2020,11,"Mazandaran",0,6.801283,.0362439,0,,,1,0
"2020-03-12","IRN","Mazandaran",1,1,1,1,1,0,0,0,978,1017,3283582,12mar2020,4,3,2020,12,"Mazandaran",0,6.885509,.0842266,0,,,1,0
"2020-03-13","IRN","Mazandaran",1,1,1,1,1,1,1,0,1170,1209,3283582,13mar2020,5,3,2020,13,"Mazandaran",0,7.064759,.1792498,1,,,1,1
"2020-03-14","IRN","Mazandaran",1,1,1,1,1,1,1,0,1187,1226,3283582,14mar2020,6,3,2020,14,"Mazandaran",0,7.079185,.0144253,0,,,1,1
"2020-03-15","IRN","Mazandaran",1,1,1,1,1,1,1,0,1259,1298,3283582,15mar2020,0,3,2020,15,"Mazandaran",0,7.138073,.0588884,0,,,1,1
"2020-03-16","IRN","Mazandaran",1,1,1,1,1,1,1,0,1355,1394,3283582,16mar2020,1,3,2020,16,"Mazandaran",0,7.211557,.0734839,0,,,1,1
"2020-03-17","IRN","Mazandaran",1,1,1,1,1,1,1,0,1414,1453,3283582,17mar2020,2,3,2020,17,"Mazandaran",0,7.254178,.0426211,0,,,1,1
"2020-03-18","IRN","Mazandaran",1,1,1,1,1,1,1,0,1475,1514,3283582,18mar2020,3,3,2020,18,"Mazandaran",0,7.296413,.0422354,0,,,1,1
"2020-03-19","IRN","Mazandaran",1,1,1,1,1,1,1,0,1533,1572,3283582,19mar2020,4,3,2020,19,"Mazandaran",0,7.334982,.0385685,0,,,1,1
"2020-03-20","IRN","Mazandaran",1,1,1,1,1,1,1,0,1617,1656,3283582,20mar2020,5,3,2020,20,"Mazandaran",0,7.388328,.0533462,0,,,1,1
"2020-03-21","IRN","Mazandaran",1,1,1,1,1,1,1,0,1645,1684,3283582,21mar2020,6,3,2020,21,"Mazandaran",0,7.405496,.0171676,0,,,1,1
"2020-03-22","IRN","Mazandaran",1,1,1,1,1,1,1,0,1681,1720,3283582,22mar2020,0,3,2020,22,"Mazandaran",0,7.427144,.0216484,0,,,1,1
"2020-02-27","IRN","North Khorasan",0,0,1,1,0,0,0,0,,0,863092,27feb2020,4,2,2020,27,"North Khorasan",0,,,0,.1647312,,0,0
"2020-02-28","IRN","North Khorasan",0,0,1,1,0,0,0,0,,0,863092,28feb2020,5,2,2020,28,"North Khorasan",0,,,0,.1647312,,0,0
"2020-02-29","IRN","North Khorasan",0,0,1,1,0,0,0,0,,0,863092,29feb2020,6,2,2020,29,"North Khorasan",0,,,0,.1647312,,0,0
"2020-03-01","IRN","North Khorasan",0,1,1,1,0,0,0,0,,0,863092,01mar2020,0,3,2020,1,"North Khorasan",0,,,0,.1647312,,.3333333,0
"2020-03-02","IRN","North Khorasan",0,1,1,1,0,0,0,0,,0,863092,02mar2020,1,3,2020,2,"North Khorasan",0,,,0,.1647312,,.3333333,0
"2020-03-03","IRN","North Khorasan",0,1,1,1,1,0,0,0,,0,863092,03mar2020,2,3,2020,3,"North Khorasan",0,,,0,.1647312,,.6666667,0
"2020-03-04","IRN","North Khorasan",0,1,1,1,1,0,0,0,,1,863092,04mar2020,3,3,2020,4,"North Khorasan",0,,,0,.1647312,,.6666667,0
"2020-03-05","IRN","North Khorasan",1,1,1,1,1,0,0,0,,3,863092,05mar2020,4,3,2020,5,"North Khorasan",0,,,0,.1647312,,1,0
"2020-03-06","IRN","North Khorasan",1,1,1,1,1,0,0,0,15,15,863092,06mar2020,5,3,2020,6,"North Khorasan",0,2.70805,,0,.1647312,,1,0
"2020-03-07","IRN","North Khorasan",1,1,1,1,1,0,0,0,23,23,863092,07mar2020,6,3,2020,7,"North Khorasan",0,3.135494,.427444,0,,,1,0
"2020-03-08","IRN","North Khorasan",1,1,1,1,1,0,0,0,24,24,863092,08mar2020,0,3,2020,8,"North Khorasan",0,3.178054,.0425596,0,,,1,0
"2020-03-09","IRN","North Khorasan",1,1,1,1,1,0,0,0,34,34,863092,09mar2020,1,3,2020,9,"North Khorasan",0,3.526361,.3483067,0,,,1,0
"2020-03-10","IRN","North Khorasan",1,1,1,1,1,0,0,0,34,34,863092,10mar2020,2,3,2020,10,"North Khorasan",0,3.526361,0,0,,,1,0
"2020-03-11","IRN","North Khorasan",1,1,1,1,1,0,0,0,45,45,863092,11mar2020,3,3,2020,11,"North Khorasan",0,3.806663,.280302,0,,,1,0
"2020-03-12","IRN","North Khorasan",1,1,1,1,1,0,0,0,45,45,863092,12mar2020,4,3,2020,12,"North Khorasan",0,3.806663,0,0,,,1,0
"2020-03-13","IRN","North Khorasan",1,1,1,1,1,1,1,0,45,45,863092,13mar2020,5,3,2020,13,"North Khorasan",0,3.806663,0,1,,,1,1
"2020-03-14","IRN","North Khorasan",1,1,1,1,1,1,1,0,46,46,863092,14mar2020,6,3,2020,14,"North Khorasan",0,3.828641,.0219789,0,,,1,1
"2020-03-15","IRN","North Khorasan",1,1,1,1,1,1,1,0,52,52,863092,15mar2020,0,3,2020,15,"North Khorasan",0,3.951244,.1226022,0,,,1,1
"2020-03-16","IRN","North Khorasan",1,1,1,1,1,1,1,0,97,97,863092,16mar2020,1,3,2020,16,"North Khorasan",0,4.574711,.6234672,0,,,1,1
"2020-03-17","IRN","North Khorasan",1,1,1,1,1,1,1,0,100,100,863092,17mar2020,2,3,2020,17,"North Khorasan",0,4.60517,.0304594,0,,,1,1
"2020-03-18","IRN","North Khorasan",1,1,1,1,1,1,1,0,100,100,863092,18mar2020,3,3,2020,18,"North Khorasan",0,4.60517,0,0,,,1,1
"2020-03-19","IRN","North Khorasan",1,1,1,1,1,1,1,0,121,121,863092,19mar2020,4,3,2020,19,"North Khorasan",0,4.795791,.1906204,0,,,1,1
"2020-03-20","IRN","North Khorasan",1,1,1,1,1,1,1,0,138,138,863092,20mar2020,5,3,2020,20,"North Khorasan",0,4.927254,.1314631,0,,,1,1
"2020-03-21","IRN","North Khorasan",1,1,1,1,1,1,1,0,139,139,863092,21mar2020,6,3,2020,21,"North Khorasan",0,4.934474,.0072203,0,,,1,1
"2020-03-22","IRN","North Khorasan",1,1,1,1,1,1,1,0,165,165,863092,22mar2020,0,3,2020,22,"North Khorasan",0,5.105946,.1714716,0,,,1,1
"2020-02-27","IRN","Qazvin",1,0,1,1,0,0,0,0,,0,1273761,27feb2020,4,2,2020,27,"Qazvin",0,,,0,.1647312,,.3333333,0
"2020-02-28","IRN","Qazvin",1,0,1,1,0,0,0,0,,2,1273761,28feb2020,5,2,2020,28,"Qazvin",0,,,0,.1647312,,.3333333,0
"2020-02-29","IRN","Qazvin",1,0,1,1,0,0,0,0,,8,1273761,29feb2020,6,2,2020,29,"Qazvin",0,,,0,.1647312,,.3333333,0
"2020-03-01","IRN","Qazvin",1,1,1,1,0,0,0,0,,8,1273761,01mar2020,0,3,2020,1,"Qazvin",0,,,0,.1647312,,.6666667,0
"2020-03-02","IRN","Qazvin",1,1,1,1,0,0,0,0,,8,1273761,02mar2020,1,3,2020,2,"Qazvin",0,,,0,.1647312,,.6666667,0
"2020-03-03","IRN","Qazvin",1,1,1,1,1,0,0,0,,8,1273761,03mar2020,2,3,2020,3,"Qazvin",0,,,0,.1647312,,1,0
"2020-03-04","IRN","Qazvin",1,1,1,1,1,0,0,0,33,33,1273761,04mar2020,3,3,2020,4,"Qazvin",0,3.496508,,0,.1647312,,1,0
"2020-03-05","IRN","Qazvin",1,1,1,1,1,0,0,0,64,64,1273761,05mar2020,4,3,2020,5,"Qazvin",0,4.158883,.6623755,0,,,1,0
"2020-03-06","IRN","Qazvin",1,1,1,1,1,0,0,0,129,129,1273761,06mar2020,5,3,2020,6,"Qazvin",0,4.859812,.7009292,0,,,1,0
"2020-03-07","IRN","Qazvin",1,1,1,1,1,0,0,0,131,131,1273761,07mar2020,6,3,2020,7,"Qazvin",0,4.875197,.0153852,0,,,1,0
"2020-03-08","IRN","Qazvin",1,1,1,1,1,0,0,0,160,160,1273761,08mar2020,0,3,2020,8,"Qazvin",0,5.075174,.1999764,0,,,1,0
"2020-03-09","IRN","Qazvin",1,1,1,1,1,0,0,0,200,200,1273761,09mar2020,1,3,2020,9,"Qazvin",0,5.298317,.2231436,0,,,1,0
"2020-03-10","IRN","Qazvin",1,1,1,1,1,0,0,0,210,210,1273761,10mar2020,2,3,2020,10,"Qazvin",0,5.347107,.04879,0,,,1,0
"2020-03-11","IRN","Qazvin",1,1,1,1,1,0,0,0,237,237,1273761,11mar2020,3,3,2020,11,"Qazvin",0,5.46806,.1209526,0,,,1,0
"2020-03-12","IRN","Qazvin",1,1,1,1,1,0,0,0,279,279,1273761,12mar2020,4,3,2020,12,"Qazvin",0,5.631212,.1631517,0,,,1,0
"2020-03-13","IRN","Qazvin",1,1,1,1,1,1,1,0,291,291,1273761,13mar2020,5,3,2020,13,"Qazvin",0,5.673323,.0421114,1,,,1,1
"2020-03-14","IRN","Qazvin",1,1,1,1,1,1,1,0,338,338,1273761,14mar2020,6,3,2020,14,"Qazvin",0,5.823046,.1497226,0,,,1,1
"2020-03-15","IRN","Qazvin",1,1,1,1,1,1,1,0,360,360,1273761,15mar2020,0,3,2020,15,"Qazvin",0,5.886104,.0630584,0,,,1,1
"2020-03-16","IRN","Qazvin",1,1,1,1,1,1,1,0,400,400,1273761,16mar2020,1,3,2020,16,"Qazvin",0,5.991465,.1053605,0,,,1,1
"2020-03-17","IRN","Qazvin",1,1,1,1,1,1,1,0,426,426,1273761,17mar2020,2,3,2020,17,"Qazvin",0,6.05444,.0629749,0,,,1,1
"2020-03-18","IRN","Qazvin",1,1,1,1,1,1,1,0,479,479,1273761,18mar2020,3,3,2020,18,"Qazvin",0,6.1717,.1172609,0,,,1,1
"2020-03-19","IRN","Qazvin",1,1,1,1,1,1,1,0,526,526,1273761,19mar2020,4,3,2020,19,"Qazvin",0,6.265301,.0936007,0,,,1,1
"2020-03-20","IRN","Qazvin",1,1,1,1,1,1,1,0,534,534,1273761,20mar2020,5,3,2020,20,"Qazvin",0,6.280396,.0150948,0,,,1,1
"2020-03-21","IRN","Qazvin",1,1,1,1,1,1,1,0,593,593,1273761,21mar2020,6,3,2020,21,"Qazvin",0,6.385194,.1047983,0,,,1,1
"2020-03-22","IRN","Qazvin",1,1,1,1,1,1,1,0,622,622,1273761,22mar2020,0,3,2020,22,"Qazvin",0,6.43294,.0477457,0,,,1,1
"2020-02-27","IRN","Qom",1,1,1,1,0,0,0,0,72,72,1292283,27feb2020,4,2,2020,27,"Qom",0,4.276666,,0,.1647312,,.6666667,0
"2020-02-28","IRN","Qom",1,1,1,1,0,0,0,0,88,88,1292283,28feb2020,5,2,2020,28,"Qom",0,4.477337,.2006707,0,,,.6666667,0
"2020-02-29","IRN","Qom",1,1,1,1,0,0,0,0,109,109,1292283,29feb2020,6,2,2020,29,"Qom",0,4.691348,.2140112,0,,,.6666667,0
"2020-03-01","IRN","Qom",1,1,1,1,0,0,0,0,139,139,1292283,01mar2020,0,3,2020,1,"Qom",0,4.934474,.2431259,0,,,.6666667,0
"2020-03-02","IRN","Qom",1,1,1,1,0,0,0,0,,180,1292283,02mar2020,1,3,2020,2,"Qom",0,,,0,.1647312,,.6666667,0
"2020-03-03","IRN","Qom",1,1,1,1,1,0,0,0,,245,1292283,03mar2020,2,3,2020,3,"Qom",0,,,0,.1647312,,1,0
"2020-03-04","IRN","Qom",1,1,1,1,1,0,0,0,240,346,1292283,04mar2020,3,3,2020,4,"Qom",0,5.480639,,0,.1647312,,1,0
"2020-03-05","IRN","Qom",1,1,1,1,1,0,0,0,272,378,1292283,05mar2020,4,3,2020,5,"Qom",0,5.605802,.1251631,0,,,1,0
"2020-03-06","IRN","Qom",1,1,1,1,1,1,0,0,409,515,1292283,06mar2020,5,3,2020,6,"Qom",0,6.013715,.4079132,0,,,1,0
"2020-03-07","IRN","Qom",1,1,1,1,1,1,0,0,554,660,1292283,07mar2020,6,3,2020,7,"Qom",0,6.317165,.3034496,0,,,1,0
"2020-03-08","IRN","Qom",1,1,1,1,1,1,0,0,571,677,1292283,08mar2020,0,3,2020,8,"Qom",0,6.347389,.0302243,0,,,1,0
"2020-03-09","IRN","Qom",1,1,1,1,1,1,0,0,598,704,1292283,09mar2020,1,3,2020,9,"Qom",0,6.393591,.0462017,0,,,1,0
"2020-03-10","IRN","Qom",1,1,1,1,1,1,0,0,637,743,1292283,10mar2020,2,3,2020,10,"Qom",0,6.456769,.0631785,0,,,1,0
"2020-03-11","IRN","Qom",1,1,1,1,1,1,0,0,690,796,1292283,11mar2020,3,3,2020,11,"Qom",0,6.536692,.0799222,0,,,1,0
"2020-03-12","IRN","Qom",1,1,1,1,1,1,0,0,732,838,1292283,12mar2020,4,3,2020,12,"Qom",0,6.59578,.0590887,0,,,1,0
"2020-03-13","IRN","Qom",1,1,1,1,1,1,1,0,774,880,1292283,13mar2020,5,3,2020,13,"Qom",0,6.651572,.0557914,1,,,1,1
"2020-03-14","IRN","Qom",1,1,1,1,1,1,1,0,806,912,1292283,14mar2020,6,3,2020,14,"Qom",0,6.692084,.0405121,0,,,1,1
"2020-03-15","IRN","Qom",1,1,1,1,1,1,1,0,890,996,1292283,15mar2020,0,3,2020,15,"Qom",0,6.791222,.0991378,0,,,1,1
"2020-03-16","IRN","Qom",1,1,1,1,1,1,1,0,909,1015,1292283,16mar2020,1,3,2020,16,"Qom",0,6.812345,.0211234,0,,,1,1
"2020-03-17","IRN","Qom",1,1,1,1,1,1,1,1,938,1044,1292283,17mar2020,2,3,2020,17,"Qom",0,6.84375,.031405,0,,,1,1
"2020-03-18","IRN","Qom",1,1,1,1,1,1,1,1,960,1066,1292283,18mar2020,3,3,2020,18,"Qom",0,6.866933,.0231833,0,,,1,1
"2020-03-19","IRN","Qom",1,1,1,1,1,1,1,1,991,1097,1292283,19mar2020,4,3,2020,19,"Qom",0,6.898715,.0317812,0,,,1,1
"2020-03-20","IRN","Qom",1,1,1,1,1,1,1,1,1027,1133,1292283,20mar2020,5,3,2020,20,"Qom",0,6.934397,.0356827,0,,,1,1
"2020-03-21","IRN","Qom",1,1,1,1,1,1,1,1,1047,1153,1292283,21mar2020,6,3,2020,21,"Qom",0,6.953684,.0192871,0,,,1,1
"2020-03-22","IRN","Qom",1,1,1,1,1,1,1,1,1064,1170,1292283,22mar2020,0,3,2020,22,"Qom",0,6.96979,.0161061,0,,,1,1
"2020-02-27","IRN","Razavi Khorasan",0,0,1,1,0,0,0,0,,2,6434501,27feb2020,4,2,2020,27,"Razavi Khorasan",0,,,0,.1647312,,0,0
"2020-02-28","IRN","Razavi Khorasan",0,0,1,1,0,0,0,0,,2,6434501,28feb2020,5,2,2020,28,"Razavi Khorasan",0,,,0,.1647312,,0,0
"2020-02-29","IRN","Razavi Khorasan",0,0,1,1,0,0,0,0,,2,6434501,29feb2020,6,2,2020,29,"Razavi Khorasan",0,,,0,.1647312,,0,0
"2020-03-01","IRN","Razavi Khorasan",0,1,1,1,0,0,0,0,19,19,6434501,01mar2020,0,3,2020,1,"Razavi Khorasan",0,2.944439,,0,.1647312,,.3333333,0
"2020-03-02","IRN","Razavi Khorasan",0,1,1,1,0,0,0,0,,42,6434501,02mar2020,1,3,2020,2,"Razavi Khorasan",0,,,0,.1647312,,.3333333,0
"2020-03-03","IRN","Razavi Khorasan",0,1,1,1,1,0,0,0,,79,6434501,03mar2020,2,3,2020,3,"Razavi Khorasan",0,,,0,.1647312,,.6666667,0
"2020-03-04","IRN","Razavi Khorasan",0,1,1,1,1,0,0,0,27,87,6434501,04mar2020,3,3,2020,4,"Razavi Khorasan",0,3.295837,,0,.1647312,,.6666667,0
"2020-03-05","IRN","Razavi Khorasan",1,1,1,1,1,0,0,0,80,140,6434501,05mar2020,4,3,2020,5,"Razavi Khorasan",0,4.382027,1.08619,0,,,1,0
"2020-03-06","IRN","Razavi Khorasan",1,1,1,1,1,0,0,0,80,140,6434501,06mar2020,5,3,2020,6,"Razavi Khorasan",0,4.382027,0,0,,,1,0
"2020-03-07","IRN","Razavi Khorasan",1,1,1,1,1,0,0,0,126,186,6434501,07mar2020,6,3,2020,7,"Razavi Khorasan",0,4.836282,.4542551,0,,,1,0
"2020-03-08","IRN","Razavi Khorasan",1,1,1,1,1,0,0,0,145,205,6434501,08mar2020,0,3,2020,8,"Razavi Khorasan",0,4.976734,.1404519,0,,,1,0
"2020-03-09","IRN","Razavi Khorasan",1,1,1,1,1,0,0,0,174,234,6434501,09mar2020,1,3,2020,9,"Razavi Khorasan",0,5.159055,.1823215,0,,,1,0
"2020-03-10","IRN","Razavi Khorasan",1,1,1,1,1,0,0,0,213,273,6434501,10mar2020,2,3,2020,10,"Razavi Khorasan",0,5.361292,.2022371,0,,,1,0
"2020-03-11","IRN","Razavi Khorasan",1,1,1,1,1,0,0,0,247,307,6434501,11mar2020,3,3,2020,11,"Razavi Khorasan",0,5.509388,.1480961,0,,,1,0
"2020-03-12","IRN","Razavi Khorasan",1,1,1,1,1,0,0,0,276,336,6434501,12mar2020,4,3,2020,12,"Razavi Khorasan",0,5.620401,.1110125,0,,,1,0
"2020-03-13","IRN","Razavi Khorasan",1,1,1,1,1,1,1,0,386,446,6434501,13mar2020,5,3,2020,13,"Razavi Khorasan",0,5.955837,.3354363,1,,,1,1
"2020-03-14","IRN","Razavi Khorasan",1,1,1,1,1,1,1,0,416,476,6434501,14mar2020,6,3,2020,14,"Razavi Khorasan",0,6.030685,.0748482,0,,,1,1
"2020-03-15","IRN","Razavi Khorasan",1,1,1,1,1,1,1,0,559,619,6434501,15mar2020,0,3,2020,15,"Razavi Khorasan",0,6.326149,.295464,0,,,1,1
"2020-03-16","IRN","Razavi Khorasan",1,1,1,1,1,1,1,0,559,619,6434501,16mar2020,1,3,2020,16,"Razavi Khorasan",0,6.326149,0,0,,,1,1
"2020-03-17","IRN","Razavi Khorasan",1,1,1,1,1,1,1,0,622,682,6434501,17mar2020,2,3,2020,17,"Razavi Khorasan",0,6.43294,.1067905,0,,,1,1
"2020-03-18","IRN","Razavi Khorasan",1,1,1,1,1,1,1,0,652,712,6434501,18mar2020,3,3,2020,18,"Razavi Khorasan",0,6.480044,.0471044,0,,,1,1
"2020-03-19","IRN","Razavi Khorasan",1,1,1,1,1,1,1,0,702,762,6434501,19mar2020,4,3,2020,19,"Razavi Khorasan",0,6.553934,.0738893,0,,,1,1
"2020-03-20","IRN","Razavi Khorasan",1,1,1,1,1,1,1,0,750,810,6434501,20mar2020,5,3,2020,20,"Razavi Khorasan",0,6.620073,.0661397,0,,,1,1
"2020-03-21","IRN","Razavi Khorasan",1,1,1,1,1,1,1,0,807,867,6434501,21mar2020,6,3,2020,21,"Razavi Khorasan",0,6.693324,.0732503,0,,,1,1
"2020-03-22","IRN","Razavi Khorasan",1,1,1,1,1,1,1,0,849,909,6434501,22mar2020,0,3,2020,22,"Razavi Khorasan",0,6.744059,.0507355,0,,,1,1
"2020-02-27","IRN","Semnan",1,0,1,1,0,0,0,0,,4,702360,27feb2020,4,2,2020,27,"Semnan",0,,,0,.1647312,,.3333333,0
"2020-02-28","IRN","Semnan",1,0,1,1,0,0,0,0,,6,702360,28feb2020,5,2,2020,28,"Semnan",0,,,0,.1647312,,.3333333,0
"2020-02-29","IRN","Semnan",1,0,1,1,0,0,0,0,10,10,702360,29feb2020,6,2,2020,29,"Semnan",0,2.302585,,0,.1647312,,.3333333,0
"2020-03-01","IRN","Semnan",1,1,1,1,0,0,0,0,13,13,702360,01mar2020,0,3,2020,1,"Semnan",0,2.564949,.2623641,0,,,.6666667,0
"2020-03-02","IRN","Semnan",1,1,1,1,0,0,0,0,,17,702360,02mar2020,1,3,2020,2,"Semnan",0,,,0,.1647312,,.6666667,0
"2020-03-03","IRN","Semnan",1,1,1,1,1,0,0,0,,23,702360,03mar2020,2,3,2020,3,"Semnan",0,,,0,.1647312,,1,0
"2020-03-04","IRN","Semnan",1,1,1,1,1,0,0,0,21,31,702360,04mar2020,3,3,2020,4,"Semnan",0,3.044523,,0,.1647312,,1,0
"2020-03-05","IRN","Semnan",1,1,1,1,1,0,0,0,43,53,702360,05mar2020,4,3,2020,5,"Semnan",0,3.7612,.7166777,0,,,1,0
"2020-03-06","IRN","Semnan",1,1,1,1,1,0,0,0,97,107,702360,06mar2020,5,3,2020,6,"Semnan",0,4.574711,.8135107,0,,,1,0
"2020-03-07","IRN","Semnan",1,1,1,1,1,0,0,0,121,131,702360,07mar2020,6,3,2020,7,"Semnan",0,4.795791,.2210798,0,,,1,0
"2020-03-08","IRN","Semnan",1,1,1,1,1,0,0,0,158,168,702360,08mar2020,0,3,2020,8,"Semnan",0,5.062595,.2668042,0,,,1,0
"2020-03-09","IRN","Semnan",1,1,1,1,1,0,0,0,203,213,702360,09mar2020,1,3,2020,9,"Semnan",0,5.313206,.2506113,0,,,1,0
"2020-03-10","IRN","Semnan",1,1,1,1,1,0,0,0,204,214,702360,10mar2020,2,3,2020,10,"Semnan",0,5.31812,.0049138,0,,,1,0
"2020-03-11","IRN","Semnan",1,1,1,1,1,0,0,0,267,277,702360,11mar2020,3,3,2020,11,"Semnan",0,5.587249,.2691288,0,,,1,0
"2020-03-12","IRN","Semnan",1,1,1,1,1,0,0,0,307,317,702360,12mar2020,4,3,2020,12,"Semnan",0,5.726848,.1395988,0,,,1,0
"2020-03-13","IRN","Semnan",1,1,1,1,1,1,1,0,345,355,702360,13mar2020,5,3,2020,13,"Semnan",0,5.843544,.1166968,1,,,1,1
"2020-03-14","IRN","Semnan",1,1,1,1,1,1,1,0,392,402,702360,14mar2020,6,3,2020,14,"Semnan",0,5.971262,.1277175,0,,,1,1
"2020-03-15","IRN","Semnan",1,1,1,1,1,1,1,0,433,443,702360,15mar2020,0,3,2020,15,"Semnan",0,6.070738,.0994759,0,,,1,1
"2020-03-16","IRN","Semnan",1,1,1,1,1,1,1,0,467,477,702360,16mar2020,1,3,2020,16,"Semnan",0,6.146329,.0755916,0,,,1,1
"2020-03-17","IRN","Semnan",1,1,1,1,1,1,1,0,500,510,702360,17mar2020,2,3,2020,17,"Semnan",0,6.214608,.0682788,0,,,1,1
"2020-03-18","IRN","Semnan",1,1,1,1,1,1,1,0,560,570,702360,18mar2020,3,3,2020,18,"Semnan",0,6.327937,.1133285,0,,,1,1
"2020-03-19","IRN","Semnan",1,1,1,1,1,1,1,0,576,586,702360,19mar2020,4,3,2020,19,"Semnan",0,6.356108,.0281711,0,,,1,1
"2020-03-20","IRN","Semnan",1,1,1,1,1,1,1,0,628,638,702360,20mar2020,5,3,2020,20,"Semnan",0,6.44254,.0864325,0,,,1,1
"2020-03-21","IRN","Semnan",1,1,1,1,1,1,1,0,628,638,702360,21mar2020,6,3,2020,21,"Semnan",0,6.44254,0,0,,,1,1
"2020-03-22","IRN","Semnan",1,1,1,1,1,1,1,0,628,638,702360,22mar2020,0,3,2020,22,"Semnan",0,6.44254,0,0,,,1,1
"2020-02-27","IRN","Sistan and Baluchestan",0,0,1,1,0,0,0,0,,2,2775014,27feb2020,4,2,2020,27,"Sistan and Baluchestan",0,,,0,.1647312,,0,0
"2020-02-28","IRN","Sistan and Baluchestan",0,0,1,1,0,0,0,0,,2,2775014,28feb2020,5,2,2020,28,"Sistan and Baluchestan",0,,,0,.1647312,,0,0
"2020-02-29","IRN","Sistan and Baluchestan",0,0,1,1,0,0,0,0,,3,2775014,29feb2020,6,2,2020,29,"Sistan and Baluchestan",0,,,0,.1647312,,0,0
"2020-03-01","IRN","Sistan and Baluchestan",0,1,1,1,0,0,0,0,,5,2775014,01mar2020,0,3,2020,1,"Sistan and Baluchestan",0,,,0,.1647312,,.3333333,0
"2020-03-02","IRN","Sistan and Baluchestan",0,1,1,1,0,0,0,0,,8,2775014,02mar2020,1,3,2020,2,"Sistan and Baluchestan",0,,,0,.1647312,,.3333333,0
"2020-03-03","IRN","Sistan and Baluchestan",0,1,1,1,1,0,0,0,,12,2775014,03mar2020,2,3,2020,3,"Sistan and Baluchestan",0,,,0,.1647312,,.6666667,0
"2020-03-04","IRN","Sistan and Baluchestan",0,1,1,1,1,0,0,0,13,20,2775014,04mar2020,3,3,2020,4,"Sistan and Baluchestan",0,2.564949,,0,.1647312,,.6666667,0
"2020-03-05","IRN","Sistan and Baluchestan",1,1,1,1,1,0,0,0,18,25,2775014,05mar2020,4,3,2020,5,"Sistan and Baluchestan",0,2.890372,.3254225,0,,,1,0
"2020-03-06","IRN","Sistan and Baluchestan",1,1,1,1,1,0,0,0,20,27,2775014,06mar2020,5,3,2020,6,"Sistan and Baluchestan",0,2.995732,.1053605,0,,,1,0
"2020-03-07","IRN","Sistan and Baluchestan",1,1,1,1,1,0,0,0,33,40,2775014,07mar2020,6,3,2020,7,"Sistan and Baluchestan",0,3.496508,.5007753,0,,,1,0
"2020-03-08","IRN","Sistan and Baluchestan",1,1,1,1,1,0,0,0,33,40,2775014,08mar2020,0,3,2020,8,"Sistan and Baluchestan",0,3.496508,0,0,,,1,0
"2020-03-09","IRN","Sistan and Baluchestan",1,1,1,1,1,0,0,0,33,40,2775014,09mar2020,1,3,2020,9,"Sistan and Baluchestan",0,3.496508,0,0,,,1,0
"2020-03-10","IRN","Sistan and Baluchestan",1,1,1,1,1,0,0,0,39,46,2775014,10mar2020,2,3,2020,10,"Sistan and Baluchestan",0,3.663562,.1670539,0,,,1,0
"2020-03-11","IRN","Sistan and Baluchestan",1,1,1,1,1,0,0,0,43,50,2775014,11mar2020,3,3,2020,11,"Sistan and Baluchestan",0,3.7612,.0976386,0,,,1,0
"2020-03-12","IRN","Sistan and Baluchestan",1,1,1,1,1,0,0,0,49,56,2775014,12mar2020,4,3,2020,12,"Sistan and Baluchestan",0,3.89182,.13062,0,,,1,0
"2020-03-13","IRN","Sistan and Baluchestan",1,1,1,1,1,1,1,0,51,58,2775014,13mar2020,5,3,2020,13,"Sistan and Baluchestan",0,3.931826,.0400054,1,,,1,1
"2020-03-14","IRN","Sistan and Baluchestan",1,1,1,1,1,1,1,0,53,60,2775014,14mar2020,6,3,2020,14,"Sistan and Baluchestan",0,3.970292,.0384662,0,,,1,1
"2020-03-15","IRN","Sistan and Baluchestan",1,1,1,1,1,1,1,0,59,66,2775014,15mar2020,0,3,2020,15,"Sistan and Baluchestan",0,4.077538,.1072457,0,,,1,1
"2020-03-16","IRN","Sistan and Baluchestan",1,1,1,1,1,1,1,0,70,77,2775014,16mar2020,1,3,2020,16,"Sistan and Baluchestan",0,4.248495,.1709576,0,,,1,1
"2020-03-17","IRN","Sistan and Baluchestan",1,1,1,1,1,1,1,0,81,88,2775014,17mar2020,2,3,2020,17,"Sistan and Baluchestan",0,4.394449,.1459541,0,,,1,1
"2020-03-18","IRN","Sistan and Baluchestan",1,1,1,1,1,1,1,0,87,94,2775014,18mar2020,3,3,2020,18,"Sistan and Baluchestan",0,4.465908,.0714588,0,,,1,1
"2020-03-19","IRN","Sistan and Baluchestan",1,1,1,1,1,1,1,0,105,112,2775014,19mar2020,4,3,2020,19,"Sistan and Baluchestan",0,4.65396,.1880522,0,,,1,1
"2020-03-20","IRN","Sistan and Baluchestan",1,1,1,1,1,1,1,0,113,120,2775014,20mar2020,5,3,2020,20,"Sistan and Baluchestan",0,4.727388,.0734277,0,,,1,1
"2020-03-21","IRN","Sistan and Baluchestan",1,1,1,1,1,1,1,0,118,125,2775014,21mar2020,6,3,2020,21,"Sistan and Baluchestan",0,4.770685,.0432968,0,,,1,1
"2020-03-22","IRN","Sistan and Baluchestan",1,1,1,1,1,1,1,0,133,140,2775014,22mar2020,0,3,2020,22,"Sistan and Baluchestan",0,4.890349,.1196642,0,,,1,1
"2020-02-27","IRN","South Khorasan",0,0,1,1,0,0,0,0,,0,768898,27feb2020,4,2,2020,27,"South Khorasan",0,,,0,.1647312,,0,0
"2020-02-28","IRN","South Khorasan",0,0,1,1,0,0,0,0,,0,768898,28feb2020,5,2,2020,28,"South Khorasan",0,,,0,.1647312,,0,0
"2020-02-29","IRN","South Khorasan",0,0,1,1,0,0,0,0,,1,768898,29feb2020,6,2,2020,29,"South Khorasan",0,,,0,.1647312,,0,0
"2020-03-01","IRN","South Khorasan",0,1,1,1,0,0,0,0,,3,768898,01mar2020,0,3,2020,1,"South Khorasan",0,,,0,.1647312,,.3333333,0
"2020-03-02","IRN","South Khorasan",0,1,1,1,0,0,0,0,,6,768898,02mar2020,1,3,2020,2,"South Khorasan",0,,,0,.1647312,,.3333333,0
"2020-03-03","IRN","South Khorasan",0,1,1,1,1,0,0,0,,10,768898,03mar2020,2,3,2020,3,"South Khorasan",0,,,0,.1647312,,.6666667,0
"2020-03-04","IRN","South Khorasan",0,1,1,1,1,0,0,0,,10,768898,04mar2020,3,3,2020,4,"South Khorasan",0,,,0,.1647312,,.6666667,0
"2020-03-05","IRN","South Khorasan",1,1,1,1,1,0,0,0,12,19,768898,05mar2020,4,3,2020,5,"South Khorasan",0,2.484907,,0,.1647312,,1,0
"2020-03-06","IRN","South Khorasan",1,1,1,1,1,0,0,0,15,22,768898,06mar2020,5,3,2020,6,"South Khorasan",0,2.70805,.2231436,0,,,1,0
"2020-03-07","IRN","South Khorasan",1,1,1,1,1,0,0,0,15,22,768898,07mar2020,6,3,2020,7,"South Khorasan",0,2.70805,0,0,,,1,0
"2020-03-08","IRN","South Khorasan",1,1,1,1,1,0,0,0,,30,768898,08mar2020,0,3,2020,8,"South Khorasan",0,,,0,.1647312,,1,0
"2020-03-09","IRN","South Khorasan",1,1,1,1,1,0,0,0,34,41,768898,09mar2020,1,3,2020,9,"South Khorasan",0,3.526361,,0,.1647312,,1,0
"2020-03-10","IRN","South Khorasan",1,1,1,1,1,0,0,0,48,55,768898,10mar2020,2,3,2020,10,"South Khorasan",0,3.871201,.3448405,0,,,1,0
"2020-03-11","IRN","South Khorasan",1,1,1,1,1,0,0,0,63,70,768898,11mar2020,3,3,2020,11,"South Khorasan",0,4.143135,.2719336,0,,,1,0
"2020-03-12","IRN","South Khorasan",1,1,1,1,1,0,0,0,75,82,768898,12mar2020,4,3,2020,12,"South Khorasan",0,4.317488,.1743536,0,,,1,0
"2020-03-13","IRN","South Khorasan",1,1,1,1,1,1,1,0,75,82,768898,13mar2020,5,3,2020,13,"South Khorasan",0,4.317488,0,1,,,1,1
"2020-03-14","IRN","South Khorasan",1,1,1,1,1,1,1,0,79,86,768898,14mar2020,6,3,2020,14,"South Khorasan",0,4.369448,.0519595,0,,,1,1
"2020-03-15","IRN","South Khorasan",1,1,1,1,1,1,1,0,97,104,768898,15mar2020,0,3,2020,15,"South Khorasan",0,4.574711,.2052631,0,,,1,1
"2020-03-16","IRN","South Khorasan",1,1,1,1,1,1,1,0,104,111,768898,16mar2020,1,3,2020,16,"South Khorasan",0,4.644391,.0696802,0,,,1,1
"2020-03-17","IRN","South Khorasan",1,1,1,1,1,1,1,0,116,123,768898,17mar2020,2,3,2020,17,"South Khorasan",0,4.75359,.109199,0,,,1,1
"2020-03-18","IRN","South Khorasan",1,1,1,1,1,1,1,0,137,144,768898,18mar2020,3,3,2020,18,"South Khorasan",0,4.919981,.1663909,0,,,1,1
"2020-03-19","IRN","South Khorasan",1,1,1,1,1,1,1,0,142,149,768898,19mar2020,4,3,2020,19,"South Khorasan",0,4.955827,.0358462,0,,,1,1
"2020-03-20","IRN","South Khorasan",1,1,1,1,1,1,1,0,160,167,768898,20mar2020,5,3,2020,20,"South Khorasan",0,5.075174,.1193466,0,,,1,1
"2020-03-21","IRN","South Khorasan",1,1,1,1,1,1,1,0,160,167,768898,21mar2020,6,3,2020,21,"South Khorasan",0,5.075174,0,0,,,1,1
"2020-03-22","IRN","South Khorasan",1,1,1,1,1,1,1,0,175,182,768898,22mar2020,0,3,2020,22,"South Khorasan",0,5.164786,.089612,0,,,1,1
"2020-02-27","IRN","Tehran",1,0,1,1,0,0,0,0,63,63,13267637,27feb2020,4,2,2020,27,"Tehran",1,4.143135,,0,.1647312,,.3333333,0
"2020-02-28","IRN","Tehran",1,0,1,1,0,0,0,0,127,127,13267637,28feb2020,5,2,2020,28,"Tehran",1,4.844187,.7010527,0,.1647312,.5540045,.3333333,0
"2020-02-29","IRN","Tehran",1,0,1,1,0,0,0,0,179,179,13267637,29feb2020,6,2,2020,29,"Tehran",1,5.187386,.3431988,0,.1647312,.3516462,.3333333,0
"2020-03-01","IRN","Tehran",1,1,1,1,0,0,0,0,349,349,13267637,01mar2020,0,3,2020,1,"Tehran",1,5.855072,.667686,0,.1647312,.4554691,.6666667,0
"2020-03-02","IRN","Tehran",1,1,1,1,0,0,0,0,,579,13267637,02mar2020,1,3,2020,2,"Tehran",1,,,0,.1647312,,.6666667,0
"2020-03-03","IRN","Tehran",1,1,1,1,1,0,0,0,,947,13267637,03mar2020,2,3,2020,3,"Tehran",1,,,0,.1647312,,1,0
"2020-03-04","IRN","Tehran",1,1,1,1,1,0,0,0,602,1200,13267637,04mar2020,3,3,2020,4,"Tehran",1,6.400258,,0,.1647312,,1,0
"2020-03-05","IRN","Tehran",1,1,1,1,1,0,0,0,658,1256,13267637,05mar2020,4,3,2020,5,"Tehran",1,6.489205,.0889473,0,.1647312,.4373982,1,0
"2020-03-06","IRN","Tehran",1,1,1,1,1,0,0,0,719,1317,13267637,06mar2020,5,3,2020,6,"Tehran",1,6.577861,.0886564,0,.1647312,.5034439,1,0
"2020-03-07","IRN","Tehran",1,1,1,1,1,0,0,0,845,1443,13267637,07mar2020,6,3,2020,7,"Tehran",1,6.739336,.1614752,0,.1647312,.2434481,1,0
"2020-03-08","IRN","Tehran",1,1,1,1,1,0,0,0,1111,1709,13267637,08mar2020,0,3,2020,8,"Tehran",1,7.013016,.2736793,0,.1647312,.1723161,1,0
"2020-03-09","IRN","Tehran",1,1,1,1,1,0,0,0,1251,1849,13267637,09mar2020,1,3,2020,9,"Tehran",1,7.131699,.1186829,0,.1647312,.1926829,1,0
"2020-03-10","IRN","Tehran",1,1,1,1,1,0,0,0,1420,2018,13267637,10mar2020,2,3,2020,10,"Tehran",1,7.258412,.1267138,0,.1647312,.1938481,1,0
"2020-03-11","IRN","Tehran",1,1,1,1,1,0,0,0,1676,2274,13267637,11mar2020,3,3,2020,11,"Tehran",1,7.424165,.1657529,0,.1647312,.1406783,1,0
"2020-03-12","IRN","Tehran",1,1,1,1,1,0,0,0,1979,2577,13267637,12mar2020,4,3,2020,12,"Tehran",1,7.590347,.1661816,0,.1647312,.1615307,1,0
"2020-03-13","IRN","Tehran",1,1,1,1,1,1,1,0,2282,2880,13267637,13mar2020,5,3,2020,13,"Tehran",1,7.732808,.1424608,1,.1647312,.1202455,1,1
"2020-03-14","IRN","Tehran",1,1,1,1,1,1,1,0,2629,3227,13267637,14mar2020,6,3,2020,14,"Tehran",1,7.874359,.141551,0,.1647312,.1143258,1,1
"2020-03-15","IRN","Tehran",1,1,1,1,1,1,1,0,2880,3478,13267637,15mar2020,0,3,2020,15,"Tehran",1,7.965546,.091187,0,.1647312,.1123673,1,1
"2020-03-16","IRN","Tehran",1,1,1,1,1,1,1,0,3080,3678,13267637,16mar2020,1,3,2020,16,"Tehran",1,8.032685,.0671396,0,.1647312,.1200302,1,1
"2020-03-17","IRN","Tehran",1,1,1,1,1,1,1,0,3353,3951,13267637,17mar2020,2,3,2020,17,"Tehran",1,8.117611,.0849257,0,.1647312,.0871563,1,1
"2020-03-18","IRN","Tehran",1,1,1,1,1,1,1,0,3566,4164,13267637,18mar2020,3,3,2020,18,"Tehran",1,8.1792,.0615892,0,.1647312,.0953053,1,1
"2020-03-19","IRN","Tehran",1,1,1,1,1,1,1,0,3703,4301,13267637,19mar2020,4,3,2020,19,"Tehran",1,8.216899,.0376987,0,.1647312,.0862323,1,1
"2020-03-20","IRN","Tehran",1,1,1,1,1,1,1,0,3923,4521,13267637,20mar2020,5,3,2020,20,"Tehran",1,8.274611,.0577126,0,.1647312,.0766361,1,1
"2020-03-21","IRN","Tehran",1,1,1,1,1,1,1,0,4155,4753,13267637,21mar2020,6,3,2020,21,"Tehran",1,8.332067,.057456,0,.1647312,.0528173,1,1
"2020-03-22","IRN","Tehran",1,1,1,1,1,1,1,0,4404,5002,13267637,22mar2020,0,3,2020,22,"Tehran",1,8.390268,.0582008,0,.1647312,.0569604,1,1
"2020-02-27","IRN","West Azarbaijan",0,0,1,1,0,0,0,0,,1,3265219,27feb2020,4,2,2020,27,"West Azarbaijan",0,,,0,.1647312,,0,0
"2020-02-28","IRN","West Azarbaijan",0,0,1,1,0,0,0,0,,1,3265219,28feb2020,5,2,2020,28,"West Azarbaijan",0,,,0,.1647312,,0,0
"2020-02-29","IRN","West Azarbaijan",0,0,1,1,0,0,0,0,,1,3265219,29feb2020,6,2,2020,29,"West Azarbaijan",0,,,0,.1647312,,0,0
"2020-03-01","IRN","West Azarbaijan",0,1,1,1,0,0,0,0,,1,3265219,01mar2020,0,3,2020,1,"West Azarbaijan",0,,,0,.1647312,,.3333333,0
"2020-03-02","IRN","West Azarbaijan",0,1,1,1,0,0,0,0,,1,3265219,02mar2020,1,3,2020,2,"West Azarbaijan",0,,,0,.1647312,,.3333333,0
"2020-03-03","IRN","West Azarbaijan",0,1,1,1,1,0,0,0,,1,3265219,03mar2020,2,3,2020,3,"West Azarbaijan",0,,,0,.1647312,,.6666667,0
"2020-03-04","IRN","West Azarbaijan",0,1,1,1,1,0,0,0,,1,3265219,04mar2020,3,3,2020,4,"West Azarbaijan",0,,,0,.1647312,,.6666667,0
"2020-03-05","IRN","West Azarbaijan",1,1,1,1,1,0,0,0,,6,3265219,05mar2020,4,3,2020,5,"West Azarbaijan",0,,,0,.1647312,,1,0
"2020-03-06","IRN","West Azarbaijan",1,1,1,1,1,0,0,0,,7,3265219,06mar2020,5,3,2020,6,"West Azarbaijan",0,,,0,.1647312,,1,0
"2020-03-07","IRN","West Azarbaijan",1,1,1,1,1,0,0,0,29,29,3265219,07mar2020,6,3,2020,7,"West Azarbaijan",0,3.367296,,0,.1647312,,1,0
"2020-03-08","IRN","West Azarbaijan",1,1,1,1,1,0,0,0,36,36,3265219,08mar2020,0,3,2020,8,"West Azarbaijan",0,3.583519,.2162232,0,,,1,0
"2020-03-09","IRN","West Azarbaijan",1,1,1,1,1,0,0,0,65,65,3265219,09mar2020,1,3,2020,9,"West Azarbaijan",0,4.174387,.5908685,0,,,1,0
"2020-03-10","IRN","West Azarbaijan",1,1,1,1,1,0,0,0,69,69,3265219,10mar2020,2,3,2020,10,"West Azarbaijan",0,4.234107,.0597191,0,,,1,0
"2020-03-11","IRN","West Azarbaijan",1,1,1,1,1,0,0,0,96,96,3265219,11mar2020,3,3,2020,11,"West Azarbaijan",0,4.564348,.3302417,0,,,1,0
"2020-03-12","IRN","West Azarbaijan",1,1,1,1,1,0,0,0,115,115,3265219,12mar2020,4,3,2020,12,"West Azarbaijan",0,4.744932,.180584,0,,,1,0
"2020-03-13","IRN","West Azarbaijan",1,1,1,1,1,1,1,0,140,140,3265219,13mar2020,5,3,2020,13,"West Azarbaijan",0,4.941642,.1967101,1,,,1,1
"2020-03-14","IRN","West Azarbaijan",1,1,1,1,1,1,1,0,171,171,3265219,14mar2020,6,3,2020,14,"West Azarbaijan",0,5.141664,.2000213,0,,,1,1
"2020-03-15","IRN","West Azarbaijan",1,1,1,1,1,1,1,0,189,189,3265219,15mar2020,0,3,2020,15,"West Azarbaijan",0,5.241747,.1000834,0,,,1,1
"2020-03-16","IRN","West Azarbaijan",1,1,1,1,1,1,1,0,220,220,3265219,16mar2020,1,3,2020,16,"West Azarbaijan",0,5.393628,.1518807,0,,,1,1
"2020-03-17","IRN","West Azarbaijan",1,1,1,1,1,1,1,0,254,254,3265219,17mar2020,2,3,2020,17,"West Azarbaijan",0,5.537334,.1437068,0,,,1,1
"2020-03-18","IRN","West Azarbaijan",1,1,1,1,1,1,1,0,296,296,3265219,18mar2020,3,3,2020,18,"West Azarbaijan",0,5.69036,.1530252,0,,,1,1
"2020-03-19","IRN","West Azarbaijan",1,1,1,1,1,1,1,0,322,322,3265219,19mar2020,4,3,2020,19,"West Azarbaijan",0,5.774551,.0841918,0,,,1,1
"2020-03-20","IRN","West Azarbaijan",1,1,1,1,1,1,1,0,349,349,3265219,20mar2020,5,3,2020,20,"West Azarbaijan",0,5.855072,.0805206,0,,,1,1
"2020-03-21","IRN","West Azarbaijan",1,1,1,1,1,1,1,0,363,363,3265219,21mar2020,6,3,2020,21,"West Azarbaijan",0,5.894403,.039331,0,,,1,1
"2020-03-22","IRN","West Azarbaijan",1,1,1,1,1,1,1,0,391,391,3265219,22mar2020,0,3,2020,22,"West Azarbaijan",0,5.968708,.0743046,0,,,1,1
"2020-02-27","IRN","Yazd",0,0,1,1,0,0,0,0,,1,1138533,27feb2020,4,2,2020,27,"Yazd",0,,,0,.1647312,,0,0
"2020-02-28","IRN","Yazd",0,0,1,1,0,0,0,0,,1,1138533,28feb2020,5,2,2020,28,"Yazd",0,,,0,.1647312,,0,0
"2020-02-29","IRN","Yazd",0,0,1,1,0,0,0,0,,5,1138533,29feb2020,6,2,2020,29,"Yazd",0,,,0,.1647312,,0,0
"2020-03-01","IRN","Yazd",0,1,1,1,0,0,0,0,,5,1138533,01mar2020,0,3,2020,1,"Yazd",0,,,0,.1647312,,.3333333,0
"2020-03-02","IRN","Yazd",0,1,1,1,0,0,0,0,,5,1138533,02mar2020,1,3,2020,2,"Yazd",0,,,0,.1647312,,.3333333,0
"2020-03-03","IRN","Yazd",0,1,1,1,1,0,0,0,,5,1138533,03mar2020,2,3,2020,3,"Yazd",0,,,0,.1647312,,.6666667,0
"2020-03-04","IRN","Yazd",0,1,1,1,1,0,0,0,,5,1138533,04mar2020,3,3,2020,4,"Yazd",0,,,0,.1647312,,.6666667,0
"2020-03-05","IRN","Yazd",1,1,1,1,1,0,0,0,,5,1138533,05mar2020,4,3,2020,5,"Yazd",0,,,0,.1647312,,1,0
"2020-03-06","IRN","Yazd",1,1,1,1,1,0,0,0,55,55,1138533,06mar2020,5,3,2020,6,"Yazd",0,4.007333,,0,.1647312,,1,0
"2020-03-07","IRN","Yazd",1,1,1,1,1,0,0,0,79,79,1138533,07mar2020,6,3,2020,7,"Yazd",0,4.369448,.3621144,0,,,1,0
"2020-03-08","IRN","Yazd",1,1,1,1,1,0,0,0,85,85,1138533,08mar2020,0,3,2020,8,"Yazd",0,4.442651,.0732036,0,,,1,0
"2020-03-09","IRN","Yazd",1,1,1,1,1,0,0,0,88,88,1138533,09mar2020,1,3,2020,9,"Yazd",0,4.477337,.0346856,0,,,1,0
"2020-03-10","IRN","Yazd",1,1,1,1,1,0,0,0,125,125,1138533,10mar2020,2,3,2020,10,"Yazd",0,4.828314,.3509769,0,,,1,0
"2020-03-11","IRN","Yazd",1,1,1,1,1,0,0,0,148,148,1138533,11mar2020,3,3,2020,11,"Yazd",0,4.997212,.1688986,0,,,1,0
"2020-03-12","IRN","Yazd",1,1,1,1,1,0,0,0,169,169,1138533,12mar2020,4,3,2020,12,"Yazd",0,5.129899,.1326861,0,,,1,0
"2020-03-13","IRN","Yazd",1,1,1,1,1,1,1,0,215,215,1138533,13mar2020,5,3,2020,13,"Yazd",0,5.370638,.2407393,1,,,1,1
"2020-03-14","IRN","Yazd",1,1,1,1,1,1,1,0,288,288,1138533,14mar2020,6,3,2020,14,"Yazd",0,5.662961,.2923226,0,,,1,1
"2020-03-15","IRN","Yazd",1,1,1,1,1,1,1,0,324,324,1138533,15mar2020,0,3,2020,15,"Yazd",0,5.780744,.1177831,0,,,1,1
"2020-03-16","IRN","Yazd",1,1,1,1,1,1,1,0,375,375,1138533,16mar2020,1,3,2020,16,"Yazd",0,5.926926,.1461825,0,,,1,1
"2020-03-17","IRN","Yazd",1,1,1,1,1,1,1,0,424,424,1138533,17mar2020,2,3,2020,17,"Yazd",0,6.049734,.1228075,0,,,1,1
"2020-03-18","IRN","Yazd",1,1,1,1,1,1,1,0,469,469,1138533,18mar2020,3,3,2020,18,"Yazd",0,6.150603,.1008692,0,,,1,1
"2020-03-19","IRN","Yazd",1,1,1,1,1,1,1,0,538,538,1138533,19mar2020,4,3,2020,19,"Yazd",0,6.287858,.1372557,0,,,1,1
"2020-03-20","IRN","Yazd",1,1,1,1,1,1,1,0,587,587,1138533,20mar2020,5,3,2020,20,"Yazd",0,6.375025,.0871663,0,,,1,1
"2020-03-21","IRN","Yazd",1,1,1,1,1,1,1,0,639,639,1138533,21mar2020,6,3,2020,21,"Yazd",0,6.459905,.0848799,0,,,1,1
"2020-03-22","IRN","Yazd",1,1,1,1,1,1,1,0,723,723,1138533,22mar2020,0,3,2020,22,"Yazd",0,6.583409,.1235046,0,,,1,1
"2020-02-27","IRN","Zanjan",1,0,1,1,0,0,0,0,,0,1057461,27feb2020,4,2,2020,27,"Zanjan",0,,,0,.1647312,,.3333333,0
"2020-02-28","IRN","Zanjan",1,0,1,1,0,0,0,0,,0,1057461,28feb2020,5,2,2020,28,"Zanjan",0,,,0,.1647312,,.3333333,0
"2020-02-29","IRN","Zanjan",1,0,1,1,0,0,0,0,,0,1057461,29feb2020,6,2,2020,29,"Zanjan",0,,,0,.1647312,,.3333333,0
"2020-03-01","IRN","Zanjan",1,1,1,1,0,0,0,0,,0,1057461,01mar2020,0,3,2020,1,"Zanjan",0,,,0,.1647312,,.6666667,0
"2020-03-02","IRN","Zanjan",1,1,1,1,0,0,0,0,,0,1057461,02mar2020,1,3,2020,2,"Zanjan",0,,,0,.1647312,,.6666667,0
"2020-03-03","IRN","Zanjan",1,1,1,1,1,0,0,0,,0,1057461,03mar2020,2,3,2020,3,"Zanjan",0,,,0,.1647312,,1,0
"2020-03-04","IRN","Zanjan",1,1,1,1,1,0,0,0,,6,1057461,04mar2020,3,3,2020,4,"Zanjan",0,,,0,.1647312,,1,0
"2020-03-05","IRN","Zanjan",1,1,1,1,1,0,0,0,13,13,1057461,05mar2020,4,3,2020,5,"Zanjan",0,2.564949,,0,.1647312,,1,0
"2020-03-06","IRN","Zanjan",1,1,1,1,1,0,0,0,48,48,1057461,06mar2020,5,3,2020,6,"Zanjan",0,3.871201,1.306252,0,,,1,0
"2020-03-07","IRN","Zanjan",1,1,1,1,1,0,0,0,50,50,1057461,07mar2020,6,3,2020,7,"Zanjan",0,3.912023,.040822,0,,,1,0
"2020-03-08","IRN","Zanjan",1,1,1,1,1,0,0,0,51,51,1057461,08mar2020,0,3,2020,8,"Zanjan",0,3.931826,.0198026,0,,,1,0
"2020-03-09","IRN","Zanjan",1,1,1,1,1,0,0,0,66,66,1057461,09mar2020,1,3,2020,9,"Zanjan",0,4.189655,.2578292,0,,,1,0
"2020-03-10","IRN","Zanjan",1,1,1,1,1,0,0,0,77,77,1057461,10mar2020,2,3,2020,10,"Zanjan",0,4.343805,.1541505,0,,,1,0
"2020-03-11","IRN","Zanjan",1,1,1,1,1,0,0,0,99,99,1057461,11mar2020,3,3,2020,11,"Zanjan",0,4.59512,.2513146,0,,,1,0
"2020-03-12","IRN","Zanjan",1,1,1,1,1,0,0,0,116,116,1057461,12mar2020,4,3,2020,12,"Zanjan",0,4.75359,.1584702,0,,,1,0
"2020-03-13","IRN","Zanjan",1,1,1,1,1,1,1,0,136,136,1057461,13mar2020,5,3,2020,13,"Zanjan",0,4.912655,.1590648,1,,,1,1
"2020-03-14","IRN","Zanjan",1,1,1,1,1,1,1,0,167,167,1057461,14mar2020,6,3,2020,14,"Zanjan",0,5.117994,.205339,0,,,1,1
"2020-03-15","IRN","Zanjan",1,1,1,1,1,1,1,0,199,199,1057461,15mar2020,0,3,2020,15,"Zanjan",0,5.293305,.1753111,0,,,1,1
"2020-03-16","IRN","Zanjan",1,1,1,1,1,1,1,0,214,214,1057461,16mar2020,1,3,2020,16,"Zanjan",0,5.365976,.0726709,0,,,1,1
"2020-03-17","IRN","Zanjan",1,1,1,1,1,1,1,0,239,239,1057461,17mar2020,2,3,2020,17,"Zanjan",0,5.476463,.1104875,0,,,1,1
"2020-03-18","IRN","Zanjan",1,1,1,1,1,1,1,0,259,259,1057461,18mar2020,3,3,2020,18,"Zanjan",0,5.556828,.0803647,0,,,1,1
"2020-03-19","IRN","Zanjan",1,1,1,1,1,1,1,0,285,285,1057461,19mar2020,4,3,2020,19,"Zanjan",0,5.652489,.0956612,0,,,1,1
"2020-03-20","IRN","Zanjan",1,1,1,1,1,1,1,0,329,329,1057461,20mar2020,5,3,2020,20,"Zanjan",0,5.796058,.1435685,0,,,1,1
"2020-03-21","IRN","Zanjan",1,1,1,1,1,1,1,0,364,364,1057461,21mar2020,6,3,2020,21,"Zanjan",0,5.897154,.1010962,0,,,1,1
"2020-03-22","IRN","Zanjan",1,1,1,1,1,1,1,0,392,392,1057461,22mar2020,0,3,2020,22,"Zanjan",0,5.971262,.0741081,0,,,1,1
