date,adm0_name,adm1_name,adm_level,cumulative_confirmed_cases,cumulative_tests,cumulative_deaths
2020-04-02,USA,Alaska,1,143.0,5022.0,3.0
2020-04-02,USA,Alabama,1,1233.0,8736.0,32.0
2020-04-02,USA,Arkansas,1,643.0,8523.0,12.0
2020-04-02,USA,American Samoa,1,0.0,20.0,0.0
2020-04-02,USA,Arizona,1,1598.0,22709.0,32.0
2020-04-02,USA,California,1,9191.0,33000.0,203.0
2020-04-02,USA,Colorado,1,3342.0,18645.0,80.0
2020-04-02,USA,Connecticut,1,3824.0,18300.0,112.0
2020-04-02,USA,District of Columbia,1,653.0,5070.0,12.0
2020-04-02,USA,Delaware,1,393.0,4959.0,12.0
2020-04-02,USA,Florida,1,8010.0,77296.0,128.0
2020-04-02,USA,Georgia,1,5348.0,22957.0,163.0
2020-04-02,USA,Guam,1,82.0,524.0,3.0
2020-04-02,USA,Hawaii,1,258.0,10464.0,1.0
2020-04-02,USA,Iowa,1,614.0,8668.0,11.0
2020-04-02,USA,Idaho,1,669.0,7282.0,9.0
2020-04-02,USA,Illinois,1,7695.0,43656.0,157.0
2020-04-02,USA,Indiana,1,3039.0,16285.0,78.0
2020-04-02,USA,Kansas,1,552.0,6611.0,13.0
2020-04-02,USA,Kentucky,1,680.0,7900.0,20.0
2020-04-02,USA,Louisiana,1,9150.0,51086.0,310.0
2020-04-02,USA,Massachusetts,1,8966.0,56608.0,154.0
2020-04-02,USA,Maryland,1,2331.0,21221.0,36.0
2020-04-02,USA,Maine,1,376.0,6464.0,7.0
2020-04-02,USA,Michigan,1,10791.0,22684.0,417.0
2020-04-02,USA,Minnesota,1,742.0,22394.0,18.0
2020-04-02,USA,Missouri,1,1834.0,19683.0,19.0
2020-04-02,USA,Northern Marianas,1,8.0,21.0,1.0
2020-04-02,USA,Mississippi,1,1177.0,5930.0,26.0
2020-04-02,USA,Montana,1,227.0,5320.0,5.0
2020-04-02,USA,North Carolina,1,1857.0,28679.0,16.0
2020-04-02,USA,North Dakota,1,159.0,4980.0,3.0
2020-04-02,USA,Nebraska,1,246.0,4224.0,5.0
2020-04-02,USA,New Hampshire,1,415.0,6493.0,4.0
2020-04-02,USA,New Jersey,1,25590.0,59110.0,537.0
2020-04-02,USA,New Mexico,1,363.0,14011.0,6.0
2020-04-02,USA,Nevada,1,1458.0,14046.0,38.0
2020-04-02,USA,New York,1,92381.0,238965.0,2373.0
2020-04-02,USA,Ohio,1,2902.0,34918.0,81.0
2020-04-02,USA,Oklahoma,1,879.0,2144.0,34.0
2020-04-02,USA,Oregon,1,736.0,14868.0,19.0
2020-04-02,USA,Pennsylvania,1,7016.0,54714.0,90.0
2020-04-02,USA,Puerto Rico,1,316.0,1920.0,12.0
2020-04-02,USA,Rhode Island,1,657.0,5069.0,12.0
2020-04-02,USA,South Carolina,1,1554.0,6995.0,31.0
2020-04-02,USA,South Dakota,1,165.0,4382.0,2.0
2020-04-02,USA,Tennessee,1,2845.0,34611.0,32.0
2020-04-02,USA,Texas,1,4669.0,50679.0,70.0
2020-04-02,USA,Utah,1,1074.0,21065.0,7.0
2020-04-02,USA,Virginia,1,1706.0,17589.0,41.0
2020-04-02,USA,Virgin Islands,1,33.0,182.0,
2020-04-02,USA,Vermont,1,338.0,5049.0,17.0
2020-04-02,USA,Washington,1,5984.0,74798.0,247.0
2020-04-02,USA,Wisconsin,1,1730.0,22047.0,31.0
2020-04-02,USA,West Virginia,1,217.0,5493.0,2.0
2020-04-02,USA,Wyoming,1,150.0,2589.0,0.0
2020-04-01,USA,Alaska,1,133.0,4603.0,3.0
2020-04-01,USA,Alabama,1,1077.0,7774.0,26.0
2020-04-01,USA,Arkansas,1,584.0,7938.0,10.0
2020-04-01,USA,American Samoa,1,0.0,20.0,0.0
2020-04-01,USA,Arizona,1,1413.0,21058.0,29.0
2020-04-01,USA,California,1,8155.0,29927.0,171.0
2020-04-01,USA,Colorado,1,2966.0,16849.0,69.0
2020-04-01,USA,Connecticut,1,3557.0,16600.0,85.0
2020-04-01,USA,District of Columbia,1,586.0,3848.0,11.0
2020-04-01,USA,Delaware,1,368.0,4383.0,11.0
2020-04-01,USA,Florida,1,6955.0,66484.0,87.0
2020-04-01,USA,Georgia,1,4638.0,20326.0,139.0
2020-04-01,USA,Guam,1,77.0,483.0,3.0
2020-04-01,USA,Hawaii,1,208.0,8929.0,1.0
2020-04-01,USA,Iowa,1,549.0,7853.0,9.0
2020-04-01,USA,Idaho,1,525.0,6601.0,9.0
2020-04-01,USA,Illinois,1,6980.0,40384.0,141.0
2020-04-01,USA,Indiana,1,2565.0,14375.0,65.0
2020-04-01,USA,Kansas,1,482.0,5893.0,10.0
2020-04-01,USA,Kentucky,1,591.0,7556.0,17.0
2020-04-01,USA,Louisiana,1,6424.0,45776.0,273.0
2020-04-01,USA,Massachusetts,1,7738.0,51738.0,122.0
2020-04-01,USA,Maryland,1,1985.0,19218.0,31.0
2020-04-01,USA,Maine,1,344.0,6432.0,7.0
2020-04-01,USA,Michigan,1,9334.0,21227.0,337.0
2020-04-01,USA,Minnesota,1,689.0,21191.0,17.0
2020-04-01,USA,Missouri,1,1581.0,17427.0,18.0
2020-04-01,USA,Northern Marianas,1,6.0,,
2020-04-01,USA,Mississippi,1,1073.0,4785.0,22.0
2020-04-01,USA,Montana,1,208.0,4918.0,5.0
2020-04-01,USA,North Carolina,1,1584.0,26243.0,10.0
2020-04-01,USA,North Dakota,1,142.0,4493.0,3.0
2020-04-01,USA,Nebraska,1,210.0,3685.0,4.0
2020-04-01,USA,New Hampshire,1,415.0,6400.0,4.0
2020-04-01,USA,New Jersey,1,22255.0,52642.0,355.0
2020-04-01,USA,New Mexico,1,315.0,13240.0,5.0
2020-04-01,USA,Nevada,1,1279.0,12798.0,26.0
2020-04-01,USA,New York,1,83712.0,220880.0,1941.0
2020-04-01,USA,Ohio,1,2547.0,29539.0,65.0
2020-04-01,USA,Oklahoma,1,719.0,1967.0,30.0
2020-04-01,USA,Oregon,1,690.0,13826.0,18.0
2020-04-01,USA,Pennsylvania,1,5805.0,48232.0,74.0
2020-04-01,USA,Puerto Rico,1,286.0,1695.0,11.0
2020-04-01,USA,Rhode Island,1,566.0,4397.0,10.0
2020-04-01,USA,South Carolina,1,1293.0,6326.0,26.0
2020-04-01,USA,South Dakota,1,129.0,4032.0,2.0
2020-04-01,USA,Tennessee,1,2683.0,32452.0,24.0
2020-04-01,USA,Texas,1,3997.0,47857.0,58.0
2020-04-01,USA,Utah,1,1012.0,21167.0,7.0
2020-04-01,USA,Virginia,1,1484.0,15344.0,34.0
2020-04-01,USA,Virgin Islands,1,30.0,156.0,
2020-04-01,USA,Vermont,1,321.0,4495.0,16.0
2020-04-01,USA,Washington,1,5634.0,66200.0,224.0
2020-04-01,USA,Wisconsin,1,1550.0,20369.0,24.0
2020-04-01,USA,West Virginia,1,191.0,4575.0,1.0
2020-04-01,USA,Wyoming,1,130.0,2348.0,0.0
2020-03-31,USA,Alaska,1,119.0,3713.0,3.0
2020-03-31,USA,Alabama,1,981.0,7279.0,13.0
2020-03-31,USA,Arkansas,1,523.0,6482.0,8.0
2020-03-31,USA,American Samoa,1,,,0.0
2020-03-31,USA,Arizona,1,1289.0,19371.0,24.0
2020-03-31,USA,California,1,7482.0,29254.0,153.0
2020-03-31,USA,Colorado,1,2627.0,15364.0,51.0
2020-03-31,USA,Connecticut,1,3128.0,16157.0,69.0
2020-03-31,USA,District of Columbia,1,495.0,3757.0,9.0
2020-03-31,USA,Delaware,1,319.0,4015.0,10.0
2020-03-31,USA,Florida,1,6338.0,60623.0,77.0
2020-03-31,USA,Georgia,1,3929.0,16181.0,111.0
2020-03-31,USA,Guam,1,69.0,440.0,2.0
2020-03-31,USA,Hawaii,1,204.0,8675.0,0.0
2020-03-31,USA,Iowa,1,497.0,7385.0,7.0
2020-03-31,USA,Idaho,1,415.0,5712.0,7.0
2020-03-31,USA,Illinois,1,5994.0,35225.0,99.0
2020-03-31,USA,Indiana,1,2159.0,13373.0,49.0
2020-03-31,USA,Kansas,1,428.0,5424.0,9.0
2020-03-31,USA,Kentucky,1,480.0,6810.0,11.0
2020-03-31,USA,Louisiana,1,5237.0,38967.0,239.0
2020-03-31,USA,Massachusetts,1,6620.0,46935.0,89.0
2020-03-31,USA,Maryland,1,1660.0,16528.0,18.0
2020-03-31,USA,Maine,1,303.0,6391.0,5.0
2020-03-31,USA,Michigan,1,7615.0,19508.0,259.0
2020-03-31,USA,Minnesota,1,629.0,19780.0,12.0
2020-03-31,USA,Missouri,1,1327.0,15941.0,14.0
2020-03-31,USA,Northern Marianas,1,2.0,,
2020-03-31,USA,Mississippi,1,937.0,4474.0,20.0
2020-03-31,USA,Montana,1,184.0,4418.0,4.0
2020-03-31,USA,North Carolina,1,1498.0,23106.0,8.0
2020-03-31,USA,North Dakota,1,126.0,4257.0,3.0
2020-03-31,USA,Nebraska,1,172.0,3103.0,3.0
2020-03-31,USA,New Hampshire,1,314.0,5727.0,3.0
2020-03-31,USA,New Jersey,1,18696.0,45773.0,267.0
2020-03-31,USA,New Mexico,1,281.0,12527.0,4.0
2020-03-31,USA,Nevada,1,1113.0,11794.0,17.0
2020-03-31,USA,New York,1,75795.0,205186.0,1550.0
2020-03-31,USA,Ohio,1,2199.0,29191.0,55.0
2020-03-31,USA,Oklahoma,1,565.0,1794.0,23.0
2020-03-31,USA,Oregon,1,690.0,13826.0,18.0
2020-03-31,USA,Pennsylvania,1,4843.0,42488.0,63.0
2020-03-31,USA,Puerto Rico,1,239.0,1434.0,8.0
2020-03-31,USA,Rhode Island,1,488.0,3964.0,8.0
2020-03-31,USA,South Carolina,1,1083.0,5699.0,22.0
2020-03-31,USA,South Dakota,1,108.0,3717.0,1.0
2020-03-31,USA,Tennessee,1,2239.0,27360.0,23.0
2020-03-31,USA,Texas,1,3266.0,42992.0,41.0
2020-03-31,USA,Utah,1,887.0,18513.0,5.0
2020-03-31,USA,Virginia,1,1250.0,13401.0,27.0
2020-03-31,USA,Virgin Islands,1,30.0,156.0,
2020-03-31,USA,Vermont,1,293.0,4250.0,13.0
2020-03-31,USA,Washington,1,4896.0,65462.0,195.0
2020-03-31,USA,Wisconsin,1,1351.0,18726.0,16.0
2020-03-31,USA,West Virginia,1,162.0,4143.0,1.0
2020-03-31,USA,Wyoming,1,109.0,2108.0,0.0
2020-03-30,USA,Alaska,1,114.0,3654.0,3.0
2020-03-30,USA,Alabama,1,859.0,6553.0,6.0
2020-03-30,USA,Arkansas,1,473.0,5735.0,7.0
2020-03-30,USA,American Samoa,1,,,0.0
2020-03-30,USA,Arizona,1,1157.0,16759.0,20.0
2020-03-30,USA,California,1,6447.0,26996.0,133.0
2020-03-30,USA,Colorado,1,2627.0,15364.0,51.0
2020-03-30,USA,Connecticut,1,2571.0,14600.0,36.0
2020-03-30,USA,District of Columbia,1,401.0,3083.0,9.0
2020-03-30,USA,Delaware,1,264.0,2480.0,6.0
2020-03-30,USA,Florida,1,5473.0,53698.0,63.0
2020-03-30,USA,Georgia,1,2809.0,12724.0,87.0
2020-03-30,USA,Guam,1,58.0,410.0,1.0
2020-03-30,USA,Hawaii,1,175.0,8000.0,0.0
2020-03-30,USA,Iowa,1,424.0,6586.0,6.0
2020-03-30,USA,Idaho,1,310.0,4706.0,6.0
2020-03-30,USA,Illinois,1,5057.0,30446.0,73.0
2020-03-30,USA,Indiana,1,1786.0,11658.0,35.0
2020-03-30,USA,Kansas,1,368.0,4922.0,8.0
2020-03-30,USA,Kentucky,1,439.0,6018.0,9.0
2020-03-30,USA,Louisiana,1,4025.0,34033.0,185.0
2020-03-30,USA,Massachusetts,1,5752.0,42793.0,56.0
2020-03-30,USA,Maryland,1,1413.0,14729.0,15.0
2020-03-30,USA,Maine,1,275.0,3669.0,3.0
2020-03-30,USA,Michigan,1,6498.0,18391.0,184.0
2020-03-30,USA,Minnesota,1,576.0,18822.0,10.0
2020-03-30,USA,Missouri,1,1031.0,14235.0,13.0
2020-03-30,USA,Northern Marianas,1,2.0,,
2020-03-30,USA,Mississippi,1,847.0,3836.0,16.0
2020-03-30,USA,Montana,1,171.0,4132.0,4.0
2020-03-30,USA,North Carolina,1,1307.0,20864.0,6.0
2020-03-30,USA,North Dakota,1,109.0,3837.0,2.0
2020-03-30,USA,Nebraska,1,145.0,2729.0,2.0
2020-03-30,USA,New Hampshire,1,314.0,5700.0,3.0
2020-03-30,USA,New Jersey,1,16636.0,41860.0,198.0
2020-03-30,USA,New Mexico,1,237.0,11179.0,2.0
2020-03-30,USA,Nevada,1,1008.0,11215.0,15.0
2020-03-30,USA,New York,1,66497.0,186468.0,1218.0
2020-03-30,USA,Ohio,1,1933.0,27275.0,39.0
2020-03-30,USA,Oklahoma,1,481.0,1688.0,17.0
2020-03-30,USA,Oregon,1,606.0,12883.0,16.0
2020-03-30,USA,Pennsylvania,1,4087.0,37864.0,49.0
2020-03-30,USA,Puerto Rico,1,174.0,1105.0,6.0
2020-03-30,USA,Rhode Island,1,408.0,3595.0,4.0
2020-03-30,USA,South Carolina,1,925.0,5085.0,18.0
2020-03-30,USA,South Dakota,1,101.0,3579.0,1.0
2020-03-30,USA,Tennessee,1,1834.0,23304.0,13.0
2020-03-30,USA,Texas,1,2877.0,35880.0,34.0
2020-03-30,USA,Utah,1,806.0,16003.0,4.0
2020-03-30,USA,Virginia,1,1020.0,12038.0,25.0
2020-03-30,USA,Virgin Islands,1,30.0,156.0,
2020-03-30,USA,Vermont,1,256.0,3930.0,12.0
2020-03-30,USA,Washington,1,4896.0,65462.0,195.0
2020-03-30,USA,Wisconsin,1,1221.0,17077.0,14.0
2020-03-30,USA,West Virginia,1,126.0,3110.0,1.0
2020-03-30,USA,Wyoming,1,94.0,1934.0,0.0
2020-03-29,USA,Alaska,1,102.0,3334.0,2.0
2020-03-29,USA,Alabama,1,806.0,4990.0,4.0
2020-03-29,USA,Arkansas,1,426.0,3453.0,6.0
2020-03-29,USA,American Samoa,1,,,0.0
2020-03-29,USA,Arizona,1,919.0,13872.0,17.0
2020-03-29,USA,California,1,5708.0,26257.0,123.0
2020-03-29,USA,Colorado,1,2061.0,13276.0,44.0
2020-03-29,USA,Connecticut,1,1993.0,11900.0,34.0
2020-03-29,USA,District of Columbia,1,342.0,2811.0,5.0
2020-03-29,USA,Delaware,1,232.0,268.0,6.0
2020-03-29,USA,Florida,1,4246.0,43316.0,56.0
2020-03-29,USA,Georgia,1,2651.0,12564.0,80.0
2020-03-29,USA,Guam,1,56.0,390.0,1.0
2020-03-29,USA,Hawaii,1,151.0,7000.0,0.0
2020-03-29,USA,Iowa,1,336.0,5349.0,4.0
2020-03-29,USA,Idaho,1,261.0,4282.0,5.0
2020-03-29,USA,Illinois,1,4596.0,27762.0,65.0
2020-03-29,USA,Indiana,1,1514.0,9830.0,32.0
2020-03-29,USA,Kansas,1,319.0,4513.0,6.0
2020-03-29,USA,Kentucky,1,394.0,5541.0,9.0
2020-03-29,USA,Louisiana,1,3540.0,27871.0,151.0
2020-03-29,USA,Massachusetts,1,4955.0,39066.0,48.0
2020-03-29,USA,Maryland,1,1239.0,13593.0,10.0
2020-03-29,USA,Maine,1,253.0,3647.0,3.0
2020-03-29,USA,Michigan,1,5486.0,17379.0,132.0
2020-03-29,USA,Minnesota,1,503.0,17657.0,9.0
2020-03-29,USA,Missouri,1,838.0,12385.0,10.0
2020-03-29,USA,Northern Marianas,1,2.0,,
2020-03-29,USA,Mississippi,1,758.0,3318.0,14.0
2020-03-29,USA,Montana,1,154.0,4297.0,1.0
2020-03-29,USA,North Carolina,1,1040.0,18945.0,4.0
2020-03-29,USA,North Dakota,1,98.0,3453.0,1.0
2020-03-29,USA,Nebraska,1,108.0,2076.0,2.0
2020-03-29,USA,New Hampshire,1,214.0,4738.0,2.0
2020-03-29,USA,New Jersey,1,13386.0,35602.0,161.0
2020-03-29,USA,New Mexico,1,237.0,11006.0,2.0
2020-03-29,USA,Nevada,1,738.0,9150.0,14.0
2020-03-29,USA,New York,1,59513.0,172360.0,965.0
2020-03-29,USA,Ohio,1,1653.0,20665.0,29.0
2020-03-29,USA,Oklahoma,1,429.0,1634.0,16.0
2020-03-29,USA,Oregon,1,548.0,11426.0,13.0
2020-03-29,USA,Pennsylvania,1,3394.0,33455.0,38.0
2020-03-29,USA,Puerto Rico,1,127.0,968.0,5.0
2020-03-29,USA,Rhode Island,1,294.0,2835.0,3.0
2020-03-29,USA,South Carolina,1,774.0,3789.0,16.0
2020-03-29,USA,South Dakota,1,90.0,3217.0,1.0
2020-03-29,USA,Tennessee,1,1537.0,20574.0,7.0
2020-03-29,USA,Texas,1,2552.0,25760.0,34.0
2020-03-29,USA,Utah,1,719.0,13993.0,2.0
2020-03-29,USA,Virginia,1,890.0,10609.0,22.0
2020-03-29,USA,Virgin Islands,1,23.0,146.0,
2020-03-29,USA,Vermont,1,235.0,3701.0,12.0
2020-03-29,USA,Washington,1,4310.0,59206.0,189.0
2020-03-29,USA,Wisconsin,1,1112.0,17662.0,13.0
2020-03-29,USA,West Virginia,1,113.0,2818.0,0.0
2020-03-29,USA,Wyoming,1,86.0,1640.0,0.0
2020-03-28,USA,Alaska,1,85.0,2921.0,2.0
2020-03-28,USA,Alabama,1,696.0,4880.0,3.0
2020-03-28,USA,Arkansas,1,404.0,3342.0,5.0
2020-03-28,USA,American Samoa,1,0.0,,0.0
2020-03-28,USA,Arizona,1,873.0,8328.0,15.0
2020-03-28,USA,California,1,4643.0,25192.0,101.0
2020-03-28,USA,Colorado,1,1734.0,11676.0,31.0
2020-03-28,USA,Connecticut,1,1291.0,8400.0,27.0
2020-03-28,USA,District of Columbia,1,304.0,2515.0,4.0
2020-03-28,USA,Delaware,1,214.0,250.0,3.0
2020-03-28,USA,Florida,1,3763.0,39129.0,54.0
2020-03-28,USA,Georgia,1,2366.0,11051.0,69.0
2020-03-28,USA,Guam,1,55.0,354.0,1.0
2020-03-28,USA,Hawaii,1,120.0,4477.0,0.0
2020-03-28,USA,Iowa,1,298.0,4673.0,3.0
2020-03-28,USA,Idaho,1,230.0,3572.0,4.0
2020-03-28,USA,Illinois,1,3491.0,25491.0,47.0
2020-03-28,USA,Indiana,1,1232.0,8407.0,31.0
2020-03-28,USA,Kansas,1,261.0,3932.0,5.0
2020-03-28,USA,Kentucky,1,302.0,5123.0,8.0
2020-03-28,USA,Louisiana,1,3315.0,25161.0,137.0
2020-03-28,USA,Massachusetts,1,4257.0,35049.0,44.0
2020-03-28,USA,Maryland,1,992.0,12508.0,5.0
2020-03-28,USA,Maine,1,211.0,3605.0,1.0
2020-03-28,USA,Michigan,1,3657.0,12766.0,92.0
2020-03-28,USA,Minnesota,1,441.0,16129.0,5.0
2020-03-28,USA,Missouri,1,838.0,10920.0,10.0
2020-03-28,USA,Northern Marianas,1,2.0,,
2020-03-28,USA,Mississippi,1,663.0,3223.0,13.0
2020-03-28,USA,Montana,1,129.0,3385.0,1.0
2020-03-28,USA,North Carolina,1,935.0,17527.0,4.0
2020-03-28,USA,North Dakota,1,83.0,2892.0,1.0
2020-03-28,USA,Nebraska,1,96.0,2000.0,2.0
2020-03-28,USA,New Hampshire,1,187.0,3843.0,2.0
2020-03-28,USA,New Jersey,1,11124.0,30510.0,140.0
2020-03-28,USA,New Mexico,1,191.0,9387.0,1.0
2020-03-28,USA,Nevada,1,621.0,8522.0,10.0
2020-03-28,USA,New York,1,52318.0,155934.0,728.0
2020-03-28,USA,Ohio,1,1406.0,20418.0,25.0
2020-03-28,USA,Oklahoma,1,377.0,1557.0,15.0
2020-03-28,USA,Oregon,1,479.0,10172.0,13.0
2020-03-28,USA,Pennsylvania,1,2751.0,28005.0,34.0
2020-03-28,USA,Puerto Rico,1,100.0,839.0,3.0
2020-03-28,USA,Rhode Island,1,203.0,2509.0,
2020-03-28,USA,South Carolina,1,539.0,2947.0,13.0
2020-03-28,USA,South Dakota,1,68.0,2660.0,1.0
2020-03-28,USA,Tennessee,1,1373.0,18338.0,6.0
2020-03-28,USA,Texas,1,2052.0,25260.0,27.0
2020-03-28,USA,Utah,1,602.0,11312.0,2.0
2020-03-28,USA,Virginia,1,739.0,9166.0,17.0
2020-03-28,USA,Virgin Islands,1,22.0,128.0,0.0
2020-03-28,USA,Vermont,1,211.0,2374.0,12.0
2020-03-28,USA,Washington,1,3723.0,52738.0,175.0
2020-03-28,USA,Wisconsin,1,989.0,16221.0,13.0
2020-03-28,USA,West Virginia,1,96.0,2427.0,0.0
2020-03-28,USA,Wyoming,1,82.0,1557.0,0.0
2020-03-27,USA,Alaska,1,69.0,2388.0,1.0
2020-03-27,USA,Alabama,1,587.0,4771.0,3.0
2020-03-27,USA,Arkansas,1,381.0,1926.0,3.0
2020-03-27,USA,American Samoa,1,0.0,,0.0
2020-03-27,USA,Arizona,1,736.0,8191.0,13.0
2020-03-27,USA,California,1,3879.0,21259.0,78.0
2020-03-27,USA,Colorado,1,1430.0,10122.0,24.0
2020-03-27,USA,Connecticut,1,1291.0,8400.0,27.0
2020-03-27,USA,District of Columbia,1,267.0,2164.0,3.0
2020-03-27,USA,Delaware,1,163.0,199.0,2.0
2020-03-27,USA,Florida,1,2765.0,30951.0,34.0
2020-03-27,USA,Georgia,1,2001.0,9865.0,64.0
2020-03-27,USA,Guam,1,51.0,350.0,1.0
2020-03-27,USA,Hawaii,1,106.0,4463.0,
2020-03-27,USA,Iowa,1,235.0,3975.0,3.0
2020-03-27,USA,Idaho,1,189.0,2857.0,3.0
2020-03-27,USA,Illinois,1,3026.0,21542.0,34.0
2020-03-27,USA,Indiana,1,981.0,6936.0,24.0
2020-03-27,USA,Kansas,1,202.0,3431.0,4.0
2020-03-27,USA,Kentucky,1,248.0,4016.0,6.0
2020-03-27,USA,Louisiana,1,2746.0,21359.0,119.0
2020-03-27,USA,Massachusetts,1,3240.0,29371.0,35.0
2020-03-27,USA,Maryland,1,774.0,868.0,5.0
2020-03-27,USA,Maine,1,168.0,3562.0,1.0
2020-03-27,USA,Michigan,1,3657.0,10207.0,92.0
2020-03-27,USA,Minnesota,1,398.0,14003.0,4.0
2020-03-27,USA,Missouri,1,669.0,1038.0,8.0
2020-03-27,USA,Northern Marianas,1,0.0,,0.0
2020-03-27,USA,Mississippi,1,579.0,3139.0,8.0
2020-03-27,USA,Montana,1,108.0,2698.0,
2020-03-27,USA,North Carolina,1,763.0,15136.0,3.0
2020-03-27,USA,North Dakota,1,65.0,2492.0,0.0
2020-03-27,USA,Nebraska,1,85.0,1846.0,0.0
2020-03-27,USA,New Hampshire,1,158.0,3553.0,1.0
2020-03-27,USA,New Jersey,1,8825.0,25372.0,108.0
2020-03-27,USA,New Mexico,1,136.0,8513.0,1.0
2020-03-27,USA,Nevada,1,535.0,6696.0,10.0
2020-03-27,USA,New York,1,44635.0,145753.0,519.0
2020-03-27,USA,Ohio,1,1137.0,20149.0,19.0
2020-03-27,USA,Oklahoma,1,322.0,1406.0,8.0
2020-03-27,USA,Oregon,1,414.0,8924.0,12.0
2020-03-27,USA,Pennsylvania,1,2218.0,23234.0,22.0
2020-03-27,USA,Puerto Rico,1,79.0,598.0,3.0
2020-03-27,USA,Rhode Island,1,165.0,1531.0,
2020-03-27,USA,South Carolina,1,456.0,2763.0,9.0
2020-03-27,USA,South Dakota,1,58.0,2445.0,1.0
2020-03-27,USA,Tennessee,1,1203.0,16091.0,6.0
2020-03-27,USA,Texas,1,1731.0,23666.0,23.0
2020-03-27,USA,Utah,1,480.0,9244.0,2.0
2020-03-27,USA,Virginia,1,604.0,7337.0,14.0
2020-03-27,USA,Virgin Islands,1,19.0,74.0,0.0
2020-03-27,USA,Vermont,1,184.0,2261.0,10.0
2020-03-27,USA,Washington,1,3207.0,46380.0,147.0
2020-03-27,USA,Wisconsin,1,842.0,13982.0,13.0
2020-03-27,USA,West Virginia,1,76.0,1855.0,0.0
2020-03-27,USA,Wyoming,1,70.0,1281.0,0.0
2020-03-26,USA,Alaska,1,59.0,1860.0,1.0
2020-03-26,USA,Alabama,1,506.0,4099.0,1.0
2020-03-26,USA,Arkansas,1,335.0,1839.0,3.0
2020-03-26,USA,American Samoa,1,0.0,,0.0
2020-03-26,USA,Arizona,1,577.0,924.0,8.0
2020-03-26,USA,California,1,3006.0,20386.0,65.0
2020-03-26,USA,Colorado,1,1086.0,8064.0,19.0
2020-03-26,USA,Connecticut,1,1012.0,6637.0,21.0
2020-03-26,USA,District of Columbia,1,231.0,1857.0,3.0
2020-03-26,USA,Delaware,1,130.0,166.0,1.0
2020-03-26,USA,Florida,1,2355.0,26096.0,28.0
2020-03-26,USA,Georgia,1,1525.0,8926.0,48.0
2020-03-26,USA,Guam,1,45.0,308.0,1.0
2020-03-26,USA,Hawaii,1,95.0,4452.0,
2020-03-26,USA,Iowa,1,179.0,2757.0,1.0
2020-03-26,USA,Idaho,1,123.0,2188.0,0.0
2020-03-26,USA,Illinois,1,2538.0,16631.0,26.0
2020-03-26,USA,Indiana,1,645.0,4651.0,17.0
2020-03-26,USA,Kansas,1,168.0,3037.0,3.0
2020-03-26,USA,Kentucky,1,198.0,3300.0,4.0
2020-03-26,USA,Louisiana,1,2305.0,18029.0,83.0
2020-03-26,USA,Massachusetts,1,2417.0,23621.0,25.0
2020-03-26,USA,Maryland,1,580.0,674.0,4.0
2020-03-26,USA,Maine,1,155.0,3549.0,
2020-03-26,USA,Michigan,1,2856.0,9406.0,60.0
2020-03-26,USA,Minnesota,1,346.0,12950.0,2.0
2020-03-26,USA,Missouri,1,502.0,871.0,8.0
2020-03-26,USA,Northern Marianas,1,0.0,,0.0
2020-03-26,USA,Mississippi,1,485.0,2776.0,6.0
2020-03-26,USA,Montana,1,71.0,2199.0,
2020-03-26,USA,North Carolina,1,636.0,12910.0,2.0
2020-03-26,USA,North Dakota,1,52.0,2091.0,0.0
2020-03-26,USA,Nebraska,1,73.0,1657.0,0.0
2020-03-26,USA,New Hampshire,1,137.0,3138.0,1.0
2020-03-26,USA,New Jersey,1,6876.0,20537.0,81.0
2020-03-26,USA,New Mexico,1,112.0,7793.0,1.0
2020-03-26,USA,Nevada,1,420.0,5117.0,10.0
2020-03-26,USA,New York,1,37258.0,122104.0,385.0
2020-03-26,USA,Ohio,1,867.0,17316.0,15.0
2020-03-26,USA,Oklahoma,1,248.0,1206.0,7.0
2020-03-26,USA,Oregon,1,327.0,7280.0,11.0
2020-03-26,USA,Pennsylvania,1,1687.0,18128.0,16.0
2020-03-26,USA,Puerto Rico,1,64.0,441.0,2.0
2020-03-26,USA,Rhode Island,1,165.0,1504.0,
2020-03-26,USA,South Carolina,1,456.0,2763.0,9.0
2020-03-26,USA,South Dakota,1,46.0,2019.0,1.0
2020-03-26,USA,Tennessee,1,957.0,14909.0,3.0
2020-03-26,USA,Texas,1,1396.0,21424.0,18.0
2020-03-26,USA,Utah,1,402.0,7710.0,1.0
2020-03-26,USA,Virginia,1,460.0,6189.0,13.0
2020-03-26,USA,Virgin Islands,1,17.0,72.0,0.0
2020-03-26,USA,Vermont,1,158.0,2008.0,9.0
2020-03-26,USA,Washington,1,2580.0,34292.0,132.0
2020-03-26,USA,Wisconsin,1,707.0,12290.0,8.0
2020-03-26,USA,West Virginia,1,51.0,1082.0,0.0
2020-03-26,USA,Wyoming,1,53.0,1105.0,
2020-03-25,USA,Alaska,1,42.0,1691.0,1.0
2020-03-25,USA,Alabama,1,283.0,2812.0,0.0
2020-03-25,USA,Arkansas,1,280.0,1717.0,2.0
2020-03-25,USA,American Samoa,1,0.0,,0.0
2020-03-25,USA,Arizona,1,450.0,773.0,6.0
2020-03-25,USA,California,1,2355.0,18276.0,53.0
2020-03-25,USA,Colorado,1,912.0,7701.0,11.0
2020-03-25,USA,Connecticut,1,875.0,5898.0,19.0
2020-03-25,USA,District of Columbia,1,183.0,1606.0,2.0
2020-03-25,USA,Delaware,1,115.0,151.0,0.0
2020-03-25,USA,Florida,1,1682.0,17056.0,22.0
2020-03-25,USA,Georgia,1,1247.0,6179.0,40.0
2020-03-25,USA,Guam,1,37.0,270.0,1.0
2020-03-25,USA,Hawaii,1,90.0,4447.0,1.0
2020-03-25,USA,Iowa,1,145.0,2723.0,1.0
2020-03-25,USA,Idaho,1,73.0,1960.0,0.0
2020-03-25,USA,Illinois,1,1865.0,14209.0,19.0
2020-03-25,USA,Indiana,1,477.0,3356.0,14.0
2020-03-25,USA,Kansas,1,126.0,2486.0,3.0
2020-03-25,USA,Kentucky,1,157.0,3022.0,4.0
2020-03-25,USA,Louisiana,1,1795.0,11451.0,65.0
2020-03-25,USA,Massachusetts,1,1838.0,19794.0,15.0
2020-03-25,USA,Maryland,1,423.0,517.0,4.0
2020-03-25,USA,Maine,1,149.0,3326.0,
2020-03-25,USA,Michigan,1,2294.0,4363.0,43.0
2020-03-25,USA,Minnesota,1,287.0,11475.0,1.0
2020-03-25,USA,Missouri,1,356.0,725.0,8.0
2020-03-25,USA,Northern Marianas,1,0.0,,0.0
2020-03-25,USA,Mississippi,1,377.0,1943.0,2.0
2020-03-25,USA,Montana,1,53.0,2001.0,
2020-03-25,USA,North Carolina,1,504.0,10489.0,1.0
2020-03-25,USA,North Dakota,1,39.0,1773.0,0.0
2020-03-25,USA,Nebraska,1,61.0,1365.0,0.0
2020-03-25,USA,New Hampshire,1,108.0,2464.0,1.0
2020-03-25,USA,New Jersey,1,4402.0,14854.0,62.0
2020-03-25,USA,New Mexico,1,100.0,6842.0,1.0
2020-03-25,USA,Nevada,1,321.0,4572.0,6.0
2020-03-25,USA,New York,1,30811.0,103479.0,285.0
2020-03-25,USA,Ohio,1,704.0,14764.0,10.0
2020-03-25,USA,Oklahoma,1,164.0,969.0,5.0
2020-03-25,USA,Oregon,1,209.0,4559.0,8.0
2020-03-25,USA,Pennsylvania,1,1127.0,12320.0,11.0
2020-03-25,USA,Puerto Rico,1,51.0,368.0,2.0
2020-03-25,USA,Rhode Island,1,124.0,1267.0,
2020-03-25,USA,South Carolina,1,424.0,2727.0,7.0
2020-03-25,USA,South Dakota,1,41.0,860.0,1.0
2020-03-25,USA,Tennessee,1,784.0,11796.0,3.0
2020-03-25,USA,Texas,1,974.0,13494.0,12.0
2020-03-25,USA,Utah,1,346.0,6837.0,1.0
2020-03-25,USA,Virginia,1,391.0,5370.0,9.0
2020-03-25,USA,Virgin Islands,1,17.0,72.0,0.0
2020-03-25,USA,Vermont,1,123.0,1712.0,8.0
2020-03-25,USA,Washington,1,2469.0,34181.0,123.0
2020-03-25,USA,Wisconsin,1,585.0,10674.0,7.0
2020-03-25,USA,West Virginia,1,39.0,798.0,0.0
2020-03-25,USA,Wyoming,1,44.0,998.0,
2020-03-24,USA,Alaska,1,36.0,1022.0,
2020-03-24,USA,Alabama,1,215.0,2321.0,0.0
2020-03-24,USA,Arkansas,1,218.0,1165.0,0.0
2020-03-24,USA,American Samoa,1,0.0,,0.0
2020-03-24,USA,Arizona,1,357.0,670.0,5.0
2020-03-24,USA,California,1,2102.0,15554.0,40.0
2020-03-24,USA,Colorado,1,720.0,6224.0,7.0
2020-03-24,USA,Connecticut,1,618.0,5300.0,12.0
2020-03-24,USA,District of Columbia,1,137.0,1332.0,2.0
2020-03-24,USA,Delaware,1,91.0,127.0,0.0
2020-03-24,USA,Florida,1,1412.0,14539.0,18.0
2020-03-24,USA,Georgia,1,1026.0,5484.0,32.0
2020-03-24,USA,Guam,1,32.0,233.0,1.0
2020-03-24,USA,Hawaii,1,77.0,3666.0,1.0
2020-03-24,USA,Iowa,1,124.0,2439.0,
2020-03-24,USA,Idaho,1,50.0,1937.0,0.0
2020-03-24,USA,Illinois,1,1535.0,11469.0,16.0
2020-03-24,USA,Indiana,1,365.0,2931.0,12.0
2020-03-24,USA,Kansas,1,98.0,2184.0,2.0
2020-03-24,USA,Kentucky,1,124.0,1886.0,4.0
2020-03-24,USA,Louisiana,1,1388.0,8603.0,46.0
2020-03-24,USA,Massachusetts,1,1159.0,13749.0,11.0
2020-03-24,USA,Maryland,1,349.0,443.0,3.0
2020-03-24,USA,Maine,1,125.0,3139.0,
2020-03-24,USA,Michigan,1,1791.0,3860.0,24.0
2020-03-24,USA,Minnesota,1,262.0,5812.0,1.0
2020-03-24,USA,Missouri,1,183.0,552.0,3.0
2020-03-24,USA,Northern Marianas,1,0.0,,0.0
2020-03-24,USA,Mississippi,1,320.0,1872.0,1.0
2020-03-24,USA,Montana,1,46.0,1689.0,
2020-03-24,USA,North Carolina,1,398.0,8539.0,0.0
2020-03-24,USA,North Dakota,1,34.0,1488.0,0.0
2020-03-24,USA,Nebraska,1,52.0,1027.0,0.0
2020-03-24,USA,New Hampshire,1,101.0,1548.0,1.0
2020-03-24,USA,New Jersey,1,3675.0,12000.0,44.0
2020-03-24,USA,New Mexico,1,83.0,5973.0,
2020-03-24,USA,Nevada,1,278.0,4232.0,4.0
2020-03-24,USA,New York,1,25665.0,91270.0,210.0
2020-03-24,USA,Ohio,1,564.0,704.0,8.0
2020-03-24,USA,Oklahoma,1,106.0,841.0,3.0
2020-03-24,USA,Oregon,1,209.0,4559.0,8.0
2020-03-24,USA,Pennsylvania,1,851.0,9494.0,7.0
2020-03-24,USA,Puerto Rico,1,39.0,307.0,2.0
2020-03-24,USA,Rhode Island,1,106.0,1226.0,
2020-03-24,USA,South Carolina,1,298.0,2310.0,5.0
2020-03-24,USA,South Dakota,1,30.0,820.0,1.0
2020-03-24,USA,Tennessee,1,667.0,11184.0,2.0
2020-03-24,USA,Texas,1,410.0,11167.0,9.0
2020-03-24,USA,Utah,1,299.0,5823.0,1.0
2020-03-24,USA,Virginia,1,290.0,4470.0,7.0
2020-03-24,USA,Virgin Islands,1,17.0,,0.0
2020-03-24,USA,Vermont,1,95.0,1535.0,7.0
2020-03-24,USA,Washington,1,2221.0,33933.0,110.0
2020-03-24,USA,Wisconsin,1,457.0,8694.0,5.0
2020-03-24,USA,West Virginia,1,20.0,630.0,0.0
2020-03-24,USA,Wyoming,1,29.0,739.0,
2020-03-23,USA,Alaska,1,22.0,968.0,
2020-03-23,USA,Alabama,1,167.0,1832.0,0.0
2020-03-23,USA,Arkansas,1,174.0,1080.0,0.0
2020-03-23,USA,American Samoa,1,,,0.0
2020-03-23,USA,Arizona,1,265.0,574.0,2.0
2020-03-23,USA,California,1,1733.0,14300.0,27.0
2020-03-23,USA,Colorado,1,591.0,5436.0,6.0
2020-03-23,USA,Connecticut,1,415.0,4500.0,10.0
2020-03-23,USA,District of Columbia,1,116.0,1229.0,2.0
2020-03-23,USA,Delaware,1,68.0,104.0,0.0
2020-03-23,USA,Florida,1,1171.0,12234.0,14.0
2020-03-23,USA,Georgia,1,772.0,5069.0,25.0
2020-03-23,USA,Guam,1,29.0,190.0,1.0
2020-03-23,USA,Hawaii,1,56.0,3011.0,
2020-03-23,USA,Iowa,1,105.0,2148.0,
2020-03-23,USA,Idaho,1,47.0,1356.0,0.0
2020-03-23,USA,Illinois,1,1273.0,9856.0,12.0
2020-03-23,USA,Indiana,1,259.0,1960.0,7.0
2020-03-23,USA,Kansas,1,82.0,499.0,2.0
2020-03-23,USA,Kentucky,1,104.0,1866.0,3.0
2020-03-23,USA,Louisiana,1,1172.0,5948.0,34.0
2020-03-23,USA,Massachusetts,1,777.0,8922.0,9.0
2020-03-23,USA,Maryland,1,288.0,382.0,3.0
2020-03-23,USA,Maine,1,107.0,2898.0,
2020-03-23,USA,Michigan,1,1328.0,3397.0,15.0
2020-03-23,USA,Minnesota,1,235.0,4746.0,1.0
2020-03-23,USA,Missouri,1,183.0,552.0,3.0
2020-03-23,USA,Northern Marianas,1,0.0,,0.0
2020-03-23,USA,Mississippi,1,249.0,1392.0,1.0
2020-03-23,USA,Montana,1,34.0,1180.0,
2020-03-23,USA,North Carolina,1,297.0,8438.0,0.0
2020-03-23,USA,North Dakota,1,30.0,1383.0,0.0
2020-03-23,USA,Nebraska,1,50.0,406.0,0.0
2020-03-23,USA,New Hampshire,1,78.0,1452.0,
2020-03-23,USA,New Jersey,1,2844.0,3203.0,27.0
2020-03-23,USA,New Mexico,1,65.0,5386.0,
2020-03-23,USA,Nevada,1,245.0,3735.0,4.0
2020-03-23,USA,New York,1,20875.0,78289.0,114.0
2020-03-23,USA,Ohio,1,442.0,582.0,6.0
2020-03-23,USA,Oklahoma,1,81.0,775.0,2.0
2020-03-23,USA,Oregon,1,191.0,3840.0,5.0
2020-03-23,USA,Pennsylvania,1,644.0,7239.0,6.0
2020-03-23,USA,Puerto Rico,1,31.0,220.0,2.0
2020-03-23,USA,Rhode Island,1,106.0,1038.0,
2020-03-23,USA,South Carolina,1,299.0,1765.0,5.0
2020-03-23,USA,South Dakota,1,28.0,790.0,1.0
2020-03-23,USA,Tennessee,1,615.0,3887.0,2.0
2020-03-23,USA,Texas,1,352.0,10055.0,8.0
2020-03-23,USA,Utah,1,257.0,5047.0,1.0
2020-03-23,USA,Virginia,1,254.0,3697.0,6.0
2020-03-23,USA,Virgin Islands,1,17.0,,0.0
2020-03-23,USA,Vermont,1,75.0,1181.0,5.0
2020-03-23,USA,Washington,1,1996.0,30875.0,95.0
2020-03-23,USA,Wisconsin,1,416.0,7466.0,5.0
2020-03-23,USA,West Virginia,1,16.0,460.0,0.0
2020-03-23,USA,Wyoming,1,26.0,618.0,
2020-03-22,USA,Alaska,1,22.0,968.0,
2020-03-22,USA,Alabama,1,138.0,1602.0,0.0
2020-03-22,USA,Arkansas,1,165.0,876.0,0.0
2020-03-22,USA,American Samoa,1,,,0.0
2020-03-22,USA,Arizona,1,152.0,434.0,2.0
2020-03-22,USA,California,1,1536.0,12840.0,27.0
2020-03-22,USA,Colorado,1,475.0,4550.0,5.0
2020-03-22,USA,Connecticut,1,223.0,3100.0,5.0
2020-03-22,USA,District of Columbia,1,98.0,1055.0,1.0
2020-03-22,USA,Delaware,1,56.0,92.0,0.0
2020-03-22,USA,Florida,1,830.0,8820.0,13.0
2020-03-22,USA,Georgia,1,600.0,4020.0,23.0
2020-03-22,USA,Guam,1,27.0,153.0,1.0
2020-03-22,USA,Hawaii,1,48.0,311.0,
2020-03-22,USA,Iowa,1,90.0,1305.0,
2020-03-22,USA,Idaho,1,42.0,1217.0,0.0
2020-03-22,USA,Illinois,1,1049.0,8320.0,9.0
2020-03-22,USA,Indiana,1,201.0,1494.0,6.0
2020-03-22,USA,Kansas,1,64.0,481.0,2.0
2020-03-22,USA,Kentucky,1,99.0,1571.0,3.0
2020-03-22,USA,Louisiana,1,837.0,3498.0,20.0
2020-03-22,USA,Massachusetts,1,646.0,6105.0,5.0
2020-03-22,USA,Maryland,1,244.0,338.0,3.0
2020-03-22,USA,Maine,1,89.0,2353.0,
2020-03-22,USA,Michigan,1,1035.0,3104.0,8.0
2020-03-22,USA,Minnesota,1,169.0,4680.0,1.0
2020-03-22,USA,Missouri,1,90.0,459.0,3.0
2020-03-22,USA,Northern Marianas,1,0.0,,0.0
2020-03-22,USA,Mississippi,1,207.0,1321.0,1.0
2020-03-22,USA,Montana,1,31.0,1177.0,
2020-03-22,USA,North Carolina,1,255.0,6438.0,0.0
2020-03-22,USA,North Dakota,1,28.0,1288.0,0.0
2020-03-22,USA,Nebraska,1,48.0,404.0,0.0
2020-03-22,USA,New Hampshire,1,65.0,1253.0,
2020-03-22,USA,New Jersey,1,1914.0,2241.0,20.0
2020-03-22,USA,New Mexico,1,57.0,4779.0,
2020-03-22,USA,Nevada,1,190.0,2638.0,2.0
2020-03-22,USA,New York,1,15168.0,61401.0,114.0
2020-03-22,USA,Ohio,1,351.0,491.0,3.0
2020-03-22,USA,Oklahoma,1,67.0,736.0,2.0
2020-03-22,USA,Oregon,1,161.0,3025.0,4.0
2020-03-22,USA,Pennsylvania,1,479.0,5443.0,2.0
2020-03-22,USA,Puerto Rico,1,23.0,206.0,
2020-03-22,USA,Rhode Island,1,83.0,1015.0,
2020-03-22,USA,South Carolina,1,195.0,1661.0,3.0
2020-03-22,USA,South Dakota,1,21.0,761.0,1.0
2020-03-22,USA,Tennessee,1,505.0,3777.0,
2020-03-22,USA,Texas,1,334.0,8756.0,5.0
2020-03-22,USA,Utah,1,181.0,3689.0,1.0
2020-03-22,USA,Virginia,1,219.0,3337.0,3.0
2020-03-22,USA,Virgin Islands,1,6.0,,0.0
2020-03-22,USA,Vermont,1,52.0,1158.0,2.0
2020-03-22,USA,Washington,1,1793.0,27121.0,94.0
2020-03-22,USA,Wisconsin,1,385.0,6615.0,4.0
2020-03-22,USA,West Virginia,1,12.0,397.0,0.0
2020-03-22,USA,Wyoming,1,24.0,462.0,
2020-03-21,USA,Alaska,1,14.0,772.0,
2020-03-21,USA,Alabama,1,124.0,152.0,0.0
2020-03-21,USA,Arkansas,1,118.0,685.0,
2020-03-21,USA,American Samoa,1,,,0.0
2020-03-21,USA,Arizona,1,104.0,344.0,1.0
2020-03-21,USA,California,1,1279.0,12528.0,24.0
2020-03-21,USA,Colorado,1,363.0,3680.0,4.0
2020-03-21,USA,Connecticut,1,194.0,2300.0,4.0
2020-03-21,USA,District of Columbia,1,77.0,583.0,1.0
2020-03-21,USA,Delaware,1,45.0,81.0,0.0
2020-03-21,USA,Florida,1,658.0,7237.0,12.0
2020-03-21,USA,Georgia,1,507.0,3064.0,14.0
2020-03-21,USA,Guam,1,15.0,123.0,
2020-03-21,USA,Hawaii,1,37.0,161.0,
2020-03-21,USA,Iowa,1,68.0,1117.0,
2020-03-21,USA,Idaho,1,31.0,911.0,
2020-03-21,USA,Illinois,1,753.0,6241.0,6.0
2020-03-21,USA,Indiana,1,126.0,833.0,4.0
2020-03-21,USA,Kansas,1,55.0,472.0,2.0
2020-03-21,USA,Kentucky,1,54.0,768.0,2.0
2020-03-21,USA,Louisiana,1,585.0,2765.0,16.0
2020-03-21,USA,Massachusetts,1,525.0,5277.0,1.0
2020-03-21,USA,Maryland,1,190.0,284.0,2.0
2020-03-21,USA,Maine,1,73.0,2337.0,
2020-03-21,USA,Michigan,1,787.0,2856.0,5.0
2020-03-21,USA,Minnesota,1,138.0,4090.0,1.0
2020-03-21,USA,Missouri,1,73.0,442.0,3.0
2020-03-21,USA,Northern Marianas,1,0.0,,0.0
2020-03-21,USA,Mississippi,1,140.0,835.0,1.0
2020-03-21,USA,Montana,1,20.0,1166.0,
2020-03-21,USA,North Carolina,1,184.0,5276.0,0.0
2020-03-21,USA,North Dakota,1,28.0,1169.0,0.0
2020-03-21,USA,Nebraska,1,38.0,394.0,0.0
2020-03-21,USA,New Hampshire,1,55.0,1028.0,
2020-03-21,USA,New Jersey,1,1327.0,1621.0,16.0
2020-03-21,USA,New Mexico,1,57.0,3828.0,
2020-03-21,USA,Nevada,1,124.0,2508.0,2.0
2020-03-21,USA,New York,1,10356.0,45437.0,44.0
2020-03-21,USA,Ohio,1,247.0,387.0,3.0
2020-03-21,USA,Oklahoma,1,53.0,613.0,1.0
2020-03-21,USA,Oregon,1,114.0,2117.0,3.0
2020-03-21,USA,Pennsylvania,1,371.0,4137.0,2.0
2020-03-21,USA,Puerto Rico,1,21.0,164.0,
2020-03-21,USA,Rhode Island,1,66.0,928.0,
2020-03-21,USA,South Carolina,1,152.0,1407.0,1.0
2020-03-21,USA,South Dakota,1,14.0,705.0,1.0
2020-03-21,USA,Tennessee,1,371.0,3643.0,
2020-03-21,USA,Texas,1,304.0,6522.0,5.0
2020-03-21,USA,Utah,1,136.0,2560.0,0.0
2020-03-21,USA,Virginia,1,152.0,2790.0,2.0
2020-03-21,USA,Virgin Islands,1,6.0,,0.0
2020-03-21,USA,Vermont,1,29.0,808.0,2.0
2020-03-21,USA,Washington,1,1524.0,23243.0,83.0
2020-03-21,USA,Wisconsin,1,281.0,4909.0,4.0
2020-03-21,USA,West Virginia,1,11.0,341.0,0.0
2020-03-21,USA,Wyoming,1,23.0,461.0,
2020-03-20,USA,Alaska,1,12.0,698.0,
2020-03-20,USA,Alabama,1,81.0,109.0,0.0
2020-03-20,USA,Arkansas,1,96.0,447.0,
2020-03-20,USA,American Samoa,1,0.0,,0.0
2020-03-20,USA,Arizona,1,65.0,276.0,0.0
2020-03-20,USA,California,1,1063.0,11487.0,20.0
2020-03-20,USA,Colorado,1,277.0,2952.0,3.0
2020-03-20,USA,Connecticut,1,194.0,798.0,3.0
2020-03-20,USA,District of Columbia,1,71.0,572.0,1.0
2020-03-20,USA,Delaware,1,38.0,74.0,0.0
2020-03-20,USA,Florida,1,520.0,2390.0,10.0
2020-03-20,USA,Georgia,1,420.0,2386.0,13.0
2020-03-20,USA,Guam,1,14.0,100.0,
2020-03-20,USA,Hawaii,1,26.0,150.0,
2020-03-20,USA,Iowa,1,45.0,687.0,
2020-03-20,USA,Idaho,1,23.0,613.0,
2020-03-20,USA,Illinois,1,585.0,4281.0,5.0
2020-03-20,USA,Indiana,1,79.0,554.0,2.0
2020-03-20,USA,Kansas,1,44.0,461.0,1.0
2020-03-20,USA,Kentucky,1,47.0,639.0,1.0
2020-03-20,USA,Louisiana,1,479.0,1047.0,12.0
2020-03-20,USA,Massachusetts,1,413.0,4091.0,1.0
2020-03-20,USA,Maryland,1,149.0,243.0,1.0
2020-03-20,USA,Maine,1,57.0,2321.0,
2020-03-20,USA,Michigan,1,549.0,2618.0,3.0
2020-03-20,USA,Minnesota,1,115.0,3856.0,
2020-03-20,USA,Missouri,1,47.0,416.0,1.0
2020-03-20,USA,Northern Marianas,1,0.0,,0.0
2020-03-20,USA,Mississippi,1,80.0,775.0,1.0
2020-03-20,USA,Montana,1,16.0,947.0,
2020-03-20,USA,North Carolina,1,137.0,3233.0,0.0
2020-03-20,USA,North Dakota,1,20.0,820.0,0.0
2020-03-20,USA,Nebraska,1,32.0,272.0,0.0
2020-03-20,USA,New Hampshire,1,44.0,789.0,
2020-03-20,USA,New Jersey,1,890.0,1154.0,11.0
2020-03-20,USA,New Mexico,1,43.0,3814.0,
2020-03-20,USA,Nevada,1,109.0,2101.0,1.0
2020-03-20,USA,New York,1,7102.0,32427.0,35.0
2020-03-20,USA,Ohio,1,169.0,309.0,1.0
2020-03-20,USA,Oklahoma,1,49.0,587.0,1.0
2020-03-20,USA,Oregon,1,114.0,2117.0,3.0
2020-03-20,USA,Pennsylvania,1,268.0,2842.0,1.0
2020-03-20,USA,Puerto Rico,1,14.0,128.0,
2020-03-20,USA,Rhode Island,1,54.0,708.0,
2020-03-20,USA,South Carolina,1,81.0,914.0,1.0
2020-03-20,USA,South Dakota,1,14.0,677.0,1.0
2020-03-20,USA,Tennessee,1,228.0,791.0,
2020-03-20,USA,Texas,1,194.0,5277.0,5.0
2020-03-20,USA,Utah,1,112.0,2147.0,0.0
2020-03-20,USA,Virginia,1,114.0,2325.0,2.0
2020-03-20,USA,Virgin Islands,1,3.0,,0.0
2020-03-20,USA,Vermont,1,29.0,808.0,2.0
2020-03-20,USA,Washington,1,1376.0,20712.0,74.0
2020-03-20,USA,Wisconsin,1,206.0,3661.0,3.0
2020-03-20,USA,West Virginia,1,7.0,226.0,0.0
2020-03-20,USA,Wyoming,1,19.0,350.0,
2020-03-19,USA,Alaska,1,6.0,438.0,
2020-03-19,USA,Alabama,1,68.0,96.0,0.0
2020-03-19,USA,Arkansas,1,46.0,356.0,
2020-03-19,USA,American Samoa,1,0.0,,0.0
2020-03-19,USA,Arizona,1,44.0,219.0,0.0
2020-03-19,USA,California,1,924.0,9711.0,18.0
2020-03-19,USA,Colorado,1,216.0,2328.0,2.0
2020-03-19,USA,Connecticut,1,96.0,700.0,1.0
2020-03-19,USA,District of Columbia,1,39.0,192.0,0.0
2020-03-19,USA,Delaware,1,30.0,66.0,0.0
2020-03-19,USA,Florida,1,390.0,1923.0,8.0
2020-03-19,USA,Georgia,1,287.0,1831.0,10.0
2020-03-19,USA,Guam,1,12.0,81.0,
2020-03-19,USA,Hawaii,1,16.0,109.0,
2020-03-19,USA,Iowa,1,38.0,121.0,
2020-03-19,USA,Idaho,1,11.0,470.0,
2020-03-19,USA,Illinois,1,422.0,3147.0,4.0
2020-03-19,USA,Indiana,1,56.0,380.0,2.0
2020-03-19,USA,Kansas,1,34.0,451.0,1.0
2020-03-19,USA,Kentucky,1,35.0,489.0,1.0
2020-03-19,USA,Louisiana,1,347.0,805.0,8.0
2020-03-19,USA,Massachusetts,1,328.0,3132.0,
2020-03-19,USA,Maryland,1,107.0,201.0,1.0
2020-03-19,USA,Maine,1,53.0,2057.0,
2020-03-19,USA,Michigan,1,336.0,2449.0,3.0
2020-03-19,USA,Minnesota,1,89.0,3038.0,
2020-03-19,USA,Missouri,1,24.0,332.0,1.0
2020-03-19,USA,Northern Marianas,1,0.0,,0.0
2020-03-19,USA,Mississippi,1,50.0,602.0,
2020-03-19,USA,Montana,1,12.0,773.0,
2020-03-19,USA,North Carolina,1,97.0,2505.0,0.0
2020-03-19,USA,North Dakota,1,15.0,508.0,0.0
2020-03-19,USA,Nebraska,1,27.0,267.0,0.0
2020-03-19,USA,New Hampshire,1,39.0,660.0,
2020-03-19,USA,New Jersey,1,742.0,952.0,9.0
2020-03-19,USA,New Mexico,1,35.0,2797.0,
2020-03-19,USA,Nevada,1,95.0,1721.0,1.0
2020-03-19,USA,New York,1,4152.0,22284.0,12.0
2020-03-19,USA,Ohio,1,119.0,259.0,
2020-03-19,USA,Oklahoma,1,44.0,510.0,1.0
2020-03-19,USA,Oregon,1,88.0,1417.0,3.0
2020-03-19,USA,Pennsylvania,1,185.0,1793.0,1.0
2020-03-19,USA,Puerto Rico,1,5.0,61.0,
2020-03-19,USA,Rhode Island,1,33.0,573.0,
2020-03-19,USA,South Carolina,1,60.0,643.0,1.0
2020-03-19,USA,South Dakota,1,11.0,562.0,1.0
2020-03-19,USA,Tennessee,1,154.0,503.0,
2020-03-19,USA,Texas,1,143.0,2355.0,3.0
2020-03-19,USA,Utah,1,78.0,1526.0,0.0
2020-03-19,USA,Virginia,1,94.0,1923.0,2.0
2020-03-19,USA,Virgin Islands,1,3.0,,0.0
2020-03-19,USA,Vermont,1,22.0,667.0,
2020-03-19,USA,Washington,1,1187.0,17105.0,66.0
2020-03-19,USA,Wisconsin,1,155.0,2347.0,
2020-03-19,USA,West Virginia,1,2.0,145.0,0.0
2020-03-19,USA,Wyoming,1,18.0,289.0,
2020-03-18,USA,Alaska,1,6.0,412.0,
2020-03-18,USA,Alabama,1,46.0,74.0,0.0
2020-03-18,USA,Arkansas,1,33.0,269.0,
2020-03-18,USA,American Samoa,1,0.0,,0.0
2020-03-18,USA,Arizona,1,28.0,176.0,0.0
2020-03-18,USA,California,1,611.0,8592.0,13.0
2020-03-18,USA,Colorado,1,183.0,1800.0,2.0
2020-03-18,USA,Connecticut,1,68.0,193.0,
2020-03-18,USA,District of Columbia,1,31.0,169.0,
2020-03-18,USA,Delaware,1,25.0,61.0,
2020-03-18,USA,Florida,1,314.0,1539.0,7.0
2020-03-18,USA,Georgia,1,197.0,1508.0,1.0
2020-03-18,USA,Guam,1,8.0,65.0,
2020-03-18,USA,Hawaii,1,14.0,107.0,
2020-03-18,USA,Iowa,1,29.0,112.0,
2020-03-18,USA,Idaho,1,9.0,468.0,
2020-03-18,USA,Illinois,1,288.0,2051.0,1.0
2020-03-18,USA,Indiana,1,39.0,193.0,2.0
2020-03-18,USA,Kansas,1,16.0,433.0,1.0
2020-03-18,USA,Kentucky,1,26.0,380.0,1.0
2020-03-18,USA,Louisiana,1,240.0,575.0,6.0
2020-03-18,USA,Massachusetts,1,256.0,2271.0,
2020-03-18,USA,Maryland,1,85.0,179.0,
2020-03-18,USA,Maine,1,43.0,1713.0,
2020-03-18,USA,Michigan,1,80.0,352.0,
2020-03-18,USA,Minnesota,1,77.0,2762.0,
2020-03-18,USA,Missouri,1,13.0,266.0,0.0
2020-03-18,USA,Northern Marianas,1,0.0,,0.0
2020-03-18,USA,Mississippi,1,34.0,513.0,
2020-03-18,USA,Montana,1,10.0,509.0,
2020-03-18,USA,North Carolina,1,63.0,1850.0,0.0
2020-03-18,USA,North Dakota,1,6.0,274.0,0.0
2020-03-18,USA,Nebraska,1,24.0,230.0,
2020-03-18,USA,New Hampshire,1,26.0,539.0,
2020-03-18,USA,New Jersey,1,427.0,617.0,5.0
2020-03-18,USA,New Mexico,1,28.0,2354.0,
2020-03-18,USA,Nevada,1,55.0,223.0,1.0
2020-03-18,USA,New York,1,2382.0,14597.0,12.0
2020-03-18,USA,Ohio,1,88.0,228.0,
2020-03-18,USA,Oklahoma,1,29.0,407.0,
2020-03-18,USA,Oregon,1,75.0,1193.0,3.0
2020-03-18,USA,Pennsylvania,1,133.0,1320.0,
2020-03-18,USA,Puerto Rico,1,5.0,36.0,
2020-03-18,USA,Rhode Island,1,33.0,573.0,
2020-03-18,USA,South Carolina,1,60.0,643.0,1.0
2020-03-18,USA,South Dakota,1,11.0,562.0,1.0
2020-03-18,USA,Tennessee,1,98.0,447.0,
2020-03-18,USA,Texas,1,83.0,1907.0,2.0
2020-03-18,USA,Utah,1,63.0,194.0,0.0
2020-03-18,USA,Virginia,1,77.0,1278.0,1.0
2020-03-18,USA,Virgin Islands,1,2.0,,0.0
2020-03-18,USA,Vermont,1,19.0,611.0,
2020-03-18,USA,Washington,1,1012.0,14129.0,52.0
2020-03-18,USA,Wisconsin,1,106.0,1683.0,
2020-03-18,USA,West Virginia,1,1.0,123.0,0.0
2020-03-18,USA,Wyoming,1,15.0,193.0,
2020-03-17,USA,Alaska,1,3.0,337.0,
2020-03-17,USA,Alabama,1,36.0,64.0,0.0
2020-03-17,USA,Arkansas,1,22.0,219.0,
2020-03-17,USA,American Samoa,1,0.0,,
2020-03-17,USA,Arizona,1,20.0,162.0,0.0
2020-03-17,USA,California,1,483.0,8464.0,11.0
2020-03-17,USA,Colorado,1,160.0,1216.0,1.0
2020-03-17,USA,Connecticut,1,41.0,166.0,
2020-03-17,USA,District of Columbia,1,22.0,126.0,
2020-03-17,USA,Delaware,1,16.0,52.0,
2020-03-17,USA,Florida,1,186.0,1126.0,6.0
2020-03-17,USA,Georgia,1,146.0,,1.0
2020-03-17,USA,Guam,1,5.0,46.0,
2020-03-17,USA,Hawaii,1,10.0,,
2020-03-17,USA,Iowa,1,23.0,106.0,
2020-03-17,USA,Idaho,1,7.0,353.0,
2020-03-17,USA,Illinois,1,159.0,1499.0,1.0
2020-03-17,USA,Indiana,1,30.0,159.0,2.0
2020-03-17,USA,Kansas,1,15.0,397.0,1.0
2020-03-17,USA,Kentucky,1,22.0,317.0,1.0
2020-03-17,USA,Louisiana,1,171.0,457.0,4.0
2020-03-17,USA,Massachusetts,1,218.0,1759.0,
2020-03-17,USA,Maryland,1,57.0,151.0,
2020-03-17,USA,Maine,1,32.0,1335.0,
2020-03-17,USA,Michigan,1,65.0,337.0,
2020-03-17,USA,Minnesota,1,60.0,2336.0,
2020-03-17,USA,Missouri,1,8.0,215.0,0.0
2020-03-17,USA,Northern Marianas,1,0.0,,
2020-03-17,USA,Mississippi,1,21.0,389.0,
2020-03-17,USA,Montana,1,8.0,311.0,
2020-03-17,USA,North Carolina,1,40.0,514.0,0.0
2020-03-17,USA,North Dakota,1,3.0,223.0,0.0
2020-03-17,USA,Nebraska,1,21.0,227.0,
2020-03-17,USA,New Hampshire,1,17.0,372.0,
2020-03-17,USA,New Jersey,1,267.0,430.0,3.0
2020-03-17,USA,New Mexico,1,23.0,1272.0,
2020-03-17,USA,Nevada,1,55.0,223.0,1.0
2020-03-17,USA,New York,1,1700.0,7206.0,7.0
2020-03-17,USA,Ohio,1,67.0,207.0,
2020-03-17,USA,Oklahoma,1,17.0,264.0,
2020-03-17,USA,Oregon,1,47.0,736.0,
2020-03-17,USA,Pennsylvania,1,96.0,975.0,
2020-03-17,USA,Puerto Rico,1,5.0,18.0,
2020-03-17,USA,Rhode Island,1,21.0,329.0,
2020-03-17,USA,South Carolina,1,33.0,344.0,1.0
2020-03-17,USA,South Dakota,1,11.0,562.0,
2020-03-17,USA,Tennessee,1,73.0,403.0,
2020-03-17,USA,Texas,1,64.0,1268.0,1.0
2020-03-17,USA,Utah,1,51.0,182.0,0.0
2020-03-17,USA,Virginia,1,67.0,1028.0,1.0
2020-03-17,USA,Virgin Islands,1,2.0,,
2020-03-17,USA,Vermont,1,10.0,505.0,
2020-03-17,USA,Washington,1,904.0,12486.0,48.0
2020-03-17,USA,Wisconsin,1,72.0,1110.0,
2020-03-17,USA,West Virginia,1,0.0,80.0,0.0
2020-03-17,USA,Wyoming,1,10.0,105.0,
2020-03-16,USA,Alaska,1,1.0,144.0,
2020-03-16,USA,Alabama,1,28.0,56.0,0.0
2020-03-16,USA,Arkansas,1,22.0,154.0,
2020-03-16,USA,American Samoa,1,0.0,,
2020-03-16,USA,Arizona,1,18.0,143.0,0.0
2020-03-16,USA,California,1,335.0,8316.0,6.0
2020-03-16,USA,Colorado,1,131.0,758.0,1.0
2020-03-16,USA,Connecticut,1,26.0,151.0,
2020-03-16,USA,District of Columbia,1,17.0,113.0,
2020-03-16,USA,Delaware,1,8.0,44.0,
2020-03-16,USA,Florida,1,141.0,825.0,4.0
2020-03-16,USA,Georgia,1,121.0,,1.0
2020-03-16,USA,Guam,1,3.0,26.0,
2020-03-16,USA,Hawaii,1,7.0,,
2020-03-16,USA,Iowa,1,22.0,105.0,
2020-03-16,USA,Idaho,1,5.0,270.0,
2020-03-16,USA,Illinois,1,93.0,1025.0,
2020-03-16,USA,Indiana,1,24.0,139.0,1.0
2020-03-16,USA,Kansas,1,11.0,177.0,1.0
2020-03-16,USA,Kentucky,1,21.0,255.0,1.0
2020-03-16,USA,Louisiana,1,114.0,302.0,2.0
2020-03-16,USA,Massachusetts,1,164.0,516.0,
2020-03-16,USA,Maryland,1,37.0,131.0,
2020-03-16,USA,Maine,1,17.0,781.0,
2020-03-16,USA,Michigan,1,53.0,325.0,
2020-03-16,USA,Minnesota,1,54.0,1893.0,
2020-03-16,USA,Missouri,1,6.0,170.0,0.0
2020-03-16,USA,Northern Marianas,1,0.0,,
2020-03-16,USA,Mississippi,1,12.0,289.0,
2020-03-16,USA,Montana,1,7.0,205.0,
2020-03-16,USA,North Carolina,1,33.0,329.0,0.0
2020-03-16,USA,North Dakota,1,1.0,124.0,0.0
2020-03-16,USA,Nebraska,1,18.0,188.0,
2020-03-16,USA,New Hampshire,1,13.0,284.0,
2020-03-16,USA,New Jersey,1,178.0,298.0,2.0
2020-03-16,USA,New Mexico,1,17.0,583.0,
2020-03-16,USA,Nevada,1,45.0,213.0,1.0
2020-03-16,USA,New York,1,950.0,5493.0,7.0
2020-03-16,USA,Ohio,1,50.0,190.0,
2020-03-16,USA,Oklahoma,1,10.0,184.0,
2020-03-16,USA,Oregon,1,39.0,618.0,
2020-03-16,USA,Pennsylvania,1,76.0,746.0,
2020-03-16,USA,Puerto Rico,1,5.0,14.0,
2020-03-16,USA,Rhode Island,1,21.0,329.0,
2020-03-16,USA,South Carolina,1,28.0,263.0,1.0
2020-03-16,USA,South Dakota,1,10.0,504.0,
2020-03-16,USA,Tennessee,1,52.0,322.0,
2020-03-16,USA,Texas,1,57.0,,
2020-03-16,USA,Utah,1,39.0,170.0,0.0
2020-03-16,USA,Virginia,1,51.0,489.0,1.0
2020-03-16,USA,Virgin Islands,1,1.0,,
2020-03-16,USA,Vermont,1,8.0,429.0,
2020-03-16,USA,Washington,1,769.0,10220.0,42.0
2020-03-16,USA,Wisconsin,1,47.0,551.0,
2020-03-16,USA,West Virginia,1,0.0,80.0,0.0
2020-03-16,USA,Wyoming,1,3.0,3.0,
2020-03-15,USA,Alaska,1,1.0,144.0,
2020-03-15,USA,Alabama,1,12.0,40.0,0.0
2020-03-15,USA,Arkansas,1,16.0,119.0,
2020-03-15,USA,Arizona,1,12.0,133.0,0.0
2020-03-15,USA,California,1,293.0,1209.0,5.0
2020-03-15,USA,Colorado,1,131.0,758.0,1.0
2020-03-15,USA,Connecticut,1,20.0,145.0,
2020-03-15,USA,District of Columbia,1,16.0,95.0,
2020-03-15,USA,Delaware,1,6.0,42.0,
2020-03-15,USA,Florida,1,116.0,794.0,4.0
2020-03-15,USA,Georgia,1,99.0,,1.0
2020-03-15,USA,Hawaii,1,2.0,,
2020-03-15,USA,Iowa,1,18.0,101.0,
2020-03-15,USA,Idaho,1,5.0,179.0,
2020-03-15,USA,Illinois,1,64.0,513.0,
2020-03-15,USA,Indiana,1,19.0,121.0,0.0
2020-03-15,USA,Kansas,1,8.0,143.0,1.0
2020-03-15,USA,Kentucky,1,16.0,155.0,
2020-03-15,USA,Louisiana,1,91.0,247.0,2.0
2020-03-15,USA,Massachusetts,1,138.0,490.0,
2020-03-15,USA,Maryland,1,31.0,125.0,
2020-03-15,USA,Maine,1,3.0,94.0,
2020-03-15,USA,Michigan,1,33.0,238.0,
2020-03-15,USA,Minnesota,1,35.0,1422.0,
2020-03-15,USA,Missouri,1,5.0,127.0,0.0
2020-03-15,USA,Mississippi,1,10.0,94.0,
2020-03-15,USA,Montana,1,7.0,110.0,
2020-03-15,USA,North Carolina,1,32.0,259.0,
2020-03-15,USA,North Dakota,1,1.0,96.0,0.0
2020-03-15,USA,Nebraska,1,17.0,97.0,
2020-03-15,USA,New Hampshire,1,13.0,284.0,
2020-03-15,USA,New Jersey,1,98.0,218.0,2.0
2020-03-15,USA,New Mexico,1,13.0,495.0,
2020-03-15,USA,Nevada,1,21.0,189.0,
2020-03-15,USA,New York,1,729.0,5272.0,3.0
2020-03-15,USA,Ohio,1,36.0,175.0,
2020-03-15,USA,Oklahoma,1,9.0,127.0,
2020-03-15,USA,Oregon,1,36.0,456.0,
2020-03-15,USA,Pennsylvania,1,63.0,268.0,
2020-03-15,USA,Rhode Island,1,20.0,218.0,
2020-03-15,USA,South Carolina,1,19.0,173.0,
2020-03-15,USA,South Dakota,1,9.0,336.0,
2020-03-15,USA,Tennessee,1,39.0,196.0,
2020-03-15,USA,Texas,1,56.0,,
2020-03-15,USA,Utah,1,28.0,159.0,0.0
2020-03-15,USA,Virginia,1,45.0,408.0,1.0
2020-03-15,USA,Vermont,1,4.0,352.0,
2020-03-15,USA,Washington,1,642.0,7764.0,40.0
2020-03-15,USA,Wisconsin,1,33.0,346.0,
2020-03-15,USA,West Virginia,1,0.0,38.0,0.0
2020-03-15,USA,Wyoming,1,3.0,3.0,
2020-03-14,USA,Alaska,1,1.0,144.0,
2020-03-14,USA,Alabama,1,6.0,28.0,
2020-03-14,USA,Arkansas,1,12.0,77.0,
2020-03-14,USA,Arizona,1,12.0,133.0,0.0
2020-03-14,USA,California,1,252.0,1168.0,5.0
2020-03-14,USA,Colorado,1,101.0,711.0,1.0
2020-03-14,USA,Connecticut,1,11.0,136.0,
2020-03-14,USA,District of Columbia,1,10.0,59.0,
2020-03-14,USA,Delaware,1,6.0,42.0,
2020-03-14,USA,Florida,1,77.0,555.0,3.0
2020-03-14,USA,Georgia,1,66.0,,1.0
2020-03-14,USA,Hawaii,1,2.0,,
2020-03-14,USA,Iowa,1,17.0,100.0,
2020-03-14,USA,Idaho,1,2.0,176.0,
2020-03-14,USA,Illinois,1,46.0,362.0,
2020-03-14,USA,Indiana,1,15.0,89.0,0.0
2020-03-14,USA,Kansas,1,6.0,99.0,1.0
2020-03-14,USA,Kentucky,1,14.0,153.0,
2020-03-14,USA,Louisiana,1,69.0,178.0,
2020-03-14,USA,Massachusetts,1,138.0,490.0,
2020-03-14,USA,Maryland,1,26.0,120.0,
2020-03-14,USA,Maine,1,3.0,94.0,
2020-03-14,USA,Michigan,1,25.0,230.0,
2020-03-14,USA,Minnesota,1,21.0,868.0,
2020-03-14,USA,Missouri,1,4.0,94.0,0.0
2020-03-14,USA,Mississippi,1,6.0,90.0,
2020-03-14,USA,Montana,1,5.0,108.0,
2020-03-14,USA,North Carolina,1,23.0,160.0,
2020-03-14,USA,North Dakota,1,1.0,55.0,0.0
2020-03-14,USA,Nebraska,1,14.0,94.0,
2020-03-14,USA,New Hampshire,1,7.0,219.0,
2020-03-14,USA,New Jersey,1,50.0,147.0,1.0
2020-03-14,USA,New Mexico,1,10.0,247.0,
2020-03-14,USA,Nevada,1,20.0,188.0,
2020-03-14,USA,New York,1,524.0,3303.0,
2020-03-14,USA,Ohio,1,13.0,63.0,
2020-03-14,USA,Oklahoma,1,4.0,40.0,
2020-03-14,USA,Oregon,1,30.0,367.0,
2020-03-14,USA,Pennsylvania,1,47.0,252.0,
2020-03-14,USA,Rhode Island,1,20.0,218.0,
2020-03-14,USA,South Carolina,1,13.0,123.0,
2020-03-14,USA,South Dakota,1,9.0,191.0,
2020-03-14,USA,Tennessee,1,32.0,162.0,
2020-03-14,USA,Texas,1,51.0,,
2020-03-14,USA,Utah,1,6.0,137.0,
2020-03-14,USA,Virginia,1,30.0,147.0,
2020-03-14,USA,Vermont,1,4.0,231.0,
2020-03-14,USA,Washington,1,568.0,6569.0,37.0
2020-03-14,USA,Wisconsin,1,19.0,188.0,
2020-03-14,USA,West Virginia,1,0.0,26.0,
2020-03-14,USA,Wyoming,1,2.0,2.0,
2020-03-13,USA,Alaska,1,1.0,60.0,
2020-03-13,USA,Alabama,1,1.0,12.0,
2020-03-13,USA,Arkansas,1,9.0,39.0,
2020-03-13,USA,Arizona,1,9.0,103.0,0.0
2020-03-13,USA,California,1,202.0,1118.0,4.0
2020-03-13,USA,Colorado,1,72.0,596.0,
2020-03-13,USA,Connecticut,1,6.0,105.0,
2020-03-13,USA,District of Columbia,1,10.0,30.0,
2020-03-13,USA,Delaware,1,4.0,34.0,
2020-03-13,USA,Florida,1,50.0,528.0,2.0
2020-03-13,USA,Georgia,1,42.0,,1.0
2020-03-13,USA,Hawaii,1,2.0,,
2020-03-13,USA,Iowa,1,16.0,99.0,
2020-03-13,USA,Idaho,1,0.0,131.0,
2020-03-13,USA,Illinois,1,32.0,326.0,
2020-03-13,USA,Indiana,1,12.0,73.0,
2020-03-13,USA,Kansas,1,6.0,99.0,
2020-03-13,USA,Kentucky,1,11.0,118.0,
2020-03-13,USA,Louisiana,1,36.0,73.0,
2020-03-13,USA,Massachusetts,1,123.0,215.0,
2020-03-13,USA,Maryland,1,17.0,111.0,
2020-03-13,USA,Maine,1,3.0,94.0,
2020-03-13,USA,Michigan,1,16.0,149.0,
2020-03-13,USA,Minnesota,1,14.0,555.0,
2020-03-13,USA,Missouri,1,2.0,73.0,
2020-03-13,USA,Mississippi,1,4.0,45.0,
2020-03-13,USA,Montana,1,1.0,56.0,
2020-03-13,USA,North Carolina,1,15.0,101.0,
2020-03-13,USA,North Dakota,1,1.0,40.0,0.0
2020-03-13,USA,Nebraska,1,13.0,93.0,
2020-03-13,USA,New Hampshire,1,6.0,100.0,
2020-03-13,USA,New Jersey,1,50.0,147.0,1.0
2020-03-13,USA,New Mexico,1,10.0,200.0,
2020-03-13,USA,Nevada,1,11.0,179.0,
2020-03-13,USA,New York,1,421.0,3200.0,
2020-03-13,USA,Ohio,1,13.0,63.0,
2020-03-13,USA,Oklahoma,1,3.0,39.0,
2020-03-13,USA,Oregon,1,30.0,367.0,
2020-03-13,USA,Pennsylvania,1,33.0,173.0,
2020-03-13,USA,Rhode Island,1,14.0,156.0,
2020-03-13,USA,South Carolina,1,12.0,87.0,
2020-03-13,USA,South Dakota,1,9.0,82.0,
2020-03-13,USA,Tennessee,1,26.0,142.0,
2020-03-13,USA,Texas,1,39.0,,
2020-03-13,USA,Utah,1,6.0,137.0,
2020-03-13,USA,Virginia,1,30.0,147.0,
2020-03-13,USA,Vermont,1,2.0,144.0,
2020-03-13,USA,Washington,1,457.0,4807.0,31.0
2020-03-13,USA,Wisconsin,1,19.0,188.0,
2020-03-13,USA,West Virginia,1,0.0,17.0,
2020-03-13,USA,Wyoming,1,1.0,1.0,
2020-03-12,USA,Alaska,1,0.0,46.0,
2020-03-12,USA,Alabama,1,0.0,10.0,
2020-03-12,USA,Arkansas,1,6.0,30.0,
2020-03-12,USA,Arizona,1,9.0,91.0,
2020-03-12,USA,California,1,202.0,1118.0,4.0
2020-03-12,USA,Colorado,1,45.0,343.0,
2020-03-12,USA,Connecticut,1,6.0,95.0,
2020-03-12,USA,District of Columbia,1,10.0,30.0,
2020-03-12,USA,Delaware,1,4.0,27.0,
2020-03-12,USA,Florida,1,32.0,333.0,2.0
2020-03-12,USA,Georgia,1,31.0,,
2020-03-12,USA,Hawaii,1,2.0,,
2020-03-12,USA,Iowa,1,14.0,81.0,
2020-03-12,USA,Idaho,1,0.0,93.0,
2020-03-12,USA,Illinois,1,25.0,291.0,
2020-03-12,USA,Indiana,1,12.0,64.0,
2020-03-12,USA,Kansas,1,4.0,45.0,
2020-03-12,USA,Kentucky,1,8.0,64.0,
2020-03-12,USA,Louisiana,1,14.0,51.0,
2020-03-12,USA,Massachusetts,1,95.0,,
2020-03-12,USA,Maryland,1,12.0,106.0,
2020-03-12,USA,Maine,1,1.0,66.0,
2020-03-12,USA,Michigan,1,2.0,93.0,
2020-03-12,USA,Minnesota,1,9.0,316.0,
2020-03-12,USA,Missouri,1,1.0,65.0,
2020-03-12,USA,Mississippi,1,1.0,42.0,
2020-03-12,USA,Montana,1,1.0,35.0,
2020-03-12,USA,North Carolina,1,12.0,72.0,
2020-03-12,USA,North Dakota,1,1.0,13.0,
2020-03-12,USA,Nebraska,1,10.0,90.0,
2020-03-12,USA,New Hampshire,1,6.0,100.0,
2020-03-12,USA,New Jersey,1,30.0,104.0,1.0
2020-03-12,USA,New Mexico,1,5.0,160.0,
2020-03-12,USA,Nevada,1,7.0,175.0,
2020-03-12,USA,New York,1,216.0,308.0,
2020-03-12,USA,Ohio,1,5.0,35.0,
2020-03-12,USA,Oklahoma,1,3.0,39.0,
2020-03-12,USA,Oregon,1,19.0,305.0,
2020-03-12,USA,Pennsylvania,1,22.0,138.0,
2020-03-12,USA,Rhode Island,1,5.0,99.0,
2020-03-12,USA,South Carolina,1,10.0,58.0,
2020-03-12,USA,South Dakota,1,8.0,35.0,
2020-03-12,USA,Tennessee,1,18.0,97.0,
2020-03-12,USA,Texas,1,23.0,,
2020-03-12,USA,Utah,1,4.0,135.0,
2020-03-12,USA,Virginia,1,17.0,134.0,
2020-03-12,USA,Vermont,1,2.0,99.0,
2020-03-12,USA,Washington,1,337.0,3374.0,29.0
2020-03-12,USA,Wisconsin,1,8.0,92.0,
2020-03-12,USA,West Virginia,1,0.0,7.0,
2020-03-12,USA,Wyoming,1,1.0,1.0,
2020-03-11,USA,Alaska,1,0.0,46.0,
2020-03-11,USA,Alabama,1,0.0,10.0,
2020-03-11,USA,Arkansas,1,0.0,12.0,
2020-03-11,USA,Arizona,1,9.0,68.0,
2020-03-11,USA,California,1,157.0,1073.0,
2020-03-11,USA,Colorado,1,28.0,279.0,
2020-03-11,USA,Connecticut,1,3.0,74.0,
2020-03-11,USA,District of Columbia,1,5.0,25.0,
2020-03-11,USA,Delaware,1,1.0,18.0,
2020-03-11,USA,Florida,1,28.0,329.0,2.0
2020-03-11,USA,Georgia,1,22.0,,
2020-03-11,USA,Hawaii,1,2.0,,
2020-03-11,USA,Iowa,1,13.0,59.0,
2020-03-11,USA,Idaho,1,0.0,67.0,
2020-03-11,USA,Illinois,1,19.0,263.0,
2020-03-11,USA,Indiana,1,10.0,43.0,
2020-03-11,USA,Kansas,1,1.0,42.0,
2020-03-11,USA,Kentucky,1,8.0,54.0,
2020-03-11,USA,Louisiana,1,6.0,43.0,
2020-03-11,USA,Massachusetts,1,92.0,,
2020-03-11,USA,Maryland,1,9.0,103.0,
2020-03-11,USA,Maine,1,0.0,42.0,
2020-03-11,USA,Michigan,1,2.0,59.0,
2020-03-11,USA,Minnesota,1,5.0,222.0,
2020-03-11,USA,Missouri,1,1.0,,
2020-03-11,USA,Mississippi,1,0.0,20.0,
2020-03-11,USA,Montana,1,0.0,21.0,
2020-03-11,USA,North Carolina,1,7.0,,
2020-03-11,USA,North Dakota,1,0.0,7.0,
2020-03-11,USA,Nebraska,1,5.0,52.0,
2020-03-11,USA,New Hampshire,1,4.0,42.0,
2020-03-11,USA,New Jersey,1,24.0,81.0,1.0
2020-03-11,USA,New Mexico,1,3.0,90.0,
2020-03-11,USA,Nevada,1,5.0,173.0,
2020-03-11,USA,New York,1,216.0,308.0,
2020-03-11,USA,Ohio,1,4.0,25.0,
2020-03-11,USA,Oklahoma,1,2.0,17.0,
2020-03-11,USA,Oregon,1,19.0,305.0,
2020-03-11,USA,Pennsylvania,1,15.0,103.0,
2020-03-11,USA,Rhode Island,1,5.0,63.0,
2020-03-11,USA,South Carolina,1,9.0,41.0,
2020-03-11,USA,South Dakota,1,5.0,18.0,
2020-03-11,USA,Tennessee,1,7.0,57.0,
2020-03-11,USA,Texas,1,21.0,,
2020-03-11,USA,Utah,1,2.0,,
2020-03-11,USA,Virginia,1,9.0,69.0,
2020-03-11,USA,Vermont,1,1.0,63.0,
2020-03-11,USA,Washington,1,267.0,2442.0,24.0
2020-03-11,USA,Wisconsin,1,3.0,46.0,
2020-03-11,USA,West Virginia,1,0.0,3.0,
2020-03-11,USA,Wyoming,1,0.0,0.0,
2020-03-10,USA,Alaska,1,0.0,23.0,
2020-03-10,USA,Alabama,1,0.0,0.0,
2020-03-10,USA,Arkansas,1,0.0,12.0,
2020-03-10,USA,Arizona,1,6.0,57.0,
2020-03-10,USA,California,1,133.0,823.0,
2020-03-10,USA,Colorado,1,12.0,154.0,
2020-03-10,USA,Connecticut,1,2.0,56.0,
2020-03-10,USA,District of Columbia,1,5.0,22.0,
2020-03-10,USA,Delaware,1,0.0,17.0,
2020-03-10,USA,Florida,1,19.0,241.0,
2020-03-10,USA,Georgia,1,17.0,,
2020-03-10,USA,Hawaii,1,2.0,,
2020-03-10,USA,Iowa,1,8.0,40.0,
2020-03-10,USA,Idaho,1,0.0,41.0,
2020-03-10,USA,Illinois,1,19.0,263.0,
2020-03-10,USA,Indiana,1,6.0,36.0,
2020-03-10,USA,Kansas,1,1.0,18.0,
2020-03-10,USA,Kentucky,1,6.0,34.0,
2020-03-10,USA,Louisiana,1,1.0,12.0,
2020-03-10,USA,Massachusetts,1,92.0,,
2020-03-10,USA,Maryland,1,6.0,95.0,
2020-03-10,USA,Maine,1,0.0,20.0,
2020-03-10,USA,Michigan,1,0.0,39.0,
2020-03-10,USA,Minnesota,1,3.0,135.0,
2020-03-10,USA,Missouri,1,1.0,,
2020-03-10,USA,Mississippi,1,0.0,,
2020-03-10,USA,Montana,1,0.0,15.0,
2020-03-10,USA,North Carolina,1,7.0,,
2020-03-10,USA,North Dakota,1,0.0,6.0,
2020-03-10,USA,Nebraska,1,3.0,50.0,
2020-03-10,USA,New Hampshire,1,4.0,42.0,
2020-03-10,USA,New Jersey,1,15.0,59.0,
2020-03-10,USA,New Mexico,1,0.0,69.0,
2020-03-10,USA,Nevada,1,0.0,14.0,
2020-03-10,USA,New York,1,173.0,265.0,
2020-03-10,USA,Ohio,1,3.0,17.0,
2020-03-10,USA,Oklahoma,1,2.0,17.0,
2020-03-10,USA,Oregon,1,15.0,228.0,
2020-03-10,USA,Pennsylvania,1,12.0,,
2020-03-10,USA,Rhode Island,1,3.0,56.0,
2020-03-10,USA,South Carolina,1,7.0,31.0,
2020-03-10,USA,South Dakota,1,0.0,11.0,
2020-03-10,USA,Tennessee,1,7.0,,
2020-03-10,USA,Texas,1,13.0,,
2020-03-10,USA,Utah,1,2.0,,
2020-03-10,USA,Virginia,1,8.0,61.0,
2020-03-10,USA,Vermont,1,1.0,41.0,
2020-03-10,USA,Washington,1,162.0,1272.0,24.0
2020-03-10,USA,Wisconsin,1,2.0,38.0,
2020-03-10,USA,West Virginia,1,0.0,2.0,
2020-03-10,USA,Wyoming,1,0.0,0.0,
2020-03-09,USA,Alaska,1,0.0,23.0,
2020-03-09,USA,Alabama,1,0.0,,
2020-03-09,USA,Arkansas,1,0.0,12.0,
2020-03-09,USA,Arizona,1,5.0,49.0,
2020-03-09,USA,California,1,114.0,804.0,
2020-03-09,USA,Colorado,1,9.0,142.0,
2020-03-09,USA,Connecticut,1,1.0,47.0,
2020-03-09,USA,District of Columbia,1,1.0,15.0,
2020-03-09,USA,Delaware,1,0.0,15.0,
2020-03-09,USA,Florida,1,18.0,158.0,
2020-03-09,USA,Georgia,1,12.0,,
2020-03-09,USA,Hawaii,1,2.0,,
2020-03-09,USA,Iowa,1,3.0,29.0,
2020-03-09,USA,Idaho,1,0.0,41.0,
2020-03-09,USA,Illinois,1,7.0,198.0,
2020-03-09,USA,Indiana,1,2.0,,
2020-03-09,USA,Kansas,1,1.0,12.0,
2020-03-09,USA,Kentucky,1,4.0,21.0,
2020-03-09,USA,Louisiana,1,1.0,6.0,
2020-03-09,USA,Massachusetts,1,41.0,,
2020-03-09,USA,Maryland,1,5.0,78.0,
2020-03-09,USA,Maine,1,0.0,1.0,
2020-03-09,USA,Michigan,1,0.0,36.0,
2020-03-09,USA,Minnesota,1,2.0,82.0,
2020-03-09,USA,Missouri,1,1.0,,
2020-03-09,USA,Mississippi,1,0.0,,
2020-03-09,USA,Montana,1,0.0,11.0,
2020-03-09,USA,North Carolina,1,2.0,,
2020-03-09,USA,North Dakota,1,0.0,0.0,
2020-03-09,USA,Nebraska,1,3.0,39.0,
2020-03-09,USA,New Hampshire,1,4.0,42.0,
2020-03-09,USA,New Jersey,1,11.0,46.0,
2020-03-09,USA,New Mexico,1,0.0,57.0,
2020-03-09,USA,Nevada,1,1.0,15.0,
2020-03-09,USA,New York,1,142.0,234.0,
2020-03-09,USA,Ohio,1,3.0,14.0,
2020-03-09,USA,Oklahoma,1,1.0,9.0,
2020-03-09,USA,Oregon,1,14.0,179.0,
2020-03-09,USA,Pennsylvania,1,7.0,,
2020-03-09,USA,Rhode Island,1,3.0,56.0,
2020-03-09,USA,South Carolina,1,7.0,31.0,
2020-03-09,USA,South Dakota,1,0.0,5.0,
2020-03-09,USA,Tennessee,1,3.0,,
2020-03-09,USA,Texas,1,12.0,,
2020-03-09,USA,Utah,1,1.0,,
2020-03-09,USA,Virginia,1,3.0,41.0,
2020-03-09,USA,Vermont,1,1.0,35.0,
2020-03-09,USA,Washington,1,136.0,1246.0,22.0
2020-03-09,USA,Wisconsin,1,1.0,37.0,
2020-03-09,USA,West Virginia,1,0.0,2.0,
2020-03-09,USA,Wyoming,1,0.0,,
2020-03-08,USA,Alaska,1,0.0,14.0,
2020-03-08,USA,Alabama,1,0.0,,
2020-03-08,USA,Arkansas,1,0.0,6.0,
2020-03-08,USA,Arizona,1,5.0,49.0,
2020-03-08,USA,California,1,88.0,550.0,
2020-03-08,USA,Colorado,1,8.0,112.0,
2020-03-08,USA,Connecticut,1,1.0,30.0,
2020-03-08,USA,District of Columbia,1,1.0,11.0,
2020-03-08,USA,Delaware,1,0.0,10.0,
2020-03-08,USA,Florida,1,17.0,135.0,
2020-03-08,USA,Georgia,1,7.0,,
2020-03-08,USA,Hawaii,1,1.0,,
2020-03-08,USA,Iowa,1,0.0,15.0,
2020-03-08,USA,Idaho,1,0.0,27.0,
2020-03-08,USA,Illinois,1,6.0,197.0,
2020-03-08,USA,Indiana,1,2.0,,
2020-03-08,USA,Kansas,1,1.0,12.0,
2020-03-08,USA,Kentucky,1,1.0,14.0,
2020-03-08,USA,Louisiana,1,0.0,5.0,
2020-03-08,USA,Massachusetts,1,13.0,,
2020-03-08,USA,Maryland,1,3.0,55.0,
2020-03-08,USA,Maine,1,0.0,1.0,
2020-03-08,USA,Michigan,1,0.0,26.0,
2020-03-08,USA,Minnesota,1,1.0,49.0,
2020-03-08,USA,Missouri,1,1.0,,
2020-03-08,USA,Mississippi,1,0.0,,
2020-03-08,USA,Montana,1,0.0,11.0,
2020-03-08,USA,North Carolina,1,2.0,,
2020-03-08,USA,North Dakota,1,0.0,0.0,
2020-03-08,USA,Nebraska,1,1.0,18.0,
2020-03-08,USA,New Hampshire,1,4.0,42.0,
2020-03-08,USA,New Jersey,1,6.0,37.0,
2020-03-08,USA,New Mexico,1,0.0,48.0,
2020-03-08,USA,Nevada,1,1.0,15.0,
2020-03-08,USA,New York,1,105.0,197.0,
2020-03-08,USA,Ohio,1,0.0,10.0,
2020-03-08,USA,Oklahoma,1,1.0,9.0,
2020-03-08,USA,Oregon,1,14.0,114.0,
2020-03-08,USA,Pennsylvania,1,4.0,,
2020-03-08,USA,Rhode Island,1,3.0,33.0,
2020-03-08,USA,South Carolina,1,2.0,10.0,
2020-03-08,USA,South Dakota,1,0.0,5.0,
2020-03-08,USA,Tennessee,1,3.0,,
2020-03-08,USA,Texas,1,8.0,,
2020-03-08,USA,Utah,1,1.0,,
2020-03-08,USA,Virginia,1,2.0,38.0,
2020-03-08,USA,Vermont,1,1.0,29.0,
2020-03-08,USA,Washington,1,102.0,742.0,18.0
2020-03-08,USA,Wisconsin,1,1.0,32.0,
2020-03-08,USA,West Virginia,1,0.0,2.0,
2020-03-08,USA,Wyoming,1,0.0,,
2020-03-07,USA,Alaska,1,0.0,12.0,
2020-03-07,USA,Alabama,1,0.0,,
2020-03-07,USA,Arkansas,1,0.0,6.0,
2020-03-07,USA,Arizona,1,5.0,49.0,
2020-03-07,USA,California,1,69.0,531.0,
2020-03-07,USA,Colorado,1,8.0,63.0,
2020-03-07,USA,Connecticut,1,0.0,,
2020-03-07,USA,District of Columbia,1,0.0,8.0,
2020-03-07,USA,Delaware,1,0.0,10.0,
2020-03-07,USA,Florida,1,14.0,114.0,
2020-03-07,USA,Georgia,1,6.0,,
2020-03-07,USA,Hawaii,1,1.0,,
2020-03-07,USA,Iowa,1,0.0,15.0,
2020-03-07,USA,Idaho,1,0.0,27.0,
2020-03-07,USA,Illinois,1,6.0,197.0,
2020-03-07,USA,Indiana,1,1.0,,
2020-03-07,USA,Kansas,1,0.0,11.0,
2020-03-07,USA,Kentucky,1,1.0,10.0,
2020-03-07,USA,Louisiana,1,0.0,,
2020-03-07,USA,Massachusetts,1,13.0,,
2020-03-07,USA,Maryland,1,3.0,44.0,
2020-03-07,USA,Maine,1,0.0,1.0,
2020-03-07,USA,Michigan,1,0.0,18.0,
2020-03-07,USA,Minnesota,1,1.0,49.0,
2020-03-07,USA,Missouri,1,0.0,,
2020-03-07,USA,Mississippi,1,0.0,,
2020-03-07,USA,Montana,1,0.0,11.0,
2020-03-07,USA,North Carolina,1,2.0,,
2020-03-07,USA,North Dakota,1,0.0,0.0,
2020-03-07,USA,Nebraska,1,1.0,18.0,
2020-03-07,USA,New Hampshire,1,2.0,22.0,
2020-03-07,USA,New Jersey,1,4.0,,
2020-03-07,USA,New Mexico,1,0.0,48.0,
2020-03-07,USA,Nevada,1,1.0,15.0,
2020-03-07,USA,New York,1,76.0,168.0,
2020-03-07,USA,Ohio,1,0.0,9.0,
2020-03-07,USA,Oklahoma,1,1.0,,
2020-03-07,USA,Oregon,1,7.0,84.0,
2020-03-07,USA,Pennsylvania,1,2.0,,
2020-03-07,USA,Rhode Island,1,2.0,,
2020-03-07,USA,South Carolina,1,2.0,10.0,
2020-03-07,USA,South Dakota,1,0.0,5.0,
2020-03-07,USA,Tennessee,1,1.0,,
2020-03-07,USA,Texas,1,8.0,,
2020-03-07,USA,Utah,1,1.0,,
2020-03-07,USA,Virginia,1,0.0,31.0,
2020-03-07,USA,Vermont,1,0.0,16.0,
2020-03-07,USA,Washington,1,102.0,472.0,16.0
2020-03-07,USA,Wisconsin,1,1.0,32.0,
2020-03-07,USA,West Virginia,1,0.0,2.0,
2020-03-07,USA,Wyoming,1,0.0,,
2020-03-06,USA,Alaska,1,0.0,8.0,
2020-03-06,USA,Arkansas,1,0.0,6.0,
2020-03-06,USA,Arizona,1,3.0,36.0,
2020-03-06,USA,California,1,60.0,522.0,
2020-03-06,USA,Colorado,1,2.0,48.0,
2020-03-06,USA,District of Columbia,1,0.0,8.0,
2020-03-06,USA,Delaware,1,0.0,10.0,
2020-03-06,USA,Florida,1,9.0,64.0,
2020-03-06,USA,Georgia,1,2.0,,
2020-03-06,USA,Iowa,1,0.0,15.0,
2020-03-06,USA,Illinois,1,5.0,185.0,
2020-03-06,USA,Indiana,1,1.0,,
2020-03-06,USA,Kansas,1,0.0,4.0,
2020-03-06,USA,Kentucky,1,0.0,7.0,
2020-03-06,USA,Massachusetts,1,8.0,,
2020-03-06,USA,Maryland,1,3.0,29.0,
2020-03-06,USA,Michigan,1,0.0,8.0,
2020-03-06,USA,Minnesota,1,0.0,36.0,
2020-03-06,USA,North Carolina,1,2.0,,
2020-03-06,USA,Nebraska,1,0.0,17.0,
2020-03-06,USA,New Hampshire,1,2.0,22.0,
2020-03-06,USA,New Jersey,1,1.0,,
2020-03-06,USA,New Mexico,1,0.0,16.0,
2020-03-06,USA,Nevada,1,1.0,15.0,
2020-03-06,USA,New York,1,33.0,125.0,
2020-03-06,USA,Ohio,1,0.0,8.0,
2020-03-06,USA,Oregon,1,3.0,67.0,
2020-03-06,USA,Pennsylvania,1,2.0,,
2020-03-06,USA,South Carolina,1,0.0,5.0,
2020-03-06,USA,Tennessee,1,1.0,,
2020-03-06,USA,Texas,1,5.0,,
2020-03-06,USA,Virginia,1,0.0,21.0,
2020-03-06,USA,Vermont,1,0.0,8.0,
2020-03-06,USA,Washington,1,79.0,449.0,14.0
2020-03-06,USA,Wisconsin,1,1.0,32.0,
2020-03-06,USA,West Virginia,1,0.0,1.0,
2020-03-05,USA,Arizona,1,2.0,30.0,
2020-03-05,USA,California,1,53.0,515.0,
2020-03-05,USA,Colorado,1,0.0,19.0,
2020-03-05,USA,District of Columbia,1,0.0,6.0,
2020-03-05,USA,Florida,1,9.0,40.0,
2020-03-05,USA,Georgia,1,2.0,,
2020-03-05,USA,Illinois,1,5.0,170.0,
2020-03-05,USA,Massachusetts,1,2.0,,
2020-03-05,USA,Maryland,1,0.0,17.0,
2020-03-05,USA,Michigan,1,0.0,8.0,
2020-03-05,USA,North Carolina,1,1.0,,
2020-03-05,USA,Nebraska,1,0.0,17.0,
2020-03-05,USA,New Hampshire,1,2.0,18.0,
2020-03-05,USA,New Jersey,1,1.0,,
2020-03-05,USA,Nevada,1,1.0,15.0,
2020-03-05,USA,New York,1,22.0,98.0,
2020-03-05,USA,Ohio,1,0.0,7.0,
2020-03-05,USA,Oregon,1,3.0,48.0,
2020-03-05,USA,South Carolina,1,0.0,5.0,
2020-03-05,USA,Tennessee,1,1.0,,
2020-03-05,USA,Texas,1,1.0,,
2020-03-05,USA,Virginia,1,0.0,18.0,
2020-03-05,USA,Washington,1,70.0,,11.0
2020-03-05,USA,Wisconsin,1,1.0,20.0,
2020-03-04,USA,Arizona,1,2.0,29.0,
2020-03-04,USA,California,1,53.0,515.0,
2020-03-04,USA,Florida,1,2.0,26.0,
2020-03-04,USA,Georgia,1,2.0,,
2020-03-04,USA,Illinois,1,4.0,128.0,
2020-03-04,USA,Massachusetts,1,2.0,,
2020-03-04,USA,North Carolina,1,1.0,,
2020-03-04,USA,New Hampshire,1,2.0,12.0,
2020-03-04,USA,New York,1,6.0,54.0,
2020-03-04,USA,Oregon,1,3.0,32.0,
2020-03-04,USA,South Carolina,1,0.0,5.0,
2020-03-04,USA,Texas,1,1.0,,
2020-03-04,USA,Washington,1,39.0,,10.0
2020-03-04,USA,Wisconsin,1,1.0,20.0,
