"","adm0","adm1","adm2","cases_with_policy_02_26","cases_with_policy_02_27","cases_with_policy_02_28","cases_with_policy_02_29","cases_with_policy_03_01","cases_with_policy_03_02","cases_with_policy_03_03","cases_with_policy_03_04","cases_with_policy_03_05","cases_with_policy_03_06","cases_with_policy_03_07","cases_with_policy_03_08","cases_with_policy_03_09","cases_with_policy_03_10","cases_with_policy_03_11","cases_with_policy_03_12","cases_with_policy_03_13","cases_with_policy_03_14","cases_with_policy_03_15","cases_with_policy_03_16","cases_with_policy_03_17","cases_with_policy_03_18","cases_with_policy_03_19","cases_with_policy_03_20","cases_with_policy_03_21","cases_with_policy_03_22","cases_with_policy_03_23","cases_with_policy_03_24","cases_with_policy_03_25","cases_with_policy_03_26","cases_with_policy_03_27","cases_with_policy_03_28","cases_with_policy_03_29","cases_with_policy_03_30","cases_with_policy_03_31","cases_with_policy_04_01","cases_with_policy_04_02","cases_with_policy_04_03","cases_with_policy_04_04","cases_with_policy_04_05","cases_with_policy_04_06","cases_no_policy_02_26","cases_no_policy_02_27","cases_no_policy_02_28","cases_no_policy_02_29","cases_no_policy_03_01","cases_no_policy_03_02","cases_no_policy_03_03","cases_no_policy_03_04","cases_no_policy_03_05","cases_no_policy_03_06","cases_no_policy_03_07","cases_no_policy_03_08","cases_no_policy_03_09","cases_no_policy_03_10","cases_no_policy_03_11","cases_no_policy_03_12","cases_no_policy_03_13","cases_no_policy_03_14","cases_no_policy_03_15","cases_no_policy_03_16","cases_no_policy_03_17","cases_no_policy_03_18","cases_no_policy_03_19","cases_no_policy_03_20","cases_no_policy_03_21","cases_no_policy_03_22","cases_no_policy_03_23","cases_no_policy_03_24","cases_no_policy_03_25","cases_no_policy_03_26","cases_no_policy_03_27","cases_no_policy_03_28","cases_no_policy_03_29","cases_no_policy_03_30","cases_no_policy_03_31","cases_no_policy_04_01","cases_no_policy_04_02","cases_no_policy_04_03","cases_no_policy_04_04","cases_no_policy_04_05","n_04_06"
"0","ITA","Abruzzo","Chieti",NA,NA,NA,NA,NA,NA,NA,NA,NA,NA,NA,NA,NA,NA,NA,20,23,25,30,38,41,44,69,80,91,102,129,133,146,175,189,229,266,273,280,292,299,310,317,325,327,NA,NA,NA,NA,NA,NA,NA,NA,NA,NA,NA,NA,NA,NA,NA,20,28,38,58,88,125,179,284,412,588,873,1254,1741,2403,3296,4364,5598,7052,8392,9688,10888,11950,12814,13482,14033,14413
"1","ITA","Abruzzo","L'Aquila",NA,NA,NA,NA,NA,NA,NA,NA,NA,NA,NA,NA,NA,NA,NA,NA,NA,13,15,18,19,20,25,29,31,38,40,47,60,64,75,88,101,115,123,128,140,166,174,179,183,NA,NA,NA,NA,NA,NA,NA,NA,NA,NA,NA,NA,NA,NA,NA,NA,NA,13,18,27,37,53,83,124,181,284,417,612,893,1281,1805,2467,3351,4306,5352,6443,7538,8529,9338,10043,10552
"2","ITA","Abruzzo","Pescara",NA,NA,NA,NA,NA,NA,NA,NA,NA,NA,NA,NA,14,18,30,48,48,65,82,101,138,160,223,259,302,334,351,369,412,445,476,512,576,594,622,631,646,669,700,727,728,NA,NA,NA,NA,NA,NA,NA,NA,NA,NA,NA,NA,14,21,39,66,82,122,177,249,365,502,737,1015,1385,1917,2537,3312,4272,5381,6545,7677,8843,9748,10527,11151,11660,12053,12354,12585,12724
"3","ITA","Abruzzo","Teramo",NA,NA,NA,NA,NA,NA,NA,NA,NA,NA,NA,NA,NA,NA,NA,NA,NA,NA,10,19,31,39,68,81,105,113,124,140,195,262,277,304,350,363,376,385,412,418,437,472,483,NA,NA,NA,NA,NA,NA,NA,NA,NA,NA,NA,NA,NA,NA,NA,NA,NA,NA,10,22,39,56,101,141,209,300,436,645,994,1508,2156,3015,4188,5419,6724,7993,9160,10074,10765,11301,11625
"4","ITA","Basilicata","Matera",NA,NA,NA,NA,NA,NA,NA,NA,NA,NA,NA,NA,NA,NA,NA,NA,NA,NA,NA,NA,NA,NA,NA,NA,NA,16,18,25,36,48,53,76,84,92,104,114,118,124,125,136,143,NA,NA,NA,NA,NA,NA,NA,NA,NA,NA,NA,NA,NA,NA,NA,NA,NA,NA,NA,NA,NA,NA,NA,NA,NA,16,25,43,74,120,180,287,436,644,949,1376,1957,2683,3491,4405,5203
"5","ITA","Basilicata","Potenza",NA,NA,NA,NA,NA,NA,NA,NA,NA,NA,NA,NA,NA,NA,NA,NA,NA,NA,NA,NA,16,22,30,43,58,65,66,67,70,86,98,106,118,122,122,123,128,137,139,142,144,NA,NA,NA,NA,NA,NA,NA,NA,NA,NA,NA,NA,NA,NA,NA,NA,NA,NA,NA,NA,16,26,41,67,102,148,206,293,424,635,928,1324,1917,2638,3555,4684,6022,7435,8786,10121,11176
"6","ITA","Calabria","Catanzaro",NA,NA,NA,NA,NA,NA,NA,NA,NA,NA,NA,NA,NA,NA,NA,NA,NA,NA,NA,NA,14,20,27,34,38,45,46,49,51,53,115,118,123,134,139,140,146,150,150,157,158,NA,NA,NA,NA,NA,NA,NA,NA,NA,NA,NA,NA,NA,NA,NA,NA,NA,NA,NA,NA,14,24,37,55,77,120,173,254,374,557,882,1250,1806,2505,3398,4500,5819,7217,8564,9905,10962
"7","ITA","Calabria","Cosenza",NA,NA,NA,NA,NA,NA,NA,NA,NA,NA,NA,NA,NA,NA,NA,NA,10,15,17,17,27,31,38,45,50,63,68,84,99,107,128,154,171,184,186,188,194,203,204,230,243,NA,NA,NA,NA,NA,NA,NA,NA,NA,NA,NA,NA,NA,NA,NA,NA,10,18,24,32,54,78,117,174,253,396,582,864,1270,1860,2699,3820,5414,7277,9504,12051,14828,17513,19884,22087,23721
"8","ITA","Calabria","Crotone",NA,NA,NA,NA,NA,NA,NA,NA,NA,NA,NA,NA,NA,NA,NA,NA,NA,NA,17,17,21,23,39,45,50,61,62,66,71,80,80,87,90,93,93,94,94,106,106,109,111,NA,NA,NA,NA,NA,NA,NA,NA,NA,NA,NA,NA,NA,NA,NA,NA,NA,NA,17,21,32,45,78,110,152,230,319,445,620,865,1172,1555,2053,2577,3145,3738,4330,4876,5327,5735,6035
"9","ITA","Calabria","Reggio di Calabria",NA,NA,NA,NA,NA,NA,NA,NA,NA,NA,NA,NA,NA,NA,NA,11,13,18,22,22,46,47,57,73,84,88,94,97,105,123,140,155,189,190,195,201,207,218,222,237,237,NA,NA,NA,NA,NA,NA,NA,NA,NA,NA,NA,NA,NA,NA,NA,11,16,26,38,51,96,128,189,280,401,592,851,1214,1736,2490,3490,4743,6434,8212,10163,12186,14182,15949,17398,18666,19564
"10","ITA","Calabria","Vibo Valentia",NA,NA,NA,NA,NA,NA,NA,NA,NA,NA,NA,NA,NA,NA,NA,NA,NA,NA,NA,NA,NA,NA,NA,NA,11,14,20,21,23,28,29,39,39,44,44,44,48,54,57,60,60,NA,NA,NA,NA,NA,NA,NA,NA,NA,NA,NA,NA,NA,NA,NA,NA,NA,NA,NA,NA,NA,NA,NA,NA,11,19,32,45,66,101,148,226,333,484,689,974,1369,1863,2426,3090,3704
"11","ITA","Campania","Avellino",NA,NA,NA,NA,NA,NA,NA,NA,NA,NA,NA,NA,NA,NA,NA,12,14,19,37,49,56,70,88,97,124,132,145,155,172,180,182,193,208,220,226,258,290,340,351,355,373,NA,NA,NA,NA,NA,NA,NA,NA,NA,NA,NA,NA,NA,NA,NA,12,17,27,55,82,113,164,242,342,501,734,1052,1494,2115,2964,4043,5332,6926,8484,10024,11489,12797,13873,14667,15300,15746
"12","ITA","Campania","Benevento",NA,NA,NA,NA,NA,NA,NA,NA,NA,NA,NA,NA,NA,NA,NA,NA,NA,NA,NA,NA,NA,NA,NA,NA,11,13,13,14,14,14,15,21,21,70,76,81,85,85,86,108,108,NA,NA,NA,NA,NA,NA,NA,NA,NA,NA,NA,NA,NA,NA,NA,NA,NA,NA,NA,NA,NA,NA,NA,NA,11,18,26,41,64,102,164,263,418,687,1017,1493,2170,3045,4082,5343,6505
"13","ITA","Campania","Caserta",NA,NA,NA,NA,NA,NA,NA,NA,NA,NA,NA,NA,NA,NA,26,29,38,41,45,60,65,78,94,96,106,116,124,152,165,177,179,186,197,206,221,238,255,264,279,300,308,NA,NA,NA,NA,NA,NA,NA,NA,NA,NA,NA,NA,NA,NA,26,35,55,75,107,161,224,324,470,659,928,1358,1905,2668,3682,5065,6814,8920,11646,14451,17462,20552,23613,26342,28644,30725,32252
"14","ITA","Campania","Napoli",NA,NA,NA,13,17,17,17,17,17,17,17,45,55,61,96,109,140,171,188,219,258,304,358,416,463,504,543,588,626,665,734,827,898,991,1053,1161,1279,1428,1498,1532,1568,NA,NA,NA,13,19,23,29,38,54,78,115,203,297,433,668,985,1457,2108,3093,4391,6200,8720,12269,16942,22762,30747,39420,49176,59660,70507,80606,89380,97395,103420,108254,112152,115262,117641,119350,120637,121546
"15","ITA","Campania","Salerno",NA,NA,NA,NA,NA,NA,NA,NA,NA,NA,NA,15,17,17,17,18,20,31,49,57,65,77,92,115,126,157,179,182,220,244,244,307,323,338,341,360,385,400,426,437,462,NA,NA,NA,NA,NA,NA,NA,NA,NA,NA,NA,15,19,25,34,50,76,123,200,289,415,603,881,1282,1816,2672,3744,5162,7080,9589,12596,16043,20070,23847,27497,30893,33943,36431,38389,40027,41200
"16","ITA","Emilia Romagna","Bologna",NA,NA,NA,NA,NA,NA,NA,11,19,41,49,62,80,86,108,122,155,195,230,291,333,395,465,552,610,674,833,968,1107,1253,1413,1586,1743,1872,1940,2084,2225,2339,2429,2521,2617,NA,NA,NA,NA,NA,NA,NA,11,20,44,55,76,107,138,203,287,429,630,929,1355,1928,2763,3961,5589,7630,10497,13759,17380,21215,25075,28559,31490,34013,35829,37166,38235,39019,39540,39868,40026,40124
"17","ITA","Emilia Romagna","Ferrara",NA,NA,NA,NA,NA,NA,NA,NA,NA,NA,NA,NA,NA,NA,12,17,24,29,34,44,58,64,78,102,123,150,172,190,204,212,244,281,300,306,320,326,341,368,474,488,510,NA,NA,NA,NA,NA,NA,NA,NA,NA,NA,NA,NA,NA,NA,12,20,33,47,68,103,156,222,330,496,721,1083,1546,2165,2977,4016,5250,6567,7977,9184,10255,11146,11876,12434,12918,13208,13406
"18","ITA","Emilia Romagna","Forlì-Cesena",NA,NA,NA,NA,NA,NA,NA,NA,NA,NA,NA,15,16,20,24,33,49,62,78,103,144,171,227,250,269,329,380,437,454,513,580,612,642,683,730,756,789,866,924,977,1015,NA,NA,NA,NA,NA,NA,NA,NA,NA,NA,NA,15,18,28,42,69,113,168,255,381,571,819,1205,1691,2326,3296,4405,5713,7132,8682,10156,11411,12532,13373,14036,14521,14882,15175,15367,15478,15538
"19","ITA","Emilia Romagna","Modena",NA,18,18,22,24,29,33,41,45,73,82,97,116,127,163,190,251,306,367,440,460,575,663,767,906,1010,1155,1354,1533,1676,1772,1922,2094,2137,2222,2297,2416,2498,2551,2609,2691,NA,18,18,22,27,36,47,67,90,147,198,311,467,674,1002,1450,2080,2870,3965,5224,6671,8452,10438,12492,14491,16653,18516,20217,21671,22872,23792,24572,25218,25613,25956,26207,26425,26560,26641,26651,26712
"20","ITA","Emilia Romagna","Parma",NA,10,27,35,59,61,84,115,150,181,229,276,279,325,378,430,518,570,662,707,800,834,869,979,1014,1209,1364,1435,1525,1611,1690,1752,1809,1859,1933,2005,2049,2083,2201,2275,2317,NA,10,27,35,61,65,93,131,178,228,304,417,514,698,958,1312,1815,2406,3255,4168,5293,6506,7840,9230,10427,11863,13014,13912,14665,15261,15710,16035,16246,16406,16537,16619,16623,16596,16648,16595,16549
"21","ITA","Emilia Romagna","Piacenza",28,63,89,138,174,212,256,319,378,426,479,528,602,633,664,679,710,853,1012,1073,1204,1340,1428,1575,1693,1765,1885,1981,2122,2213,2276,2390,2475,2516,2635,2716,2765,2811,2842,2892,2936,28,63,89,138,179,226,284,368,460,556,675,874,1143,1433,1817,2284,2848,3581,4423,5126,5880,6589,7179,7720,8123,8550,8954,9270,9574,9773,9910,10079,10167,10227,10350,10419,10436,10448,10450,10440,10454
"22","ITA","Emilia Romagna","Ravenna",NA,NA,NA,NA,NA,NA,NA,NA,NA,NA,10,13,19,24,31,41,55,78,100,114,124,153,185,213,287,309,342,368,387,451,488,521,553,568,580,605,627,656,688,708,728,NA,NA,NA,NA,NA,NA,NA,NA,NA,NA,10,15,24,35,53,80,122,187,278,388,539,775,1115,1572,2215,3078,4092,5291,6645,8159,9599,10880,12060,12936,13629,14178,14594,14899,15118,15254,15343
"23","ITA","Emilia Romagna","Reggio nell'Emilia",NA,NA,NA,NA,NA,NA,14,20,31,44,48,70,103,104,114,123,138,153,185,241,299,414,608,773,977,1167,1369,1437,1586,1698,1861,1996,2146,2208,2307,2553,2665,2800,2908,3066,3167,NA,NA,NA,NA,NA,NA,14,21,34,51,61,102,165,213,299,430,626,903,1342,1932,2717,3803,5267,6939,8784,10922,12890,14580,16140,17423,18473,19248,19847,20197,20467,20787,20881,20943,20948,20912,20849
"24","ITA","Emilia Romagna","Rimini",NA,NA,NA,15,16,19,24,33,68,93,104,113,164,206,245,312,363,398,425,509,559,613,691,757,826,942,1035,1084,1136,1189,1264,1323,1357,1382,1407,1445,1456,1511,1523,1553,1575,NA,NA,NA,15,17,22,31,45,89,128,159,215,333,472,657,936,1276,1688,2245,2940,3723,4625,5654,6680,7643,8729,9615,10339,10948,11445,11854,12159,12360,12507,12611,12691,12706,12746,12737,12703,12683
"25","ITA","Friuli Venezia Giulia","Gorizia",NA,NA,NA,NA,NA,NA,NA,NA,NA,NA,NA,NA,NA,10,12,12,13,14,15,16,18,25,28,30,38,44,55,57,65,75,79,85,91,91,98,106,110,111,115,116,119,NA,NA,NA,NA,NA,NA,NA,NA,NA,NA,NA,NA,NA,10,14,19,26,38,56,81,118,176,255,364,514,738,1010,1337,1736,2204,2689,3162,3639,4022,4355,4633,4857,5024,5150,5245,5313
"26","ITA","Friuli Venezia Giulia","Pordenone",NA,NA,NA,NA,NA,NA,NA,NA,NA,NA,NA,NA,NA,NA,13,13,31,36,42,54,54,76,97,114,144,165,170,201,277,295,332,362,368,383,405,419,441,452,461,470,477,NA,NA,NA,NA,NA,NA,NA,NA,NA,NA,NA,NA,NA,NA,13,16,40,56,79,118,160,247,369,538,785,1160,1626,2274,3153,4180,5357,6559,7792,8831,9727,10455,11039,11458,11751,11957,12086
"27","ITA","Friuli Venezia Giulia","Trieste",NA,NA,NA,NA,NA,NA,NA,NA,NA,NA,11,25,25,53,57,57,131,136,140,164,177,180,208,216,270,297,320,329,355,385,411,452,476,494,545,575,598,629,651,670,708,NA,NA,NA,NA,NA,NA,NA,NA,NA,NA,11,27,30,65,81,102,208,262,345,480,653,887,1247,1697,2301,3078,3889,4732,5587,6395,7074,7627,8061,8359,8606,8765,8859,8917,8937,8911,8903
"28","ITA","Friuli Venezia Giulia","Udine",NA,NA,NA,NA,NA,NA,NA,NA,11,18,23,24,24,26,44,44,75,88,129,137,145,181,266,296,338,361,385,405,431,460,487,499,511,524,536,576,641,681,754,786,793,NA,NA,NA,NA,NA,NA,NA,NA,11,20,28,35,44,62,108,152,250,361,560,783,1099,1576,2296,3176,4293,5808,7452,9265,11168,13069,14764,16161,17370,18243,18911,19439,19854,20126,20346,20443,20480
"29","ITA","Lazio","Frosinone",NA,NA,NA,NA,NA,NA,NA,NA,NA,NA,NA,NA,NA,NA,NA,18,28,28,34,44,45,47,48,52,59,78,82,97,106,156,191,232,252,290,321,329,334,354,364,369,374,NA,NA,NA,NA,NA,NA,NA,NA,NA,NA,NA,NA,NA,NA,NA,18,33,41,62,95,133,194,290,438,656,1032,1517,2205,3139,4437,6002,7765,9771,11621,13327,14795,16018,16965,17649,18161,18495
"30","ITA","Lazio","Latina",NA,NA,NA,NA,NA,NA,NA,NA,NA,NA,NA,NA,NA,11,11,11,15,20,23,23,23,23,23,115,136,146,159,182,198,206,212,215,239,254,257,272,280,304,318,336,349,NA,NA,NA,NA,NA,NA,NA,NA,NA,NA,NA,NA,NA,11,14,19,31,49,73,104,152,224,334,589,841,1227,1734,2437,3380,4643,6207,8003,10187,12261,14273,16147,17808,19168,20212,21076,21676
"31","ITA","Lazio","Rieti",NA,NA,NA,NA,NA,NA,NA,NA,NA,NA,NA,NA,NA,NA,NA,NA,NA,NA,NA,11,12,12,18,18,24,24,31,33,39,41,43,62,76,105,132,158,188,188,188,189,266,NA,NA,NA,NA,NA,NA,NA,NA,NA,NA,NA,NA,NA,NA,NA,NA,NA,NA,NA,11,15,20,35,51,82,130,206,313,474,706,1025,1449,2003,2607,3244,3871,4456,4911,5259,5532,5788
"32","ITA","Lazio","Roma",NA,NA,NA,NA,NA,NA,14,29,42,49,71,73,74,76,99,162,218,288,354,412,486,590,678,755,893,1049,1171,1287,1428,1567,1703,1839,1945,2068,2186,2260,2393,2503,2620,2714,2769,NA,NA,NA,NA,NA,NA,14,29,45,59,92,114,147,206,324,542,838,1269,1931,2825,4144,6105,9004,13104,18741,27197,37380,50006,64980,81884,98818,114318,128843,139898,148714,155511,160726,164417,166981,168708,169747
"33","ITA","Lazio","Viterbo",NA,NA,NA,NA,NA,NA,NA,NA,NA,NA,NA,NA,NA,NA,NA,NA,10,13,15,27,31,39,50,63,72,82,93,121,122,122,124,144,179,181,181,193,219,226,240,243,243,NA,NA,NA,NA,NA,NA,NA,NA,NA,NA,NA,NA,NA,NA,NA,NA,10,16,22,42,58,86,129,191,272,408,592,869,1225,1732,2406,3258,4375,5500,6680,7858,8977,9902,10640,11243,11659
"34","ITA","Liguria","Genova",NA,NA,NA,NA,NA,NA,NA,NA,NA,NA,15,25,38,42,63,92,128,231,274,274,330,378,488,527,561,677,689,696,728,762,817,879,1026,1069,1095,1108,1153,1180,1312,1924,2002,NA,NA,NA,NA,NA,NA,NA,NA,NA,NA,15,28,45,59,99,159,245,425,598,785,1123,1597,2354,3320,4617,6628,8896,11624,14753,18115,21327,24127,26693,28488,29840,30818,31533,31978,32349,33027,33095
"35","ITA","Liguria","Imperia",NA,NA,NA,NA,NA,NA,NA,NA,NA,NA,NA,10,11,15,18,32,41,64,68,72,76,101,117,145,155,158,160,168,177,211,214,215,216,217,218,219,220,223,224,586,592,NA,NA,NA,NA,NA,NA,NA,NA,NA,NA,NA,10,13,21,33,62,99,166,248,369,553,850,1270,1843,2524,3395,4248,5058,5753,6318,6677,6885,6964,6963,6895,6769,6585,6375,6152,6228,5984
"36","ITA","Liguria","La Spezia",NA,NA,NA,NA,NA,NA,NA,NA,NA,NA,NA,11,15,15,19,26,37,52,60,60,65,83,88,90,94,99,102,104,137,149,213,223,233,234,240,245,250,323,341,445,450,NA,NA,NA,NA,NA,NA,NA,NA,NA,NA,NA,11,17,21,32,51,82,126,182,250,354,516,733,1026,1410,1963,2586,3300,4109,4924,5729,6371,6937,7344,7661,7897,8067,8249,8334,8466,8482
"37","ITA","Liguria","Savona",10,11,11,12,12,13,13,14,14,15,19,25,35,38,42,52,62,87,96,96,100,126,131,162,173,175,185,204,207,209,214,219,239,241,242,244,245,253,261,326,408,10,13,15,20,26,34,45,63,88,125,178,271,395,566,809,1148,1579,2111,2773,3449,4176,4938,5661,6316,6828,7356,7768,8102,8342,8511,8628,8708,8748,8768,8768,8748,8703,8659,8618,8599,8626
"38","ITA","Lombardia","Bergamo",20,72,103,110,209,243,372,423,537,623,761,997,1245,1503,1815,2136,2368,2864,3416,3760,3993,4305,4645,5154,5869,6216,6471,6728,7072,7458,8060,8349,8527,8664,8803,9039,9171,9315,9588,9712,9815,20,72,103,110,213,255,396,468,615,753,967,1381,1882,2507,3369,4487,5801,7693,10184,12725,15539,18766,22276,25873,29362,32619,35185,37343,39193,40712,42112,42947,43395,43709,43896,44063,43996,43891,43907,43606,43398
"39","ITA","Lombardia","Brescia",NA,10,13,14,49,60,86,127,155,182,413,501,739,999,1351,1598,1784,2122,2473,2918,3300,3784,4247,4648,5028,5317,5905,6298,6597,6931,7305,7678,8013,8213,8367,8598,8757,9014,9180,9340,9477,NA,10,13,14,51,65,96,145,187,237,502,671,1030,1471,2107,2784,3590,4784,6421,8471,10945,14088,17857,21973,26194,30837,35212,38996,42196,44916,47093,48774,50025,50821,51331,51716,51832,51927,51869,51599,51381
"40","ITA","Lombardia","Como",NA,NA,NA,NA,NA,NA,NA,NA,11,11,23,27,40,56,77,98,118,154,184,220,256,286,338,380,452,512,581,635,706,762,816,903,1014,1061,1101,1157,1205,1256,1319,1384,1473,NA,NA,NA,NA,NA,NA,NA,NA,11,12,25,35,58,89,135,196,277,401,572,798,1106,1526,2142,2948,4003,5463,7108,8987,11078,13274,15356,17223,18965,20232,21242,22051,22671,23126,23466,23706,23901
"41","ITA","Lombardia","Cremona",57,91,123,136,214,223,287,333,406,452,562,665,916,986,1061,1302,1344,1565,1792,1881,2073,2167,2286,2392,2733,2895,2925,3061,3156,3370,3496,3605,3762,3788,3869,3941,3974,4097,4154,4233,4260,57,91,123,136,224,249,339,423,553,680,900,1245,1802,2262,2848,3714,4459,5420,6458,7277,8145,8836,9452,9932,10533,11034,11340,11686,11932,12237,12422,12573,12711,12745,12817,12863,12846,12919,12934,12932,12917
"42","ITA","Lombardia","Lecco",NA,NA,NA,NA,NA,NA,NA,NA,NA,11,35,53,66,86,113,199,237,287,344,386,440,466,530,676,818,872,934,1015,1076,1159,1210,1316,1381,1437,1470,1516,1552,1594,1628,1678,1712,NA,NA,NA,NA,NA,NA,NA,NA,NA,11,36,58,78,109,155,272,358,480,653,855,1140,1497,2035,2811,3737,4851,6030,7300,8550,9759,10762,11620,12293,12763,13087,13323,13462,13541,13566,13540,13494
"43","ITA","Lombardia","Lodi",128,159,182,237,344,384,482,559,658,739,811,853,928,980,1035,1123,1133,1276,1320,1362,1418,1445,1528,1597,1693,1772,1817,1860,1884,1968,2006,2029,2057,2087,2116,2157,2189,2214,2238,2255,2278,128,170,211,294,459,579,789,1017,1319,1653,2022,2513,3056,3604,4177,4773,5238,5764,6128,6408,6637,6778,6914,6994,7073,7202,7307,7393,7443,7532,7571,7599,7603,7633,7658,7690,7701,7709,7721,7709,7722
"44","ITA","Lombardia","Mantova",NA,NA,NA,NA,NA,NA,15,22,26,32,46,56,102,118,137,169,187,261,339,382,465,514,636,723,842,905,985,1093,1176,1250,1398,1484,1550,1617,1688,1736,1782,1884,1981,2044,2084,NA,NA,NA,NA,NA,NA,15,23,29,39,59,87,161,219,307,444,616,907,1315,1780,2426,3213,4285,5485,6809,8301,9681,11001,12161,13152,14016,14635,15096,15428,15672,15816,15888,15968,16016,15963,15903
"45","ITA","Lombardia","Milano",NA,15,29,30,46,58,93,145,197,267,361,406,506,684,925,1146,1307,1551,1750,1983,2326,2644,3278,3804,4672,5096,5326,5701,6074,6922,7469,7783,8329,8676,8911,9522,10004,10391,10819,11230,11538,NA,15,29,30,48,65,107,171,244,346,489,649,920,1355,1997,2830,3879,5364,7469,10149,13814,18594,25204,33094,42434,53517,64139,74950,85316,95375,103630,110068,115717,119678,122632,125226,127065,128302,129225,129684,129954
"46","ITA","Lombardia","Monza e della Brianza",NA,NA,NA,NA,NA,NA,NA,11,19,20,34,59,64,74,85,130,143,224,327,346,376,401,495,816,1084,1108,1130,1454,1587,1750,1948,2086,2265,2362,2462,2543,2633,2774,2935,3046,3157,NA,NA,NA,NA,NA,NA,NA,11,20,23,39,74,94,129,180,290,402,627,962,1297,1781,2458,3496,5093,6994,9309,11866,15058,18267,21575,24642,27209,29525,31172,32464,33435,34165,34728,35151,35373,35523
"47","ITA","Lombardia","Pavia",27,36,49,55,78,83,122,126,151,180,221,243,296,345,403,468,482,622,722,801,884,978,1011,1105,1194,1306,1444,1499,1578,1685,1712,1877,1974,2036,2133,2180,2285,2331,2499,2619,2700,27,36,49,55,83,96,148,171,227,301,405,569,813,1123,1551,2121,2778,3696,4814,5972,7257,8647,10043,11435,12682,14051,15210,16139,16948,17653,18146,18674,19034,19304,19554,19706,19865,19939,20125,20206,20276
"48","ITA","Lombardia","Sondrio",NA,NA,NA,NA,NA,NA,NA,NA,NA,NA,NA,NA,NA,NA,13,23,23,45,45,46,74,75,155,163,179,205,208,253,284,325,362,388,422,446,470,484,517,537,563,591,614,NA,NA,NA,NA,NA,NA,NA,NA,NA,NA,NA,NA,NA,NA,13,26,32,64,81,108,175,236,409,553,757,1079,1449,1959,2554,3250,3961,4622,5262,5755,6152,6452,6693,6850,6959,7023,7056
"49","ITA","Lombardia","Varese",NA,NA,NA,NA,NA,NA,NA,11,17,23,27,32,44,58,75,98,125,158,184,202,234,265,310,338,359,386,421,450,468,502,711,768,812,866,893,937,1002,1085,1148,1191,1293,NA,NA,NA,NA,NA,NA,NA,11,18,25,32,46,71,107,158,235,342,490,699,960,1338,1860,2614,3603,4867,6685,8769,11233,14038,17152,20414,23272,26013,28163,29923,31369,32553,33471,34143,34644,35057
"50","ITA","Marche","Ancona",NA,NA,NA,NA,NA,NA,NA,NA,19,23,38,54,63,81,110,142,158,215,267,323,356,403,447,513,564,676,702,751,820,869,905,944,1019,1060,1116,1174,1211,1263,1290,1356,1401,NA,NA,NA,NA,NA,NA,NA,NA,19,26,46,72,96,140,212,312,429,632,913,1271,1725,2352,3191,4263,5502,7157,8727,10351,11947,13410,14632,15612,16462,17049,17511,17861,18092,18263,18356,18420,18453
"51","ITA","Marche","Ascoli Piceno",NA,NA,NA,NA,NA,NA,NA,NA,NA,NA,NA,NA,NA,NA,NA,NA,NA,NA,14,21,23,25,27,43,50,56,61,64,80,111,118,163,179,197,222,224,227,232,233,235,235,NA,NA,NA,NA,NA,NA,NA,NA,NA,NA,NA,NA,NA,NA,NA,NA,NA,NA,14,24,33,45,65,109,159,243,357,518,762,1121,1565,2154,2878,3633,4431,5194,5907,6504,6968,7347,7605
"52","ITA","Marche","Fermo",NA,NA,NA,NA,NA,NA,NA,NA,NA,NA,NA,NA,NA,NA,NA,11,16,22,36,36,36,46,68,80,82,113,133,139,160,204,233,241,246,246,259,263,284,298,305,308,312,NA,NA,NA,NA,NA,NA,NA,NA,NA,NA,NA,NA,NA,NA,NA,11,19,30,52,66,87,130,204,293,406,620,877,1203,1641,2216,2851,3493,4176,4753,5269,5692,6049,6311,6494,6624,6708
"53","ITA","Marche","Macerata",NA,NA,NA,NA,NA,NA,NA,NA,NA,NA,NA,NA,NA,11,17,32,48,58,94,117,128,160,186,215,238,293,326,368,395,405,411,457,476,477,493,506,533,561,598,614,639,NA,NA,NA,NA,NA,NA,NA,NA,NA,NA,NA,NA,NA,11,20,40,65,89,150,209,276,395,555,783,1086,1589,2193,2980,3942,5079,6294,7517,8702,9628,10401,11009,11487,11831,12080,12229,12329
"54","ITA","Marche","Pesaro e Urbino",NA,NA,NA,11,24,33,55,72,100,126,159,204,246,296,342,403,496,591,712,733,812,910,983,1099,1186,1249,1312,1371,1432,1474,1475,1507,1577,1639,1664,1722,1756,1786,1820,1853,1919,NA,NA,NA,11,25,35,60,81,116,153,202,286,383,516,687,933,1286,1726,2346,2959,3769,4742,5830,7004,8105,9278,10260,11108,11822,12387,12779,13096,13359,13555,13664,13763,13793,13797,13796,13745,13752
"55","ITA","Molise","Campobasso",NA,NA,NA,NA,NA,NA,NA,NA,NA,12,14,14,14,15,16,16,17,17,17,21,23,24,33,39,49,53,54,60,60,85,91,97,108,114,124,139,142,149,154,166,166,NA,NA,NA,NA,NA,NA,NA,NA,NA,12,16,19,24,34,49,70,102,144,210,298,415,573,799,1086,1442,1929,2452,3053,3707,4434,5121,5745,6356,6833,7241,7588,7867,8089,8260,8409,8508
"56","ITA","Molise","Isernia",NA,NA,NA,NA,NA,NA,NA,NA,NA,NA,NA,NA,NA,NA,NA,NA,NA,NA,NA,NA,NA,NA,NA,NA,NA,NA,NA,NA,NA,NA,NA,NA,NA,NA,NA,10,11,15,40,41,42,NA,NA,NA,NA,NA,NA,NA,NA,NA,NA,NA,NA,NA,NA,NA,NA,NA,NA,NA,NA,NA,NA,NA,NA,NA,NA,NA,NA,NA,NA,NA,NA,NA,NA,NA,10,17,37,101,193,372
"57","ITA","P.A. Bolzano","Bolzano",NA,NA,NA,NA,NA,NA,NA,NA,NA,NA,NA,NA,NA,38,75,104,125,173,204,241,291,376,436,548,621,678,724,781,858,906,1003,1109,1214,1325,1371,1418,1479,1559,1592,1644,1722,NA,NA,NA,NA,NA,NA,NA,NA,NA,NA,NA,NA,NA,38,85,131,181,276,386,539,763,1110,1567,2243,3078,4288,5697,7391,9329,11384,13400,15188,16799,18016,18910,19583,20081,20438,20632,20731,20810
"58","ITA","P.A. Trento","Trento",NA,NA,NA,NA,NA,NA,NA,NA,NA,10,14,23,33,52,77,107,163,206,378,382,385,455,523,642,782,954,1023,1110,1222,1297,1391,1505,1594,1682,1746,1870,2003,2109,2220,2285,2348,NA,NA,NA,NA,NA,NA,NA,NA,NA,10,16,28,44,75,122,188,304,441,771,1004,1352,1937,2772,3950,5449,7494,9561,11754,13919,15855,17441,18662,19563,20154,20517,20775,20896,20889,20823,20583,20355
"59","ITA","Piemonte","Alessandria",NA,NA,NA,NA,NA,NA,NA,16,22,32,40,60,63,65,105,132,136,182,207,273,323,374,374,595,654,760,817,946,946,980,1106,1197,1255,1280,1317,1378,1428,1491,1591,1763,1904,NA,NA,NA,NA,NA,NA,NA,16,25,39,55,91,118,158,259,380,525,770,1106,1576,2177,2965,3934,5315,6654,8296,9766,11218,12393,13426,14328,14994,15481,15791,16017,16189,16277,16331,16393,16463,16515
"60","ITA","Piemonte","Asti",NA,NA,NA,NA,NA,37,40,41,43,47,50,58,58,58,68,69,70,87,87,87,90,101,101,151,166,181,209,235,261,282,303,318,328,402,434,461,501,523,560,596,609,NA,NA,NA,NA,NA,37,40,41,52,72,98,149,207,287,413,575,784,1059,1406,1785,2225,2727,3266,3853,4370,4947,5444,5884,6268,6593,6860,7070,7237,7433,7562,7664,7758,7821,7890,7940,7970
"61","ITA","Piemonte","Biella",NA,NA,NA,NA,NA,NA,NA,NA,NA,NA,NA,NA,18,20,36,39,48,48,50,67,96,109,109,175,182,243,253,280,327,336,367,399,439,471,490,503,523,542,559,571,583,NA,NA,NA,NA,NA,NA,NA,NA,NA,NA,NA,NA,18,24,47,63,92,122,173,258,385,539,743,1081,1433,1978,2514,3121,3775,4386,4953,5430,5851,6157,6383,6547,6671,6755,6810,6829,6840
"62","ITA","Piemonte","Cuneo",NA,NA,NA,NA,NA,NA,NA,NA,NA,NA,NA,NA,11,14,17,24,40,47,61,91,119,149,149,221,265,303,367,409,441,487,518,558,591,650,731,778,826,850,932,1071,1135,NA,NA,NA,NA,NA,NA,NA,NA,NA,NA,NA,NA,11,16,24,40,72,103,159,251,376,556,791,1215,1762,2609,3718,5147,6945,9145,11506,13828,16119,17962,19492,20666,21558,22165,22630,23003,23191
"63","ITA","Piemonte","Novara",NA,NA,NA,NA,NA,NA,NA,NA,NA,NA,NA,13,14,22,27,32,48,48,71,109,150,190,190,293,330,398,420,471,517,577,609,657,694,733,797,854,902,930,967,986,1008,NA,NA,NA,NA,NA,NA,NA,NA,NA,NA,NA,13,17,30,44,65,107,146,235,366,546,794,1105,1646,2270,3206,4240,5487,6871,8347,9706,10897,11943,12714,13334,13800,14134,14345,14489,14543,14569
"64","ITA","Piemonte","Torino",NA,NA,NA,NA,NA,NA,NA,11,19,34,55,69,87,111,159,187,305,305,359,542,749,1042,1042,1556,1680,1989,2198,2496,2813,3108,3361,3658,3933,4150,4455,4711,4991,5295,5772,5985,6180,NA,NA,NA,NA,NA,NA,NA,11,21,39,67,93,131,191,302,434,718,975,1462,2270,3425,5154,7346,11000,15374,21898,29317,37983,47354,56792,65165,72063,77793,81742,84703,86750,88117,88949,89562,89456,89208
"65","ITA","Piemonte","Verbano-Cusio-Ossola",NA,NA,NA,NA,NA,NA,NA,NA,NA,NA,10,11,11,11,13,18,29,36,50,58,76,89,89,142,149,159,190,229,247,255,288,308,346,376,393,410,444,505,535,556,619,NA,NA,NA,NA,NA,NA,NA,NA,NA,NA,10,13,17,24,38,62,104,156,244,353,516,733,1019,1439,1883,2457,3046,3639,4173,4635,5028,5316,5553,5713,5812,5873,5917,5965,5967,5930,5941
"66","ITA","Piemonte","Vercelli",NA,NA,NA,NA,NA,NA,NA,NA,NA,NA,10,11,11,18,24,25,29,31,84,99,113,131,131,203,210,242,263,290,308,336,358,397,426,449,473,488,520,565,583,605,647,NA,NA,NA,NA,NA,NA,NA,NA,NA,NA,10,13,17,31,49,70,105,153,281,399,562,792,1089,1547,2017,2652,3276,3909,4495,5028,5453,5793,6049,6219,6338,6406,6452,6486,6476,6437,6424
"67","ITA","Puglia","Bari",NA,NA,NA,NA,NA,NA,NA,NA,NA,NA,NA,NA,NA,15,18,25,38,42,58,74,95,112,137,165,194,231,268,304,336,387,444,469,518,594,616,655,700,741,762,790,807,NA,NA,NA,NA,NA,NA,NA,NA,NA,NA,NA,NA,NA,15,22,36,61,84,132,196,292,424,629,929,1352,2043,2961,4248,6036,8542,11759,15565,20327,25061,29744,34175,38162,41399,43874,45898,47282
"68","ITA","Puglia","Barletta-Andria-Trani",NA,NA,NA,NA,NA,NA,NA,NA,NA,NA,NA,NA,NA,NA,NA,NA,10,17,22,23,23,23,26,30,32,49,59,62,65,85,92,96,98,103,111,116,126,129,129,138,177,NA,NA,NA,NA,NA,NA,NA,NA,NA,NA,NA,NA,NA,NA,NA,NA,10,20,29,38,50,70,106,160,236,383,572,835,1213,1776,2515,3448,4692,6027,7479,8957,10392,11624,12613,13456,14079
"69","ITA","Puglia","Brindisi",NA,NA,NA,NA,NA,NA,NA,NA,NA,NA,NA,NA,NA,NA,15,16,20,23,40,46,52,65,75,84,94,100,102,103,116,122,125,148,152,164,164,191,208,218,234,246,257,NA,NA,NA,NA,NA,NA,NA,NA,NA,NA,NA,NA,NA,NA,15,20,30,44,78,110,154,225,323,460,650,948,1326,1835,2526,3430,4520,5767,7215,8578,9880,11104,12184,13055,13738,14303,14701
"70","ITA","Puglia","Foggia",NA,NA,NA,NA,NA,NA,NA,NA,NA,NA,NA,16,23,23,24,33,34,52,62,75,91,91,134,163,190,212,226,255,277,305,325,355,377,405,457,490,502,527,546,564,605,NA,NA,NA,NA,NA,NA,NA,NA,NA,NA,NA,16,26,31,42,68,95,153,227,330,477,670,1001,1438,2019,2893,3950,5313,6991,9018,11210,13411,15689,17586,19256,20644,21767,22638,23284,23793,24171
"71","ITA","Puglia","Lecce",NA,NA,NA,NA,NA,NA,NA,NA,NA,NA,NA,10,10,10,12,18,19,24,38,49,62,65,71,88,103,120,149,161,164,177,215,239,239,293,303,321,353,359,362,368,378,NA,NA,NA,NA,NA,NA,NA,NA,NA,NA,NA,10,12,15,23,40,57,86,139,205,298,420,605,878,1250,1831,2581,3568,4876,6625,8782,11214,14098,16886,19571,22086,24372,26229,27684,28916,29792
"72","ITA","Puglia","Taranto",NA,NA,NA,NA,NA,NA,NA,NA,NA,NA,NA,NA,NA,NA,NA,NA,NA,NA,10,13,17,19,23,33,35,41,46,51,56,74,78,93,99,121,126,148,163,178,180,182,190,NA,NA,NA,NA,NA,NA,NA,NA,NA,NA,NA,NA,NA,NA,NA,NA,NA,NA,10,15,24,33,50,81,114,178,266,395,586,887,1300,1884,2750,3846,5244,7004,9110,11364,13552,15743,17499
"73","ITA","Sardegna","Cagliari",NA,NA,NA,NA,NA,NA,NA,NA,NA,NA,NA,NA,NA,NA,NA,11,15,16,18,24,27,32,41,43,45,52,61,64,74,83,83,97,102,103,111,116,126,134,144,146,146,NA,NA,NA,NA,NA,NA,NA,NA,NA,NA,NA,NA,NA,NA,NA,11,18,23,33,51,71,103,154,217,307,458,659,929,1312,1848,2542,3422,4591,5847,7254,8749,10284,11692,12902,13993,14801
"74","ITA","Sardegna","Carbonia-Iglesias",NA,NA,NA,NA,NA,NA,NA,NA,NA,NA,NA,NA,NA,NA,NA,NA,NA,NA,NA,NA,NA,NA,NA,NA,NA,NA,NA,NA,NA,NA,NA,NA,NA,NA,NA,NA,NA,NA,NA,NA,NA,NA,NA,NA,NA,NA,NA,NA,NA,NA,NA,NA,NA,NA,NA,NA,NA,NA,NA,NA,NA,NA,NA,NA,NA,NA,NA,NA,NA,NA,NA,NA,NA,NA,NA,NA,NA,NA,NA,NA,NA,NA
"75","ITA","Sardegna","Medio Campidano",NA,NA,NA,NA,NA,NA,NA,NA,NA,NA,NA,NA,NA,NA,NA,NA,NA,NA,NA,NA,NA,NA,NA,NA,NA,NA,NA,NA,NA,NA,NA,NA,NA,NA,NA,NA,NA,NA,NA,NA,NA,NA,NA,NA,NA,NA,NA,NA,NA,NA,NA,NA,NA,NA,NA,NA,NA,NA,NA,NA,NA,NA,NA,NA,NA,NA,NA,NA,NA,NA,NA,NA,NA,NA,NA,NA,NA,NA,NA,NA,NA,NA
"76","ITA","Sardegna","Nuoro",NA,NA,NA,NA,NA,NA,NA,NA,NA,NA,NA,NA,NA,NA,18,18,18,18,19,19,20,20,21,22,22,22,22,26,26,52,52,56,57,57,57,59,60,62,62,65,65,NA,NA,NA,NA,NA,NA,NA,NA,NA,NA,NA,NA,NA,NA,18,22,29,38,55,75,104,144,202,280,380,535,720,959,1258,1666,2116,2620,3228,3808,4399,4986,5556,6063,6490,6888,7186
"77","ITA","Sardegna","Ogliastra",NA,NA,NA,NA,NA,NA,NA,NA,NA,NA,NA,NA,NA,NA,NA,NA,NA,NA,NA,NA,NA,NA,NA,NA,NA,NA,NA,NA,NA,NA,NA,NA,NA,NA,NA,NA,NA,NA,NA,NA,NA,NA,NA,NA,NA,NA,NA,NA,NA,NA,NA,NA,NA,NA,NA,NA,NA,NA,NA,NA,NA,NA,NA,NA,NA,NA,NA,NA,NA,NA,NA,NA,NA,NA,NA,NA,NA,NA,NA,NA,NA,NA
"78","ITA","Sardegna","Olbia-Tempio",NA,NA,NA,NA,NA,NA,NA,NA,NA,NA,NA,NA,NA,NA,NA,NA,NA,NA,NA,NA,NA,NA,NA,NA,NA,NA,NA,NA,NA,NA,NA,NA,NA,NA,NA,NA,NA,NA,NA,NA,NA,NA,NA,NA,NA,NA,NA,NA,NA,NA,NA,NA,NA,NA,NA,NA,NA,NA,NA,NA,NA,NA,NA,NA,NA,NA,NA,NA,NA,NA,NA,NA,NA,NA,NA,NA,NA,NA,NA,NA,NA,NA
"79","ITA","Sardegna","Oristano",NA,NA,NA,NA,NA,NA,NA,NA,NA,NA,NA,NA,NA,NA,NA,NA,NA,NA,NA,NA,NA,NA,NA,NA,NA,NA,NA,NA,NA,NA,NA,NA,NA,10,10,15,18,19,20,24,27,NA,NA,NA,NA,NA,NA,NA,NA,NA,NA,NA,NA,NA,NA,NA,NA,NA,NA,NA,NA,NA,NA,NA,NA,NA,NA,NA,NA,NA,NA,NA,NA,NA,10,14,26,42,64,98,158,243
"80","ITA","Sardegna","Sassari",NA,NA,NA,NA,NA,NA,NA,NA,NA,NA,NA,NA,NA,NA,NA,NA,NA,NA,35,57,63,74,134,216,251,253,260,309,318,331,336,407,415,454,486,497,528,547,585,601,610,NA,NA,NA,NA,NA,NA,NA,NA,NA,NA,NA,NA,NA,NA,NA,NA,NA,NA,35,66,87,125,229,382,525,724,1006,1456,2039,2875,3970,5387,7128,8945,10818,12614,14283,15650,16730,17583,18160
"81","ITA","Sicilia","Agrigento",NA,NA,NA,NA,NA,NA,NA,NA,NA,NA,NA,NA,NA,11,16,17,17,17,20,22,22,24,27,31,36,41,45,47,50,55,58,58,78,89,94,96,98,100,102,107,109,NA,NA,NA,NA,NA,NA,NA,NA,NA,NA,NA,NA,NA,11,19,24,31,41,61,85,118,168,241,344,484,703,976,1340,1827,2488,3314,4291,5563,6851,8219,9619,11014,12269,13334,14312,15038
"82","ITA","Sicilia","Caltanissetta",NA,NA,NA,NA,NA,NA,NA,NA,NA,NA,NA,NA,NA,NA,NA,NA,NA,NA,NA,NA,NA,NA,12,18,27,27,29,40,45,50,55,57,68,70,70,76,80,83,93,102,104,NA,NA,NA,NA,NA,NA,NA,NA,NA,NA,NA,NA,NA,NA,NA,NA,NA,NA,NA,NA,NA,NA,12,21,36,49,71,113,167,248,367,533,803,1145,1611,2240,3054,4004,5023,6128,7071
"83","ITA","Sicilia","Catania",NA,NA,NA,NA,NA,NA,NA,NA,NA,15,23,23,23,35,41,49,49,49,91,96,108,131,151,162,189,234,274,286,308,346,365,387,407,448,498,510,544,559,569,594,614,NA,NA,NA,NA,NA,NA,NA,NA,NA,15,25,30,36,61,89,130,181,255,414,578,818,1170,1674,2361,3293,4712,6422,8568,11256,14562,18204,21941,25962,29420,32534,35201,37491,39280,40645,41787,42594
"84","ITA","Sicilia","Enna",NA,NA,NA,NA,NA,NA,NA,NA,NA,NA,NA,NA,NA,NA,NA,NA,NA,NA,NA,NA,NA,NA,21,25,27,34,44,63,90,133,155,168,192,195,203,224,238,257,280,284,287,NA,NA,NA,NA,NA,NA,NA,NA,NA,NA,NA,NA,NA,NA,NA,NA,NA,NA,NA,NA,NA,NA,21,31,43,74,123,204,327,521,763,1082,1549,2074,2696,3387,4080,4702,5212,5613,5882
"85","ITA","Sicilia","Messina",NA,NA,NA,NA,NA,NA,NA,NA,NA,NA,NA,NA,NA,NA,NA,NA,NA,NA,10,11,16,16,16,39,70,112,120,139,174,221,227,279,289,305,311,319,323,337,344,353,362,NA,NA,NA,NA,NA,NA,NA,NA,NA,NA,NA,NA,NA,NA,NA,NA,NA,NA,10,14,23,32,47,95,167,286,408,604,911,1385,2022,2965,4316,5990,8069,10517,13212,15825,18102,20121,21577
"86","ITA","Sicilia","Palermo",NA,NA,NA,NA,NA,NA,NA,NA,NA,NA,NA,NA,NA,10,15,26,26,26,33,37,40,47,52,59,63,92,109,170,193,205,218,232,236,253,262,276,282,290,296,299,301,NA,NA,NA,NA,NA,NA,NA,NA,NA,NA,NA,NA,NA,10,17,33,40,52,78,111,156,228,334,489,707,1089,1579,2313,3297,4694,6579,8992,12300,15978,20163,24705,29402,33745,37468,40827,43298
"87","ITA","Sicilia","Ragusa",NA,NA,NA,NA,NA,NA,NA,NA,NA,NA,NA,NA,NA,NA,NA,NA,NA,NA,NA,NA,NA,NA,NA,NA,NA,NA,NA,NA,22,28,32,32,32,35,43,44,45,46,47,48,54,NA,NA,NA,NA,NA,NA,NA,NA,NA,NA,NA,NA,NA,NA,NA,NA,NA,NA,NA,NA,NA,NA,NA,NA,NA,NA,NA,NA,22,37,55,76,111,163,242,347,505,727,1029,1478,2034
"88","ITA","Sicilia","Siracusa",NA,NA,NA,NA,NA,NA,NA,NA,NA,NA,NA,NA,NA,NA,NA,NA,NA,NA,15,21,21,28,33,40,43,49,49,49,64,77,79,84,87,89,93,98,101,106,107,109,111,NA,NA,NA,NA,NA,NA,NA,NA,NA,NA,NA,NA,NA,NA,NA,NA,NA,NA,15,25,31,47,68,99,138,208,294,417,609,879,1235,1707,2384,3180,4163,5337,6696,8111,9467,10833,11931
"89","ITA","Sicilia","Trapani",NA,NA,NA,NA,NA,NA,NA,NA,NA,NA,NA,NA,NA,NA,NA,NA,NA,NA,11,13,14,16,21,27,27,32,42,43,48,49,61,62,71,71,73,75,80,81,94,98,104,NA,NA,NA,NA,NA,NA,NA,NA,NA,NA,NA,NA,NA,NA,NA,NA,NA,NA,11,16,21,31,48,73,102,158,239,343,498,721,1045,1468,2100,2858,3825,5018,6454,7997,9540,11123,12425
"90","ITA","Toscana","Arezzo",NA,NA,NA,NA,NA,NA,NA,NA,NA,NA,NA,NA,12,13,14,14,16,27,41,43,71,90,113,124,136,154,201,211,229,249,249,272,284,310,332,343,357,358,370,378,387,NA,NA,NA,NA,NA,NA,NA,NA,NA,NA,NA,NA,12,16,21,30,45,76,123,172,269,389,564,792,1099,1575,2185,2919,3839,4952,6146,7368,8628,9692,10613,11378,12009,12478,12836,13114,13307
"91","ITA","Toscana","Firenze",NA,NA,NA,NA,NA,NA,NA,12,20,23,27,39,51,61,71,86,101,132,162,186,214,295,349,401,451,514,548,622,709,764,764,855,957,1022,1087,1158,1419,1543,1626,1715,1769,NA,NA,NA,NA,NA,NA,NA,12,22,28,38,61,89,128,184,273,400,596,889,1272,1817,2641,3773,5288,7215,9926,12903,16319,20007,23759,27146,30115,32765,34688,36196,37363,38436,39123,39585,39897,40083
"92","ITA","Toscana","Grosseto",NA,NA,NA,NA,NA,NA,NA,NA,NA,NA,NA,NA,NA,10,12,16,16,31,38,50,60,68,89,97,106,120,128,140,147,174,174,234,245,251,257,263,264,264,273,277,284,NA,NA,NA,NA,NA,NA,NA,NA,NA,NA,NA,NA,NA,10,14,23,30,56,82,122,172,241,355,496,688,990,1357,1834,2424,3163,3943,4788,5616,6300,6891,7384,7779,8075,8300,8468,8585
"93","ITA","Toscana","Livorno",NA,NA,NA,NA,NA,NA,NA,NA,NA,NA,NA,10,10,14,16,16,27,40,50,53,59,62,62,117,120,130,140,162,179,204,204,220,236,271,280,295,301,307,316,322,323,NA,NA,NA,NA,NA,NA,NA,NA,NA,NA,NA,10,12,19,27,38,65,101,150,207,291,408,577,869,1192,1689,2290,3058,3988,5102,6268,7435,8634,9641,10487,11201,11779,12222,12555,12815,12992
"94","ITA","Toscana","Lucca",NA,NA,NA,NA,NA,NA,NA,NA,NA,NA,15,26,31,37,43,49,79,96,130,138,179,205,230,249,307,356,363,387,436,481,481,618,672,711,729,771,802,843,855,872,888,NA,NA,NA,NA,NA,NA,NA,NA,NA,NA,15,28,38,53,74,106,176,252,381,521,752,1052,1476,2036,2790,3830,4942,6222,7627,9067,10349,11579,12601,13347,13914,14370,14703,14950,15097,15183,15237
"95","ITA","Toscana","Massa Carrara",NA,NA,NA,NA,NA,NA,NA,NA,NA,10,16,21,28,37,40,40,65,88,108,117,143,176,200,232,256,281,289,314,330,334,334,470,493,543,561,611,644,644,659,667,698,NA,NA,NA,NA,NA,NA,NA,NA,NA,10,18,26,37,56,74,99,162,240,348,475,667,931,1274,1716,2228,2893,3546,4233,4890,5485,5979,6503,6841,7110,7288,7448,7550,7587,7617,7610,7624
"96","ITA","Toscana","Pisa",NA,NA,NA,NA,NA,NA,NA,NA,NA,NA,11,17,20,31,34,34,51,62,71,78,101,124,146,180,211,234,266,285,317,350,350,398,432,446,471,491,515,519,527,544,560,NA,NA,NA,NA,NA,NA,NA,NA,NA,NA,11,19,25,42,57,75,120,173,250,351,509,730,1044,1483,2051,2873,3843,5003,6365,7892,9391,10825,12191,13239,14112,14810,15367,15763,16052,16275,16428
"97","ITA","Toscana","Pistoia",NA,NA,NA,NA,NA,NA,NA,NA,NA,NA,NA,13,16,21,32,43,48,63,79,90,100,122,145,171,181,215,229,243,254,264,264,298,309,324,332,333,346,361,374,394,400,NA,NA,NA,NA,NA,NA,NA,NA,NA,NA,NA,13,18,27,47,71,96,142,207,285,393,556,786,1097,1482,2072,2735,3532,4453,5482,6505,7486,8413,9143,9742,10220,10611,10907,11124,11295,11404
"98","ITA","Toscana","Prato",NA,NA,NA,NA,NA,NA,NA,NA,NA,NA,NA,NA,NA,NA,21,25,26,33,42,45,53,59,70,94,111,129,137,159,178,189,189,217,221,248,258,290,291,323,332,338,342,NA,NA,NA,NA,NA,NA,NA,NA,NA,NA,NA,NA,NA,NA,21,30,40,61,94,131,189,271,394,578,813,1173,1600,2156,2838,3649,4520,5422,6341,7131,7807,8401,8864,9250,9522,9732,9876
"99","ITA","Toscana","Siena",NA,NA,NA,NA,NA,NA,NA,10,12,14,19,24,29,33,37,41,41,58,60,66,73,77,78,128,133,144,160,176,193,216,216,235,273,286,301,312,334,337,339,340,350,NA,NA,NA,NA,NA,NA,NA,10,14,18,27,39,55,76,107,151,209,306,430,591,808,1096,1480,2012,2588,3352,4139,4974,5828,6679,7421,8067,8671,9105,9461,9743,9981,10146,10269,10360,10435
"100","ITA","Umbria","Perugia",NA,NA,NA,NA,NA,NA,NA,NA,NA,10,11,11,12,13,26,37,47,47,86,104,129,164,236,280,329,376,424,472,523,600,658,729,775,792,813,822,844,884,905,925,929,NA,NA,NA,NA,NA,NA,NA,NA,NA,10,13,16,22,34,66,109,169,247,414,615,913,1354,2037,2942,4139,5864,7848,10152,12676,15307,17698,19727,21455,22666,23573,24217,24665,24961,25115,25143,25109
"101","ITA","Umbria","Terni",NA,NA,NA,NA,NA,NA,NA,NA,NA,NA,NA,11,16,17,18,25,29,29,57,60,63,74,84,97,115,128,134,155,163,178,195,213,218,226,230,236,246,257,263,275,284,NA,NA,NA,NA,NA,NA,NA,NA,NA,NA,NA,11,18,23,30,49,70,97,167,229,316,449,638,897,1235,1720,2268,2934,3675,4491,5291,6016,6688,7205,7623,7957,8221,8417,8555,8660,8730
"102","ITA","Valle d'Aosta","Aosta",NA,NA,NA,NA,NA,NA,NA,NA,NA,NA,NA,NA,15,17,20,27,28,42,57,105,136,165,215,264,313,364,393,400,401,408,452,511,584,584,628,631,668,719,748,782,805,NA,NA,NA,NA,NA,NA,NA,NA,NA,NA,NA,NA,15,20,30,48,67,109,169,282,407,570,813,1115,1473,1941,2398,2845,3270,3662,4019,4316,4570,4690,4812,4859,4909,4953,4962,4950,4932
"103","ITA","Veneto","Belluno",NA,NA,NA,NA,NA,NA,NA,NA,NA,NA,11,23,29,29,30,48,59,78,82,101,109,140,150,195,212,226,254,273,298,313,329,367,396,423,430,460,487,499,522,538,558,NA,NA,NA,NA,NA,NA,NA,NA,NA,NA,11,25,34,40,52,89,127,187,257,366,501,713,980,1365,1805,2403,3053,3749,4473,5174,5796,6334,6792,7127,7368,7571,7720,7812,7884,7917,7944
"104","ITA","Veneto","Padova",40,59,68,81,105,135,144,162,175,198,216,255,273,296,373,439,523,611,658,715,781,882,924,1026,1155,1277,1371,1464,1636,1777,1891,2009,2124,2188,2264,2368,2489,2553,2632,2744,2863,40,59,68,81,113,155,183,231,289,379,491,713,976,1374,1989,2797,3840,5104,6721,8480,10487,12740,15117,17518,19766,22263,24330,26154,27814,29214,30340,31265,32021,32589,33063,33473,33814,34042,34253,34416,34606
"105","ITA","Veneto","Rovigo",NA,NA,NA,NA,NA,NA,NA,NA,NA,NA,NA,NA,NA,10,12,13,16,27,27,27,28,33,52,67,68,76,80,82,87,110,122,122,125,131,136,140,152,180,184,186,203,NA,NA,NA,NA,NA,NA,NA,NA,NA,NA,NA,NA,NA,10,14,20,30,52,70,96,135,197,301,439,609,883,1220,1656,2214,2927,3717,4526,5404,6162,6838,7419,7914,8315,8599,8823,8993
"106","ITA","Veneto","Treviso",NA,22,23,35,43,72,82,86,89,103,110,126,136,158,185,279,327,376,413,452,502,591,637,719,806,935,999,1091,1177,1254,1310,1359,1402,1449,1522,1554,1606,1657,1687,1712,1726,NA,22,23,35,46,80,98,115,138,181,231,332,459,665,964,1447,2021,2750,3754,4919,6360,8135,10205,12503,14859,17656,20092,22408,24523,26418,27988,29258,30347,31178,31882,32415,32858,33208,33471,33650,33798
"107","ITA","Veneto","Venezia",NA,14,15,19,24,48,48,59,73,85,100,126,130,152,179,205,248,282,328,356,378,426,475,574,666,732,799,837,874,920,955,1019,1067,1107,1170,1231,1293,1321,1362,1425,1487,NA,14,15,19,26,53,59,78,106,138,183,269,356,510,735,1048,1487,2043,2849,3784,4959,6450,8293,10435,12704,15399,17880,20246,22460,24499,26214,27643,28874,29795,30565,31188,31691,32054,32352,32593,32799
"108","ITA","Veneto","Verona",NA,NA,NA,NA,NA,NA,17,21,25,42,52,63,73,96,110,150,210,275,335,425,481,626,686,784,954,1046,1099,1228,1304,1402,1645,1754,1876,1982,2112,2287,2405,2488,2547,2688,2755,NA,NA,NA,NA,NA,NA,17,22,29,50,68,96,134,207,302,470,723,1065,1562,2230,3093,4353,5947,7995,10480,13590,16678,19919,23022,25934,28543,30530,32203,33402,34343,35101,35608,35928,36119,36257,36301
"109","ITA","Veneto","Vicenza",NA,NA,NA,NA,NA,NA,NA,10,19,24,37,50,53,73,92,122,141,164,235,287,325,393,424,518,572,631,691,744,824,899,966,1036,1104,1168,1242,1327,1434,1514,1608,1647,1704,NA,NA,NA,NA,NA,NA,NA,10,20,26,42,62,77,118,173,261,369,523,805,1147,1605,2277,3188,4480,6078,8335,10852,13713,16837,20058,23025,25573,27843,29517,30843,31877,32685,33247,33662,33882,34042
