country,date,cases,predicted_cum_confirmed_cases_true,predicted_cum_confirmed_cases_no_policy,quantile_0.025_policy,quantile_0.025_no_policy,quantile_0.15_policy,quantile_0.15_no_policy,quantile_0.85_policy,quantile_0.85_no_policy,quantile_0.975_policy,quantile_0.975_no_policy
China,2020-01-15,,,,,,,,,,,
China,2020-01-16,45.0,45.0,45.0,45.0,45.0,45.0,45.0,45.0,45.0,45.0,45.0
China,2020-01-17,62.0,66.88065732036452,66.88065732036452,63.27794934745594,63.27794934745594,64.86743297350017,64.86743297350017,68.91537467961612,68.91537467961612,70.77043308611563,70.77043308611563
China,2020-01-18,121.0,155.18946799459985,155.18946799459985,146.66801078958184,146.66801078958184,150.42724557311783,150.42724557311783,160.00341445060627,160.00341445060627,164.3930452602244,164.3930452602244
China,2020-01-19,198.0,225.28753211321683,225.28753211321683,201.9630459462889,201.9630459462889,212.09452188279633,212.09452188279633,239.03096616185698,239.03096616185698,251.91981431780854,251.91981431780854
China,2020-01-20,270.0,335.24190802303565,335.24190802303565,286.9288013072296,286.9288013072296,307.5858179021418,307.5858179021418,364.93799432714707,364.93799432714707,393.58672350320444,393.58672350320444
China,2020-01-21,387.0,488.76449657591246,488.76449657591246,398.72044168127786,398.72044168127786,436.3162471760863,436.3162471760863,546.3482750437646,546.3482750437646,603.1977209190687,603.1977209190687
China,2020-01-22,461.0,702.5322855535934,702.5322855535934,547.124708760593,547.124708760593,610.5136620339424,610.5136620339424,805.9859614326065,805.9859614326065,911.2313318810232,911.2313318810232
China,2020-01-23,582.0,994.6164156476817,1028.0496918774222,761.6117814572931,770.8374464468759,864.5788340859611,873.8201826069048,1146.9101641940551,1207.296601043258,1312.2107653832732,1393.2012526831845
China,2020-01-24,630.0,1393.8800840327813,1489.437834525239,1038.3002593960484,1074.824222841517,1201.4321246673933,1239.2244483120867,1625.847837370565,1790.8552340336848,1880.0257102522814,2115.6072154456424
China,2020-01-25,958.0,2037.6625773924454,2239.644237311666,1517.2932112363183,1585.812290631204,1752.6184150071163,1840.6444020346405,2393.8615977007917,2736.3643677296172,2774.65827817256,3282.488890044287
China,2020-01-26,1471.0,3016.4444295183284,3398.3970390999452,2249.2982139432283,2379.1184792450495,2596.813188373237,2767.6236708105225,3553.540183833512,4212.129984681812,4117.309873667512,5123.17742171119
China,2020-01-27,2102.0,4166.6578666173355,4845.9585302804935,3038.511767389407,3270.584881181575,3536.1762507707476,3855.1610089495794,4969.10441285248,6156.340576423669,5854.516129454287,7667.844585504261
China,2020-01-28,3803.0,6480.7950969882095,7796.174753936715,4701.950934508858,5098.010338594811,5466.471952274409,6102.374912684066,7796.684976588877,10096.192825125745,9227.369255793174,12869.632721738264
China,2020-01-29,5228.0,8828.308364317241,10996.687402139683,6176.921541669691,6876.338413409031,7360.520248561565,8391.488266666356,10771.502166523802,14620.771780913046,12924.614034569779,19147.56745277502
China,2020-01-30,6967.0,11968.069113301215,15446.196066077728,8067.48574883768,9258.878635682075,9866.074274681028,11445.20303492863,14878.004506625959,21119.65707603179,18166.072219098856,28394.650247246183
China,2020-01-31,9034.0,14976.442751600105,21570.28635666986,10041.134864004825,12291.534384201896,12337.10881920385,15553.443490038313,18632.77224289353,30422.94933931018,22898.83021928164,41941.173786335225
China,2020-02-01,11146.0,18373.11130080255,30065.27306663802,12268.811802254191,16280.71865325902,15107.084148267608,21007.990541451014,22921.829155861622,43806.411505549884,28226.87267611118,61623.90921318845
China,2020-02-02,13728.0,22339.334653653565,41778.71686277168,14851.825619093705,21526.797012916148,18387.504523639287,28316.226560518113,27973.29661870045,62816.847055526545,34675.27458316136,90552.0297499483
China,2020-02-03,16620.0,27017.63519484654,57937.82043377216,17867.56190534367,28375.077078083697,22138.334058357366,38066.192698575454,34100.75729061474,89759.0025858165,42424.98088458733,132666.19746559105
China,2020-02-04,19849.0,32488.315669941363,80340.60160356342,21375.246550472813,37390.686294567815,26598.04160517676,51152.466756643524,41299.300100641194,127610.4111270686,51608.161825368355,193404.98024568098
China,2020-02-05,23820.0,38737.12624043218,111170.46012146783,25381.864718201356,49029.06157904643,31568.894962777245,68791.08972403305,49641.08368118545,180546.33296548369,61990.81480933832,280574.5738506367
China,2020-02-06,27501.0,45227.60276899958,150601.9355402794,29450.114122866547,63144.34810878156,36842.50657732585,90689.57891578141,58472.33661715734,250366.84852132536,73282.44942329943,395549.97124264034
China,2020-02-07,30611.0,52801.711091896985,207129.51487356843,34135.3276885988,82499.23297259936,42810.55564782253,121809.72111806142,69170.49692754808,351734.28790636564,87088.97632250974,561373.6019785994
China,2020-02-08,34022.0,61363.10687583903,283791.4655276148,39172.95106706651,107723.91440251804,49484.85262898305,163799.78752168862,81052.82300297997,490833.91740989365,103158.88026200181,780495.6273022253
China,2020-02-09,36608.0,71085.47998341572,386660.0178119982,44835.57226525732,140457.0858436095,57063.80560421644,218486.80881092616,94895.94574894842,674289.8577554625,121261.23713119216,1051957.1970918812
China,2020-02-10,39637.0,77741.83523220492,522932.75044931297,49332.952845919055,182969.8719082405,62482.9881464268,290330.23717189516,104161.77832042165,918334.1347975945,134778.4966652538,1420440.917555448
China,2020-02-11,42136.0,84745.62721138138,700563.1772062521,53755.67353197401,239697.27722102072,68086.62262841055,384056.13302011415,114797.79240361002,1217853.766312146,147741.92315535987,1862074.5542129676
China,2020-02-12,44157.0,91211.66409167313,925546.5117566492,56107.91816991722,312137.4908911403,73086.61249201251,505812.0893842258,124036.66572564497,1581342.3081350443,161684.93126619648,2376386.365733207
China,2020-02-13,59085.0,98416.76057848457,1207774.7530754441,59896.34122558026,403204.9258127018,78376.16975928366,659972.8373703151,135344.86232527863,2030871.7728897475,176985.11983102385,2992506.6293006865
China,2020-02-14,63155.0,106599.15457579678,1555572.9492188885,64296.729928834975,519761.63571368944,84443.6870449716,863994.9940519857,147432.48081714078,2595301.2553893984,193930.7227409644,3759787.5102878613
China,2020-02-15,65645.0,115317.56347258574,1974360.3456004062,69375.41484060766,681655.4236672812,91095.52902564808,1119892.7553718812,161355.9264523355,3283018.5863632304,212027.21732295054,4665194.972896025
China,2020-02-16,67649.0,124477.908140173,2471236.8810625672,74703.43979368857,884135.9762506746,97694.79986782925,1429656.172759554,174530.7719174312,4026937.5307531185,231347.7816119503,5749408.736477775
China,2020-02-17,69666.0,134115.74366384937,3054732.4463776583,80082.56727322885,1107791.3230341147,105275.46039418135,1797211.8392594908,190370.3651675015,4928955.550930829,252254.3256136866,7050484.689309417
China,2020-02-18,71487.0,141598.77782638677,3734877.294915391,84519.62764461475,1378758.4185685317,111484.45358136909,2234603.4215152925,203823.59235851106,5983675.672721817,270228.0376431692,8418793.195951745
China,2020-02-19,73308.0,149230.22268950508,4522022.975600778,89059.41211011371,1681011.1104696041,117875.01654326962,2752072.2262554434,216634.7123182053,7190951.384084906,291433.709870026,9892841.126259543
China,2020-02-20,74044.0,156333.65300088414,5405866.624301644,92772.81606793267,2017584.0642993595,123000.09214548288,3326322.7048164885,229342.94800445784,8553740.501798932,308862.2103796123,11480379.248497823
China,2020-02-21,74685.0,162901.38601387784,6343885.779930384,95829.56180504459,2385904.3859017505,127519.14456188302,3921479.759303531,239855.04265148108,9741332.626202773,326787.7952548414,12895170.567798328
China,2020-02-22,75505.0,170751.44551289498,7459602.43674719,101028.63622372302,2849176.543107261,133853.0682340284,4680081.65469788,254667.86579179336,11246804.072995014,346550.1579269343,14662007.646640934
China,2020-02-23,76118.0,178730.53579492093,8690598.020768585,106355.87041044582,3339552.0711745173,140089.24039304288,5531276.354155728,268372.8345752516,12881652.131159166,371793.65442045097,16562209.338253994
China,2020-02-24,76583.0,186859.4778187964,10032419.5316586,110802.25430481232,3827943.4361368767,146169.58236736187,6499781.426204387,283145.4474265665,14598491.630741188,392808.69739846454,18544838.11944929
China,2020-02-25,77091.0,193832.12636614215,11477721.436935512,115158.12481567734,4420985.337285798,151919.668717606,7558204.985052332,295619.668042679,16450932.087107852,414969.66961012356,20584928.744060494
China,2020-02-26,77495.0,200840.68993867785,13016219.923808718,119266.13459923469,5059010.363561946,157740.7171379385,8682659.252749188,307787.3931546563,18342644.069230225,437692.63540542347,22697249.580433402
China,2020-02-27,77926.0,207878.17144093738,14635429.9744119,123171.97102648704,5795812.124244245,163558.51905901617,9922317.116347248,321595.29616695683,20298987.717241056,458867.225793624,24795240.47701744
China,2020-02-28,78253.0,214949.90034534843,16322246.795100473,127520.67732457073,6574403.048568469,169554.03935669846,11239044.108488109,334921.5632588613,22243171.148468863,484743.59702294826,26863472.884317107
China,2020-02-29,78681.0,222051.0063460289,18064603.266798414,131674.1576786441,7531792.6144235125,174858.26640326073,12625048.146600718,346870.60007006326,24148747.259436805,508674.6752453043,28927121.53852852
China,2020-03-01,79255.0,229145.1053632835,19852122.771424387,135802.55688262772,8595198.65298835,181062.7356409913,14062190.214125134,360979.6448598025,26053117.315089718,530123.9296344192,30854301.993817545
China,2020-03-02,79454.0,236278.39910868302,21675215.953098714,139959.01272951116,9618309.356511148,186843.68736964368,15502010.795775207,374092.7679560126,28052491.60286069,551406.681885757,32745355.165797792
China,2020-03-03,79579.0,242976.03200349066,23522988.836800374,143795.0746860725,10837387.009116916,193100.90472990734,17050247.37867524,386210.0239854792,29975983.44079575,571674.4784017787,34465377.595282465
China,2020-03-04,79695.0,249670.7434069885,25380920.97912928,148113.12148875112,12042788.759227457,199001.69633035103,18681087.221455675,400122.76749317016,31823783.93231672,591867.2545066639,35967477.725262135
China,2020-03-05,79832.0,256632.5029592268,27244541.38192087,153094.9524362549,13384017.436089858,205180.12949175597,20456020.073129866,414735.1287033137,33511763.966809973,614646.2398543445,37378681.05191186
China,2020-03-06,79959.0,,,,,,,,,,
China,2020-03-07,80033.0,,,,,,,,,,
China,2020-03-08,80075.0,,,,,,,,,,
China,2020-03-09,80111.0,,,,,,,,,,
China,2020-03-10,80130.0,,,,,,,,,,
China,2020-03-11,80147.0,,,,,,,,,,
China,2020-03-12,80155.0,,,,,,,,,,
China,2020-03-13,80160.0,,,,,,,,,,
China,2020-03-14,80176.0,,,,,,,,,,
China,2020-03-15,80184.0,,,,,,,,,,
China,2020-03-16,80189.0,,,,,,,,,,
China,2020-03-17,80193.0,,,,,,,,,,
China,2020-03-18,80201.0,,,,,,,,,,
China,2020-03-19,80209.0,,,,,,,,,,
China,2020-03-20,80229.0,,,,,,,,,,
China,2020-03-21,80235.0,,,,,,,,,,
China,2020-03-22,80244.0,,,,,,,,,,
China,2020-03-23,80255.0,,,,,,,,,,
China,2020-03-24,80276.0,,,,,,,,,,
China,2020-03-25,80284.0,,,,,,,,,,
China,2020-03-26,80313.0,,,,,,,,,,
China,2020-03-27,80338.0,,,,,,,,,,
China,2020-03-28,80352.0,,,,,,,,,,
China,2020-03-29,80375.0,,,,,,,,,,
China,2020-03-30,80394.0,,,,,,,,,,
China,2020-03-31,80406.0,,,,,,,,,,
China,2020-04-01,80418.0,,,,,,,,,,
China,2020-04-02,80429.0,,,,,,,,,,
China,2020-04-03,80441.0,,,,,,,,,,
China,2020-04-04,80446.0,,,,,,,,,,
China,2020-04-05,80610.0,,,,,,,,,,
China,2020-04-06,80706.0,,,,,,,,,,
South Korea,2020-01-15,,,,,,,,,,,
South Korea,2020-01-16,,,,,,,,,,,
South Korea,2020-01-17,,,,,,,,,,,
South Korea,2020-01-18,,,,,,,,,,,
South Korea,2020-01-19,,,,,,,,,,,
South Korea,2020-01-20,,,,,,,,,,,
South Korea,2020-01-21,,,,,,,,,,,
South Korea,2020-01-22,,,,,,,,,,,
South Korea,2020-01-23,,,,,,,,,,,
South Korea,2020-01-24,,,,,,,,,,,
South Korea,2020-01-25,,,,,,,,,,,
South Korea,2020-01-26,,,,,,,,,,,
South Korea,2020-01-27,,,,,,,,,,,
South Korea,2020-01-28,,,,,,,,,,,
South Korea,2020-01-29,,,,,,,,,,,
South Korea,2020-01-30,,,,,,,,,,,
South Korea,2020-01-31,,,,,,,,,,,
South Korea,2020-02-01,,,,,,,,,,,
South Korea,2020-02-02,,,,,,,,,,,
South Korea,2020-02-03,,,,,,,,,,,
South Korea,2020-02-04,,,,,,,,,,,
South Korea,2020-02-05,,,,,,,,,,,
South Korea,2020-02-06,,,,,,,,,,,
South Korea,2020-02-07,,,,,,,,,,,
South Korea,2020-02-08,,,,,,,,,,,
South Korea,2020-02-09,,,,,,,,,,,
South Korea,2020-02-10,,,,,,,,,,,
South Korea,2020-02-11,,,,,,,,,,,
South Korea,2020-02-12,,,,,,,,,,,
South Korea,2020-02-13,,,,,,,,,,,
South Korea,2020-02-14,,,,,,,,,,,
South Korea,2020-02-15,,,,,,,,,,,
South Korea,2020-02-16,,,,,,,,,,,
South Korea,2020-02-17,24.0,24.0,24.0,24.0,24.0,24.0,24.0,24.0,24.0,24.0,24.0
South Korea,2020-02-18,25.0,36.181179731156824,36.181179731156824,29.66781657951914,29.66781657951914,32.64119328758594,32.64119328758594,40.452163549271944,40.452163549271944,45.01465918961993,45.01465918961993
South Korea,2020-02-19,37.0,64.79225267081141,64.79225267081141,47.07968357959195,47.07968357959195,55.127780268260594,55.127780268260594,78.18464892424532,78.18464892424532,93.6340132927461,93.6340132927461
South Korea,2020-02-20,88.0,128.95034226407296,130.73210833600893,99.88813214409214,99.95196846544596,112.4235857528429,113.42440993193816,152.96887003956166,155.8511336997891,182.1342221288553,185.40098538091027
South Korea,2020-02-21,255.0,180.33753095144095,202.46582981204662,124.04443737282926,125.41303440832644,148.49879705475482,158.09560458108362,223.78537632235634,267.38386282572617,285.70086088451035,360.8129097692563
South Korea,2020-02-22,382.0,257.6653809306348,317.2670918624678,167.4836896080596,172.21580872914706,206.34107654518374,231.1369627828258,331.0145193721926,460.3144733897425,435.2988847628287,684.560304317005
South Korea,2020-02-23,612.0,362.98827382784737,487.65181598566033,221.29935905299055,224.94908834524762,279.91561254383794,326.1118859500544,488.43295042107474,778.9770064961579,669.9076731844071,1278.4616950635377
South Korea,2020-02-24,811.0,465.418080150257,704.4733004658543,264.0477362176857,268.7261841801046,347.6955993958427,428.916753556772,657.0323341091452,1265.7241721729492,913.406438231046,2320.8581419406028
South Korea,2020-02-25,949.0,597.2017774729118,1025.714005066105,314.22183369226076,330.1767234788415,432.48499222532826,569.0302068455906,873.3931487697282,2063.1222965540856,1267.4603276308353,4198.352594965141
South Korea,2020-02-26,1236.0,761.8912545922448,1497.4743849462243,374.91626966891124,402.0291122749072,535.6184317891625,750.04481611913,1165.4973409790657,3412.7589387993985,1719.8372656563592,7889.169778277046
South Korea,2020-02-27,1701.0,1020.5540869322977,2237.6566010019887,493.8981092594809,536.0346170649938,712.7109297048986,1050.1436002485284,1607.0379739076561,5688.48210821567,2420.5539919803855,14612.111382355382
South Korea,2020-02-28,2129.0,1234.0146634644525,3376.6808094405797,573.5505893230777,655.1633743059064,852.7333571761659,1394.2354760474109,2041.6291546452185,10057.783487337827,3077.1727864434483,29339.005136500156
South Korea,2020-02-29,2969.0,1473.643618142256,5126.599307232831,689.3507292710075,819.3541967940516,1011.1201500949978,1919.4712954581487,2469.233351831458,17414.656190832033,3759.627836663976,58194.4559265908
South Korea,2020-03-01,3629.0,1740.8129607700675,7600.177893089929,841.2222911187048,1037.7743130126348,1201.4624452334276,2588.4859436467787,2922.458099672377,29212.17376721087,4611.443802567293,112739.49388128066
South Korea,2020-03-02,4213.0,1992.8793134732807,11003.302606908277,950.1111274228635,1254.832526889426,1364.990774006979,3386.933346596673,3402.0433072918217,48230.46218118016,5383.187976443056,209323.36705511285
South Korea,2020-03-03,4845.0,2284.3958418349976,16077.979969164182,1094.739480513356,1513.6713316242058,1563.4284987906403,4507.043253678535,3984.5139718615683,79727.88286331494,6392.923612123621,388635.917022216
South Korea,2020-03-04,5362.0,2624.1117512259484,23593.66719551884,1241.4010325778536,1825.5898321487557,1787.3343442234295,5993.141407577044,4753.880006171465,134574.0321450982,7753.856979111551,694987.6603748703
South Korea,2020-03-05,5821.0,3014.6848612946937,34671.044430611546,1397.3220567070048,2204.0736748155346,2046.5274922888996,7906.553550816679,5582.514473494425,223002.993634901,9196.454913268077,1208692.5948802745
South Korea,2020-03-06,6274.0,3555.9655079057784,52647.945597518534,1596.4130194404697,2634.378515714295,2353.223119582359,10714.30286473754,6961.612806130852,389837.21413954656,12093.329749353652,2086169.9430544034
South Korea,2020-03-07,6718.0,4098.499839884799,77689.70404433622,1804.744084176097,3271.994395644295,2685.76866419781,14472.354941165351,8282.818299163475,638491.4051452893,15316.07752765844,3137174.8173810444
South Korea,2020-03-08,7054.0,4744.2302464287395,115086.57462409796,2032.7302425577536,4154.510917709705,3042.8884293199576,19701.841778725695,10032.37159699346,1020959.792966473,19038.34510200902,4277498.998311963
South Korea,2020-03-09,7287.0,5405.311733321762,166776.62418494068,2272.969035111466,5128.967979781988,3396.878794287143,25925.602465220873,11955.15289094872,1548686.0150934174,23995.72641105637,5437212.494006852
South Korea,2020-03-10,7452.0,6227.592361400472,243436.2666576112,2535.097331600343,6391.520771271553,3872.297503419941,34225.72651506752,14310.238789429915,2275568.9088694593,30079.815923711772,6348959.201652806
South Korea,2020-03-11,7660.0,7073.228945279542,355093.0233624868,2797.6831996595733,7985.685218666733,4303.586290620643,45660.1955689367,16968.730310424093,3122104.8815916986,37675.52162855614,7313167.307859249
South Korea,2020-03-12,7774.0,8042.853586295443,515005.59289331717,3077.3929859863083,9760.798351527092,4802.987970037757,60756.891280122756,20334.67167365604,4108374.209533973,45739.96106741389,8190643.924046911
South Korea,2020-03-13,7876.0,9386.203585029654,761984.038374888,3307.830535865981,12050.715589571157,5302.811130716345,83624.14852593486,25720.93418411045,5272036.599744132,60475.93816959817,9289152.863820521
South Korea,2020-03-14,7966.0,10724.006078609671,1082012.9647722342,3596.2274926633268,14838.26004265574,5886.962554612392,111485.11814585255,30732.467119570203,6193467.559573196,74435.27752283734,10367712.87050703
South Korea,2020-03-15,8075.0,11557.854663888245,1513132.429708517,3875.79617532717,18028.864038029686,6381.062538785034,148074.96567461177,32958.15901797276,7058940.972554125,82956.85114817758,11501882.150197137
South Korea,2020-03-16,8144.0,12084.493473432904,2032412.8233441988,4079.148209926189,21858.59995344502,6704.284356739386,195123.94258089963,34511.49058243615,7830960.415126525,86548.38481743397,12786254.545045223
South Korea,2020-03-17,8254.0,12704.610547357051,2676473.0723347063,4399.675696525336,26736.297586988658,7040.578228567265,258638.75429877147,36545.33436296995,8646942.631302567,92547.6407051667,14339508.999052878
South Korea,2020-03-18,8326.0,13348.60848960235,3423909.7478537355,4687.3109942566,32548.714285293234,7429.13863701512,341235.47748855985,38207.4762045284,9488608.87921245,97522.22832030848,15866381.282895375
South Korea,2020-03-19,8493.0,14017.65329839084,4237614.870406047,5002.909616454797,40015.88259008643,7870.982482253532,451055.58434242284,40243.25653507703,10500714.545934252,102728.56463289683,17372033.220889904
South Korea,2020-03-20,8572.0,14986.122273534487,5145971.3581899265,5215.891595036115,49682.667009242556,8293.308226365578,601518.3961691494,43618.67832042875,11644845.141207263,111534.72840541296,18825320.185271934
South Korea,2020-03-21,8709.0,15710.50296196347,5973424.882235804,5538.4179520438865,61437.41259534913,8771.519597089733,779649.8092325605,45802.76555265868,12954625.879945327,115582.1493489876,20056180.29107695
South Korea,2020-03-22,8795.0,16449.83966970371,6751785.699135682,5826.0212772687755,74661.01270019806,9279.871306787312,992555.2333652856,47927.08909775934,14263064.43841064,121212.20663754545,21064806.050758798
South Korea,2020-03-23,8848.0,17084.641839261833,7464756.33563041,6092.721378354354,90730.5609471624,9677.479909252066,1188688.9223871739,49959.57830504781,15561322.738245077,125184.84521584884,21882255.83480695
South Korea,2020-03-24,8899.0,17826.94899948196,8174091.538557602,6398.600207859836,111088.89579270892,10192.07320515902,1451447.3209442254,52499.81063352447,16832487.880176097,130076.85912425062,22598288.17054377
South Korea,2020-03-25,8962.0,18618.955868889385,8893721.696263272,6731.807157847471,135189.061979582,10704.719818498063,1738126.1419697371,54487.39115890358,18110854.625025492,134194.71142530203,23159516.352638084
South Korea,2020-03-26,9040.0,19434.370148071743,9648106.813671043,7055.01818443882,165772.3598729396,11297.919383086313,2056055.3399377041,56664.69087247905,19254182.53844055,139164.34692893457,23597538.536165617
South Korea,2020-03-27,9119.0,20301.996806683605,10458794.561739713,7396.123200431762,199985.72888681,11893.564643624431,2395547.8691322813,59752.10672428795,20249982.29867836,145198.7287877458,23943129.258721665
South Korea,2020-03-28,9250.0,21223.19906471319,11350916.949431365,7880.4672318064695,245162.0686792898,12376.379780494102,2750384.340320772,62624.74150947733,21089315.091355205,150728.48201375772,24214550.037374947
South Korea,2020-03-29,9334.0,22223.968003799877,12333578.66931988,8201.241229770685,294339.8539658129,13009.213310187244,3220280.3129478693,65368.53926709101,21866963.20015929,158029.39817548398,24426716.234924603
South Korea,2020-03-30,9399.0,23033.6485447787,13312630.683975006,8572.22708183704,348631.46697479795,13586.722764226488,3602528.077259527,67982.6135835407,22471135.860721774,161329.67244860882,24588131.31254655
South Korea,2020-03-31,9527.0,23963.820524141076,14357160.845993947,8977.017605741721,418940.2807776412,14309.202063329445,4097250.350780179,71066.4514505436,23018013.93583166,166835.9024341499,24715037.12215433
South Korea,2020-04-01,9616.0,25010.23851080058,15421360.559657155,9417.611863532704,499814.15051067417,15031.785288699975,4611359.897705646,74058.39161880405,23425354.940280072,174918.53095336974,24821877.301749345
South Korea,2020-04-02,9686.0,26098.74036728438,16468749.964543944,9834.813225221033,595941.2382299574,15703.875423264037,5171576.493991319,77387.42079806437,23766665.33708366,181988.62658525287,24905507.056454055
South Korea,2020-04-03,9762.0,27648.305785858818,17576453.016423106,10267.669723490942,724831.7177334487,16463.713234237242,5739650.543047803,83733.6703053656,24057790.789388612,194438.80245413177,24994549.71072909
South Korea,2020-04-04,9837.0,28880.626349874896,18529301.770885713,10783.280519377095,854991.9186321541,17185.798931919726,6376768.382693943,86984.40752704362,24284469.005181707,205410.97703668245,25081794.730878625
South Korea,2020-04-05,9894.0,30284.28459244777,19421795.34921389,11196.581191959844,984838.9857056706,17988.90490141947,7062608.458968323,90413.0624105038,24473148.703008167,217192.5280686086,25194246.210830957
South Korea,2020-04-06,9924.0,31448.167916180264,20180710.59551181,11664.952165985329,1123232.674648814,18778.1552509385,7599409.5134679,93629.8275859745,24623216.236738067,223006.50043009568,25290118.352979258
Italy,2020-01-15,,,,,,,,,,,
Italy,2020-01-16,,,,,,,,,,,
Italy,2020-01-17,,,,,,,,,,,
Italy,2020-01-18,,,,,,,,,,,
Italy,2020-01-19,,,,,,,,,,,
Italy,2020-01-20,,,,,,,,,,,
Italy,2020-01-21,,,,,,,,,,,
Italy,2020-01-22,,,,,,,,,,,
Italy,2020-01-23,,,,,,,,,,,
Italy,2020-01-24,,,,,,,,,,,
Italy,2020-01-25,,,,,,,,,,,
Italy,2020-01-26,,,,,,,,,,,
Italy,2020-01-27,,,,,,,,,,,
Italy,2020-01-28,,,,,,,,,,,
Italy,2020-01-29,,,,,,,,,,,
Italy,2020-01-30,,,,,,,,,,,
Italy,2020-01-31,,,,,,,,,,,
Italy,2020-02-01,,,,,,,,,,,
Italy,2020-02-02,,,,,,,,,,,
Italy,2020-02-03,,,,,,,,,,,
Italy,2020-02-04,,,,,,,,,,,
Italy,2020-02-05,,,,,,,,,,,
Italy,2020-02-06,,,,,,,,,,,
Italy,2020-02-07,,,,,,,,,,,
Italy,2020-02-08,,,,,,,,,,,
Italy,2020-02-09,,,,,,,,,,,
Italy,2020-02-10,,,,,,,,,,,
Italy,2020-02-11,,,,,,,,,,,
Italy,2020-02-12,,,,,,,,,,,
Italy,2020-02-13,,,,,,,,,,,
Italy,2020-02-14,,,,,,,,,,,
Italy,2020-02-15,,,,,,,,,,,
Italy,2020-02-16,,,,,,,,,,,
Italy,2020-02-17,,,,,,,,,,,
Italy,2020-02-18,,,,,,,,,,,
Italy,2020-02-19,,,,,,,,,,,
Italy,2020-02-20,,,,,,,,,,,
Italy,2020-02-21,,,,,,,,,,,
Italy,2020-02-22,,,,,,,,,,,
Italy,2020-02-23,,,,,,,,,,,
Italy,2020-02-24,,,,,,,,,,,
Italy,2020-02-25,309.0,,,,,,,,,,
Italy,2020-02-26,387.0,310.0,310.0,310.0,310.0,310.0,310.0,310.0,310.0,310.0,310.0
Italy,2020-02-27,630.0,526.0569820880951,538.0381978110056,476.54546726481306,480.3405142528364,499.0870938747382,506.9018319776474,554.5058779081968,571.0523740915046,579.7784302183235,599.9857561941185
Italy,2020-02-28,857.0,734.5087997268699,766.4644511486276,597.9002232281063,611.7289328351007,658.3580087921071,677.8656375498736,819.9099348336302,865.029192873177,890.2173081002618,952.5110959232585
Italy,2020-02-29,1089.0,1040.347180627813,1103.0383949920615,769.4506785817829,784.2339608805411,887.083121534788,922.7956302024686,1222.0108343200934,1314.75761239639,1378.9209609895938,1517.2715508754454
Italy,2020-03-01,1657.0,1393.7071279071554,1567.3101316849672,1029.9129265690717,993.6366285935445,1186.9573463449385,1226.054730372129,1645.293762658383,1989.1157732346255,1856.6935493484855,2424.2087336292084
Italy,2020-03-02,2000.0,1827.4341222299781,2169.944060736885,1360.9862073126017,1228.7171638777806,1556.9980537213785,1597.235708970722,2162.693921061773,2909.4702858004184,2455.8117367583122,3744.1373045956257
Italy,2020-03-03,2464.0,2406.527101957832,3004.1047856979358,1805.203195109494,1552.9107116353593,2038.381221161507,2098.777126395753,2850.3869031643053,4268.043710631632,3290.9253654133963,5720.492585687687
Italy,2020-03-04,3051.0,3198.010555038787,4178.631000809309,2378.274816860293,1971.9501574968453,2712.4274836252707,2783.8835806626726,3788.070716167238,6205.506885706729,4442.203155961121,8755.896787887228
Italy,2020-03-05,3819.0,4208.932100651974,5787.442413945182,3110.5264825663235,2457.3836495625555,3561.8704377593153,3666.465303809473,5015.405234295695,9090.852286802488,5954.5670155312,13332.389530535134
Italy,2020-03-06,4604.0,5518.898553898233,7961.2999845727645,4088.9849959296653,3090.254184294919,4663.729752909649,4777.451545642614,6578.1074819672485,13164.735712237134,7927.831959767863,19863.860542569168
Italy,2020-03-07,5854.0,7161.285162950991,10807.399859397296,5236.3012718451955,3827.8220222401833,6054.606133802547,6193.804663219794,8553.377761302178,18691.290164580798,10411.061150286068,28890.644505690198
Italy,2020-03-08,7253.0,8964.070008233557,15022.222847136329,6615.407294332288,4883.667221603078,7589.97915993742,8223.455843579655,10708.378917561495,27311.14407210929,13092.939182233273,43561.440286600606
Italy,2020-03-09,9158.0,10794.25961843423,20081.5492738787,8001.812871607682,6047.340555273662,9184.371361483121,10480.630761466993,12862.3981103481,37956.141202470215,15810.276935230528,63029.19506439231
Italy,2020-03-10,10661.0,12885.390868165938,26842.336965846913,9632.182472971876,7478.736528167111,11025.34365292013,13334.905812179897,15344.547669719617,52759.95202653129,18957.713430738237,89499.96807210412
Italy,2020-03-11,12473.0,15144.341956407055,35896.24907895643,11379.579579406054,9255.168470633056,13005.158833555904,17208.61769392085,18081.620974722344,72694.81263195646,22318.077391044637,124258.10740325676
Italy,2020-03-12,15105.0,17914.147250629598,48328.20528111642,13521.121480373473,11484.599891636404,15414.248766158657,22367.371768858447,21394.159215928037,101384.35573961299,26517.258763406164,172289.6678391706
Italy,2020-03-13,17660.0,21011.148750069035,64514.951392187606,16013.732130352795,14237.433498397366,18271.912160745564,28999.14844982511,25179.300044870317,138274.39013904537,30944.474011077138,231326.6557821644
Italy,2020-03-14,21157.0,24374.615371218173,85030.4384834361,18674.64865893199,17425.68015805699,21302.390301343024,36925.130898118194,29183.975701413496,183026.52378367248,36060.23282100921,308346.863350744
Italy,2020-03-15,24747.0,29034.58707913728,114425.50267341055,22358.494610300775,21867.304541400696,25560.675718617076,48464.125180539384,34866.039475208716,249101.09700144056,42859.13213841884,410415.9786342611
Italy,2020-03-16,28034.0,33510.79376766957,148989.31321208453,26026.37846580615,26542.8944551394,29678.12308992745,60629.968734899485,40299.589039646235,324561.82921798574,49565.671829868625,521321.9222238717
Italy,2020-03-17,31506.0,38746.8253044543,193348.6413731623,30326.781939303713,32421.956224141693,34384.68172794284,77582.958760094,46693.093143998565,416473.4781378132,57845.7913846734,654524.2335465333
Italy,2020-03-18,35801.0,44946.39589347608,250354.8434027323,35310.30028813944,39937.09571830882,39961.087795150626,98258.08199657312,54537.85594862175,527631.5255655516,67036.734883766,818310.0836567354
Italy,2020-03-19,41035.0,52696.844435625775,324823.4737979878,41828.129326787195,49061.53669584559,47079.157814053935,125940.70733171719,64187.162667817895,671770.2606612666,78735.29579030928,1005369.4290776011
Italy,2020-03-20,47021.0,61530.16282291244,416164.0665645109,49533.861478289764,60371.83252695344,55330.78445041243,162028.36255918248,75071.52038886743,832209.1090501886,91910.88531792864,1210439.1336736477
Italy,2020-03-21,53578.0,71283.05440101054,523959.63545347773,56930.57120839933,74040.50443401352,64313.21994874863,203860.86383996502,87587.6305206787,1013525.1988467514,107811.11316111029,1424821.2183884392
Italy,2020-03-22,59138.0,78467.45534238493,663614.4171818553,63718.56710046737,91547.36493447938,71351.59904590156,260675.42711988516,96751.53375310877,1223304.722659141,117957.12939988679,1654334.8990614486
Italy,2020-03-23,63927.0,84057.75342400181,811820.462995291,68653.59560448749,112036.4975411828,76957.92105894146,323107.02769826783,103922.04328751743,1428707.6337479407,126546.18684591958,1860674.372496581
Italy,2020-03-24,69176.0,90087.91938128523,979418.6298844632,74015.67344245719,136971.685415837,82901.0682013813,402158.3296328538,112254.2377756897,1638828.164470585,135558.1237178725,2057398.725292073
Italy,2020-03-25,74386.0,96787.93079969892,1164649.7815766505,79746.03992382748,166662.89622014647,89667.05913444851,498933.2500152004,121243.40154053169,1836988.0084938458,145193.1706284298,2227449.576754772
Italy,2020-03-26,80539.0,104727.8890003317,1366487.4472519024,86279.64456755487,204180.67549518857,97340.93056620953,611728.7134921238,131492.02227425613,2028104.668618244,156997.97985486523,2390526.824403641
Italy,2020-03-27,86498.0,112838.78635944615,1568594.7999640026,93456.06001661567,250629.50597833472,105107.73741309604,741067.9334021979,141805.7056519845,2207461.8527397714,169968.2955097655,2530394.8538362314
Italy,2020-03-28,92472.0,120644.19633616731,1761011.179222751,100020.33124647112,303817.4500541082,113231.7759849941,884194.4210448723,152731.45267416793,2361897.137614474,181640.5939764565,2647131.5874365796
Italy,2020-03-29,97689.0,131206.8900230583,1959028.0891687537,110071.46324910686,366776.54886938934,123421.93993335904,1056114.511221727,167056.1211815281,2508622.4139503185,197634.61308864053,2761511.744695601
Italy,2020-03-30,101739.0,139678.15239707244,2127475.9542332757,116849.4561532674,437177.9955384412,132180.4195040518,1207842.8650583546,178332.58052975585,2631896.3573177857,210585.37045813393,2847811.1553858113
Italy,2020-03-31,105792.0,148798.71114249446,2282964.5560167814,125530.88572679624,516920.77447891614,141301.49858620594,1370212.2383574191,190659.0063415113,2737604.7783018425,223940.00415177186,2919024.1524961777
Italy,2020-04-01,110574.0,158920.03761597647,2425333.9535544864,133080.54601626823,605042.0186131499,150832.12687044876,1539168.886180449,205164.78452684885,2822587.424503155,238423.4082089884,2975399.4513079138
Italy,2020-04-02,115242.0,170879.34408846174,2555833.952403704,142590.59274107614,707188.3755753736,162662.99269243533,1710911.5503409798,221019.4381061585,2897368.721141876,256829.8125073592,3022431.011720754
Italy,2020-04-03,119827.0,183149.0846693981,2667758.8076096675,154252.86953275412,822242.3152809776,174667.82438201678,1877995.9421049259,237064.32411724987,2958329.699330015,275540.92918578937,3058224.595199014
Italy,2020-04-04,124632.0,195041.18088344613,2760746.824018192,163968.05442228954,941129.5070990947,185959.68737231317,2035841.4107501681,252972.17855580218,3004610.248154351,295175.88947728643,3087040.63413668
Italy,2020-04-05,128948.0,210910.31147642288,2844810.658658268,177652.35840377474,1068488.178816854,201760.9490305731,2191008.1419561114,274713.95745967666,3044312.5724352347,319390.24744899414,3109945.50035648
Italy,2020-04-06,132547.0,223826.16148033045,2908325.38632269,187606.4781721774,1196988.1409883134,214262.2581035809,2318131.367629675,292672.20852787886,3073644.9012538684,338097.68204100174,3126604.24534216
Iran,2020-01-15,,,,,,,,,,,
Iran,2020-01-16,,,,,,,,,,,
Iran,2020-01-17,,,,,,,,,,,
Iran,2020-01-18,,,,,,,,,,,
Iran,2020-01-19,,,,,,,,,,,
Iran,2020-01-20,,,,,,,,,,,
Iran,2020-01-21,,,,,,,,,,,
Iran,2020-01-22,,,,,,,,,,,
Iran,2020-01-23,,,,,,,,,,,
Iran,2020-01-24,,,,,,,,,,,
Iran,2020-01-25,,,,,,,,,,,
Iran,2020-01-26,,,,,,,,,,,
Iran,2020-01-27,,,,,,,,,,,
Iran,2020-01-28,,,,,,,,,,,
Iran,2020-01-29,,,,,,,,,,,
Iran,2020-01-30,,,,,,,,,,,
Iran,2020-01-31,,,,,,,,,,,
Iran,2020-02-01,,,,,,,,,,,
Iran,2020-02-02,,,,,,,,,,,
Iran,2020-02-03,,,,,,,,,,,
Iran,2020-02-04,,,,,,,,,,,
Iran,2020-02-05,,,,,,,,,,,
Iran,2020-02-06,,,,,,,,,,,
Iran,2020-02-07,,,,,,,,,,,
Iran,2020-02-08,,,,,,,,,,,
Iran,2020-02-09,,,,,,,,,,,
Iran,2020-02-10,,,,,,,,,,,
Iran,2020-02-11,,,,,,,,,,,
Iran,2020-02-12,,,,,,,,,,,
Iran,2020-02-13,,,,,,,,,,,
Iran,2020-02-14,,,,,,,,,,,
Iran,2020-02-15,,,,,,,,,,,
Iran,2020-02-16,,,,,,,,,,,
Iran,2020-02-17,,,,,,,,,,,
Iran,2020-02-18,,,,,,,,,,,
Iran,2020-02-19,,,,,,,,,,,
Iran,2020-02-20,,,,,,,,,,,
Iran,2020-02-21,,,,,,,,,,,
Iran,2020-02-22,,,,,,,,,,,
Iran,2020-02-23,,,,,,,,,,,
Iran,2020-02-24,,,,,,,,,,,
Iran,2020-02-25,,,,,,,,,,,
Iran,2020-02-26,,,,,,,,,,,
Iran,2020-02-27,188.0,188.0,188.0,188.0,188.0,188.0,188.0,188.0,188.0,188.0,188.0
Iran,2020-02-28,312.0,332.17752821679727,354.21596373408244,284.75235989636616,300.0801958888631,306.6267965893102,324.54303438467787,360.61735206124155,385.60777315346826,386.5190165807903,414.23172725136675
Iran,2020-02-29,532.0,628.0409400330557,691.611539275003,534.839484568769,569.0860591819318,572.3326645844571,618.407085242872,685.6316916563211,770.9376194821092,734.9997311462165,831.2483876851904
Iran,2020-03-01,910.0,961.9797967929793,1166.3768188337724,782.5093630288997,869.7739456572959,857.9127010444031,989.3393772430913,1080.2150446415403,1365.1621084590963,1178.447121184007,1535.774221124397
Iran,2020-03-02,1415.0,1434.2824017944854,1919.7765371753976,1085.40849353461,1281.5617913170745,1233.5441923411222,1522.7766782115946,1678.0361542472535,2385.947353574059,1897.2663960003376,2832.1744655487173
Iran,2020-03-03,2279.0,1930.7445526647105,3095.9757279710298,1410.0381638232113,1818.35544720182,1630.5673961881032,2297.9239133862425,2310.1571071310454,4153.549197843333,2676.7423426657915,5198.595598487817
Iran,2020-03-04,2887.0,2632.181795071056,4967.25534541526,1861.654288149985,2625.601432955484,2177.3356545294464,3480.927962161772,3248.0115426280554,7136.804837042946,3749.4063748989943,9344.330616353418
Iran,2020-03-05,3533.0,3460.849553344317,8326.357459922156,2453.959970293975,4101.536064496321,2872.7185981603916,5539.135840568837,4271.7200298101925,12773.919779153102,5042.615634120225,17771.416608325217
Iran,2020-03-06,4774.0,4908.791916619362,15126.754912563889,3512.6143569377946,6810.739470453446,4088.262136994199,9676.081631957182,6113.803006660646,24120.011316123546,7285.623989011109,33844.82498142766
Iran,2020-03-07,5842.0,6236.718494469844,24777.292761232085,4382.248334997647,10206.211824233142,5143.125424908045,14866.584286280022,7899.719995631352,42109.717296097835,9539.033552759709,62663.52772495059
Iran,2020-03-08,6575.0,7824.362349009878,40156.93971454011,5382.800933234856,15346.908502012333,6462.392561557654,22971.949181982258,10153.26309802671,72926.77927626648,12396.988251442352,112852.33067064482
Iran,2020-03-09,7197.0,9854.748151739048,65411.97907303494,6573.570923537796,22484.30276769983,8025.191173012335,34989.01117344971,13223.573332921194,127228.47175998236,16306.29106456618,204709.17056313856
Iran,2020-03-10,8087.0,12238.542819314065,104626.91424936867,8042.723942877454,32816.178826219344,9974.460739230337,53551.09213101706,16895.1377488444,216089.46482074328,21737.076459382297,359186.03030856984
Iran,2020-03-11,9045.0,14886.397130152029,163074.58730556566,9613.08382592275,47432.549102675104,11982.903593039655,80452.93006924176,21267.215098649947,350932.6148101969,28480.93362726596,597257.4644481372
Iran,2020-03-12,10120.0,18982.17127235722,265501.3747433505,11491.802746348782,73896.5069607635,14860.38254040331,125702.07134136968,29018.959658455326,592499.7982189222,41547.0992786527,1006787.004304336
Iran,2020-03-13,11409.0,21822.664767146834,431642.6696961128,13155.693093212914,113092.8928813259,17156.599691728567,200197.6001439887,34084.72325433517,961864.6867165787,50119.50170520031,1548648.700621936
Iran,2020-03-14,12774.0,24310.108762624965,666945.599524532,14655.976923731174,166385.8820629496,19141.47905798724,303441.51162742614,38853.14365924003,1441546.3163006508,58375.62943602351,2192543.7808775506
Iran,2020-03-15,13983.0,26861.423253446774,995886.089462766,16233.133296618491,242795.97793015634,21260.48710797366,448290.1784514534,43768.913364799424,2049070.6739029589,67034.8059406368,2903384.288754403
Iran,2020-03-16,15036.0,29810.461659284403,1442467.1699221048,18044.01024278213,353089.86250135547,23490.286567049785,654699.9594216851,50677.751202219784,2733354.1054873713,79768.70465367708,3678682.0596296038
Iran,2020-03-17,16214.0,32652.073874153106,1981010.112407356,19831.45231130514,500255.331046765,26164.21988158865,925331.9491147621,56859.52040907387,3435869.2709040353,91111.87130657423,4436175.563650654
Iran,2020-03-18,17406.0,35162.07421501735,2573440.419602809,21360.035946932963,666842.1188434757,28330.52542979423,1231244.8344155776,62861.96844792469,4103639.1947895316,103866.99925563233,5103602.607844091
Iran,2020-03-19,18452.0,39336.4896407794,3288571.4524776326,23099.028282140862,934410.7512522682,30945.402574872056,1654034.9785240777,73093.15668142788,4840009.60564369,126107.87609500083,5749729.461913279
Iran,2020-03-20,19689.0,46572.96759868151,4130030.328963985,26745.790387867524,1351024.6417612943,36441.424772397615,2277159.4152469174,91673.02646149503,5530813.974878249,161439.62866685534,6281737.761419799
Iran,2020-03-21,20655.0,51428.87337508772,4805414.243262173,29964.020533435483,1666335.8236097973,40435.09545270823,2845572.1928489525,105182.37416520577,6074942.8619259745,190266.66870197217,6727553.513367943
Iran,2020-03-22,21683.0,56452.32396452346,5414554.809798911,33262.67599521804,1981932.6714003282,44664.160706816336,3402745.7718284875,120233.0456479942,6527203.514224677,217761.99626402825,7071915.447622769
Iran,2020-03-23,,,,,,,,,,,
Iran,2020-03-24,,,,,,,,,,,
Iran,2020-03-25,,,,,,,,,,,
Iran,2020-03-26,,,,,,,,,,,
Iran,2020-03-27,,,,,,,,,,,
Iran,2020-03-28,,,,,,,,,,,
Iran,2020-03-29,,,,,,,,,,,
Iran,2020-03-30,,,,,,,,,,,
Iran,2020-03-31,,,,,,,,,,,
Iran,2020-04-01,,,,,,,,,,,
Iran,2020-04-02,,,,,,,,,,,
Iran,2020-04-03,,,,,,,,,,,
Iran,2020-04-04,,,,,,,,,,,
Iran,2020-04-05,,,,,,,,,,,
Iran,2020-04-06,,,,,,,,,,,
France,2020-01-15,,,,,,,,,,,
France,2020-01-16,,,,,,,,,,,
France,2020-01-17,,,,,,,,,,,
France,2020-01-18,,,,,,,,,,,
France,2020-01-19,,,,,,,,,,,
France,2020-01-20,,,,,,,,,,,
France,2020-01-21,,,,,,,,,,,
France,2020-01-22,,,,,,,,,,,
France,2020-01-23,,,,,,,,,,,
France,2020-01-24,,,,,,,,,,,
France,2020-01-25,,,,,,,,,,,
France,2020-01-26,,,,,,,,,,,
France,2020-01-27,,,,,,,,,,,
France,2020-01-28,,,,,,,,,,,
France,2020-01-29,,,,,,,,,,,
France,2020-01-30,,,,,,,,,,,
France,2020-01-31,,,,,,,,,,,
France,2020-02-01,,,,,,,,,,,
France,2020-02-02,,,,,,,,,,,
France,2020-02-03,,,,,,,,,,,
France,2020-02-04,,,,,,,,,,,
France,2020-02-05,,,,,,,,,,,
France,2020-02-06,,,,,,,,,,,
France,2020-02-07,,,,,,,,,,,
France,2020-02-08,,,,,,,,,,,
France,2020-02-09,,,,,,,,,,,
France,2020-02-10,,,,,,,,,,,
France,2020-02-11,,,,,,,,,,,
France,2020-02-12,,,,,,,,,,,
France,2020-02-13,,,,,,,,,,,
France,2020-02-14,,,,,,,,,,,
France,2020-02-15,,,,,,,,,,,
France,2020-02-16,,,,,,,,,,,
France,2020-02-17,,,,,,,,,,,
France,2020-02-18,,,,,,,,,,,
France,2020-02-19,,,,,,,,,,,
France,2020-02-20,,,,,,,,,,,
France,2020-02-21,,,,,,,,,,,
France,2020-02-22,,,,,,,,,,,
France,2020-02-23,,,,,,,,,,,
France,2020-02-24,,,,,,,,,,,
France,2020-02-25,,,,,,,,,,,
France,2020-02-26,,,,,,,,,,,
France,2020-02-27,11.0,,,,,,,,,,
France,2020-02-28,11.0,,,,,,,,,,
France,2020-02-29,48.0,,,,,,,,,,
France,2020-03-01,65.0,,,,,,,,,,
France,2020-03-02,141.0,141.0,141.0,141.0,141.0,141.0,141.0,141.0,141.0,141.0,141.0
France,2020-03-03,191.0,218.89069206054245,224.41200083193783,205.71313390645062,203.596230420344,212.01790887888993,213.47559089530785,225.75658040841577,235.9406815500148,232.58267268510005,245.85781704038996
France,2020-03-04,259.0,311.6813041700524,327.5806538817393,280.21970777955215,274.2413460997664,295.33530121106315,297.81743363562407,329.7203612045041,359.45471505230347,349.3504570339175,390.6107385000173
France,2020-03-05,388.0,466.1540153067372,501.40351498223976,403.6435468041266,390.8358155909872,432.5200598639906,438.85248552480283,506.62723428560855,576.4989839907561,546.3046089435136,646.2210581561736
France,2020-03-06,600.0,722.9872019806869,801.8440023164278,609.2551447974431,589.9198518030047,661.3620434712243,679.034684416857,800.9262068448288,960.1470136987841,881.0547893988448,1108.7029523579213
France,2020-03-07,934.0,1028.232134356628,1183.6469960776506,833.1079055637423,810.8585704660122,921.7207463572823,959.7234499868462,1161.5707213189637,1494.4399918844035,1311.1494536643218,1805.7685432240721
France,2020-03-08,1163.0,1399.6851671000684,1743.5234272151688,1119.2364790247475,1104.2530685504776,1249.5804045967427,1355.560637451843,1612.867079789116,2318.9734256274774,1824.4902288043552,2953.3113722376934
France,2020-03-09,1430.0,1839.0129302435214,2498.720049134029,1443.3813330759058,1464.8572227556442,1627.1244740049872,1849.0618619880581,2153.2911536928664,3558.935872525067,2479.1650802701593,4649.945422614027
France,2020-03-10,1773.0,2324.255098040409,3467.48712254788,1790.8053303985905,1849.3106050144359,2032.112467702968,2440.769456671484,2784.0838307873664,5278.604034558823,3238.7161198196522,7246.9885858502
France,2020-03-11,2269.0,2964.6992755143797,4966.459473373473,2276.3370452152913,2442.251311539773,2596.850998191744,3354.616923620482,3590.906649149034,8062.949071300241,4281.885923139715,11796.23879966252
France,2020-03-12,2860.0,3897.351256092051,7369.402147160359,2998.6396916208446,3297.703660230167,3432.014261794905,4737.820405232593,4795.376938672667,12923.51158909357,5642.005588228398,19514.79927443904
France,2020-03-13,3662.0,4950.9651823064705,11054.277823063168,3860.1207446375265,4567.675483546558,4413.194154345374,6757.254443101485,6137.156706544553,20778.490560754206,7320.941393533138,33089.70675625099
France,2020-03-14,4469.0,6190.82614536094,16373.710914750856,4911.943843953406,6234.331468964019,5556.875151538236,9461.952491072112,7758.679688743432,32745.58805639391,9165.10090836368,55511.12223378896
France,2020-03-15,5380.0,7403.886557643198,24282.05062240373,5872.793313917629,8456.363084438484,6671.156072312642,13371.936445648635,9446.80983810212,51747.26269816284,11301.297649613143,91146.89470075688
France,2020-03-16,6573.0,8746.262578002925,34693.27783731596,6886.486619513857,11051.395719361057,7870.0107447535165,18209.123655472482,11416.503295867047,78946.39751225938,13806.172964085012,139214.04531233426
France,2020-03-17,7652.0,9983.19065745432,48439.13568678657,7870.845544560637,14067.834310252932,9016.909782655093,24126.0732019989,13298.805913791088,115161.44108843444,16221.49511670205,206591.34270261764
France,2020-03-18,9043.0,11683.334318002728,69366.42627183736,9210.104412473649,18411.661751397227,10584.01405395445,33354.40279731457,15866.772418961496,168765.82634590546,19750.452115414642,292395.27491035435
France,2020-03-19,10871.0,14049.345952645472,101680.59023197836,11137.129641289945,24437.880803480202,12738.486345624588,47138.06893216959,19493.510695037603,243252.8093225468,24590.625915604225,403982.4877109029
France,2020-03-20,12459.0,17007.145580514578,148030.44501553188,13368.509880913447,32942.79521541018,15531.226110671658,67220.9155096522,24078.10661285306,334635.0068663225,31458.242215790116,530698.755957395
France,2020-03-21,14282.0,20326.665742697318,208314.60245668906,15853.205943300383,44240.918562830295,18587.699496964487,93406.15872550468,29500.258154641335,442098.1737799298,39148.53545035452,666715.6760657071
France,2020-03-22,16481.0,24293.347103923417,285473.4723537931,18764.6769865299,59745.690455203156,22261.35917463697,128713.78777218019,36134.51574702145,561133.4647279638,49065.129965855456,812121.5066867009
France,2020-03-23,19615.0,28049.631782679517,369763.000780321,21539.17375933264,78374.20033648147,25493.65168688886,169802.49275871593,42826.295101991884,682333.9922712158,58697.77503694909,958397.2407687246
France,2020-03-24,22025.0,31795.316839680654,459938.190342644,24161.127634769367,97708.31915685881,28750.63968186163,216231.5019412612,49579.36389523602,802802.1365341383,68377.25866541608,1069619.332433098
France,2020-03-25,24920.0,36912.95055359982,568470.5594716907,27857.303871956075,125369.771327953,33524.76669599654,278669.28189477907,58800.41113706266,928127.8637753454,81640.67152612466,1195973.1189443546
France,2020-03-26,,43990.940437347315,696868.0545155497,33317.209050791535,163732.80226313704,39817.64852127021,362785.1611071374,71089.49919081101,1067546.796986064,99937.79630923533,1351390.5562509953
France,2020-03-27,,52771.999263517835,835847.8824704541,39807.136824779554,213723.2796000931,47946.79922721344,457981.70718132815,87172.52689056605,1214361.3696408563,124458.1764376721,1498457.3110533736
France,2020-03-28,,62554.79641956365,974293.6624709694,47150.62026022202,276537.34893538244,56613.14199319172,563534.6228823899,104884.3915698191,1356950.1888567396,146876.09215392865,1642554.540334625
France,2020-03-29,,74116.49208002228,1115161.2807198598,55596.669072159144,351118.80330408615,67114.85364766924,672673.0954669751,125887.16905407768,1496773.854310039,173285.2005468861,1778476.516427011
France,2020-03-30,,85184.97562621321,1241911.1494376566,62995.63806407848,426946.4274316918,77174.58687765205,780125.225822818,146447.85371516817,1617276.2593939684,197625.3805615549,1895645.2491169476
France,2020-03-31,,96158.20025238553,1358863.4686959696,70922.2310968373,492391.3765830548,86517.91907243249,883286.7449518424,166261.480387082,1727813.1493771286,222900.35232362163,1994693.1767751998
France,2020-04-01,,110908.2334124006,1484816.3279662873,81429.38092886191,590521.64884354,100176.60302504117,1000533.4070801424,192767.6864318484,1840575.651987096,254644.39094742542,2083595.984945062
France,2020-04-02,,130898.10681018214,1618655.0401314218,95031.16143998418,704372.766220287,118142.65938063446,1140830.9393585026,224562.70627259306,1949116.845699655,294048.3160442799,2162398.742442426
France,2020-04-03,,155118.1946320762,1747834.9167271904,113340.69300088809,819813.1818833954,139763.41427961495,1275625.4060014666,262404.5444448381,2049727.8586538692,342818.8266684807,2229743.023172472
France,2020-04-04,,181398.74777737804,1861620.9252860846,130986.7688346792,929212.4655612187,163852.7598714002,1401239.7332358942,300181.378316048,2129739.4145817976,388410.7257664768,2282689.0651154253
France,2020-04-05,,211503.7729864629,1963395.3567317168,153079.9551093637,1051370.1293669373,191553.92665925724,1518687.9913725208,342251.9385786239,2194625.443112558,439871.23693997436,2326469.8864366673
France,2020-04-06,,239456.8150934091,2042939.045074083,172129.0797029115,1149434.2276243083,216023.51444331004,1620049.8250119854,380148.7676853903,2246096.9238866433,485335.9500448913,2356271.882997539
United States,2020-01-15,,,,,,,,,,,
United States,2020-01-16,,,,,,,,,,,
United States,2020-01-17,,,,,,,,,,,
United States,2020-01-18,,,,,,,,,,,
United States,2020-01-19,,,,,,,,,,,
United States,2020-01-20,,,,,,,,,,,
United States,2020-01-21,,,,,,,,,,,
United States,2020-01-22,,,,,,,,,,,
United States,2020-01-23,,,,,,,,,,,
United States,2020-01-24,,,,,,,,,,,
United States,2020-01-25,,,,,,,,,,,
United States,2020-01-26,,,,,,,,,,,
United States,2020-01-27,,,,,,,,,,,
United States,2020-01-28,,,,,,,,,,,
United States,2020-01-29,,,,,,,,,,,
United States,2020-01-30,,,,,,,,,,,
United States,2020-01-31,,,,,,,,,,,
United States,2020-02-01,,,,,,,,,,,
United States,2020-02-02,,,,,,,,,,,
United States,2020-02-03,,,,,,,,,,,
United States,2020-02-04,,,,,,,,,,,
United States,2020-02-05,,,,,,,,,,,
United States,2020-02-06,,,,,,,,,,,
United States,2020-02-07,,,,,,,,,,,
United States,2020-02-08,,,,,,,,,,,
United States,2020-02-09,,,,,,,,,,,
United States,2020-02-10,,,,,,,,,,,
United States,2020-02-11,,,,,,,,,,,
United States,2020-02-12,,,,,,,,,,,
United States,2020-02-13,,,,,,,,,,,
United States,2020-02-14,,,,,,,,,,,
United States,2020-02-15,,,,,,,,,,,
United States,2020-02-16,,,,,,,,,,,
United States,2020-02-17,,,,,,,,,,,
United States,2020-02-18,,,,,,,,,,,
United States,2020-02-19,,,,,,,,,,,
United States,2020-02-20,,,,,,,,,,,
United States,2020-02-21,,,,,,,,,,,
United States,2020-02-22,,,,,,,,,,,
United States,2020-02-23,,,,,,,,,,,
United States,2020-02-24,,,,,,,,,,,
United States,2020-02-25,,,,,,,,,,,
United States,2020-02-26,,,,,,,,,,,
United States,2020-02-27,,,,,,,,,,,
United States,2020-02-28,,,,,,,,,,,
United States,2020-02-29,,,,,,,,,,,
United States,2020-03-01,,,,,,,,,,,
United States,2020-03-02,,,,,,,,,,,
United States,2020-03-03,52.0,52.0,52.0,52.0,52.0,52.0,52.0,52.0,52.0,52.0,52.0
United States,2020-03-04,85.0,84.11061816046602,85.02562193107521,80.0027914569431,80.57508489247589,82.10252255324183,82.95322036756545,86.58640983565361,87.58249788184698,89.1384584809756,90.32172364473828
United States,2020-03-05,144.0,122.68768618845863,123.93361340259165,110.76318066092657,111.28284227510899,116.17315893491451,117.16543479469534,130.65151290945286,132.58523046726413,138.0109398439513,139.80292910717603
United States,2020-03-06,162.0,175.10442275004695,176.70513264376473,149.4342085865284,150.47369740350993,161.084979629349,162.57963113486167,192.9704748299647,195.83394588054108,209.21287451990992,211.17910067838955
United States,2020-03-07,260.0,243.88978008734418,245.87189719471763,197.1873411903728,195.86517154975917,218.0463392889916,219.95266692641235,277.5334574734368,282.43262408013976,306.3829095256357,314.4778527279043
United States,2020-03-08,371.0,374.619919045055,377.05038842153715,296.66215601174133,293.69820248112705,332.0577799202241,333.0866881389719,434.16434978528116,441.87747745136903,484.71758006504825,497.7875810855772
United States,2020-03-09,609.0,598.718466973309,602.4019706900621,468.5369308788862,460.82948169779866,527.4790079234957,529.5754519283115,697.5718469627559,715.4002190520946,798.6329694873714,819.0035502042371
United States,2020-03-10,876.0,867.128876023906,875.0022037055518,654.4768082296873,642.3042993878767,749.4143147059019,754.5365235993502,1040.4349954394,1075.0013713190574,1220.7886396815495,1266.190261820663
United States,2020-03-11,1223.0,1271.7357622361985,1288.1793617875614,916.9636144378791,904.6971154927553,1079.5439617899979,1089.7396229397991,1571.5787380727234,1644.5150183463322,1892.1816704358125,2000.075206137827
United States,2020-03-12,1610.0,1791.020351440947,1925.6475163368752,1308.9097115118566,1312.6161253614137,1519.6992271411686,1583.9554310099907,2239.4044904530538,2562.2973045896542,2659.449195915268,3168.183888301987
United States,2020-03-13,2119.0,2388.0987036410197,2742.2170398626404,1783.127786434221,1781.7313162217872,2036.4965403964359,2217.8427652019986,2985.285326120339,3774.3844858664515,3501.523583170167,4780.67384079647
United States,2020-03-14,2757.0,3342.501466241405,3938.600661665837,2524.3694732915665,2421.042081705601,2861.6388477919936,3089.95161840685,4209.966939335094,5617.341245209368,4954.90858394192,7390.320541753016
United States,2020-03-15,3525.0,4353.428615736022,5353.196123702104,3275.2577961275233,3066.733627433988,3711.818754522183,4069.046102417328,5554.363931619877,8073.675637825135,6619.698831306717,11015.432155010549
United States,2020-03-16,4509.0,5776.332542477369,7502.5532151148445,4359.192714851531,3976.8637704746216,4909.594920533082,5506.279020285003,7428.049996493038,12026.445035599154,9047.927060593727,17270.398482033375
United States,2020-03-17,6056.0,7646.812709531654,10576.887105970798,5788.844749695134,5249.312975416311,6504.051872839071,7502.161832970185,9958.112901719236,18234.405254543955,12356.341442537328,27631.618520493426
United States,2020-03-18,8961.0,10275.664876088664,15145.125652181438,7628.698080210009,7038.276847679777,8702.326745121023,10371.328514690615,13530.857253190883,27874.6957393662,17105.537224484422,45303.16662238939
United States,2020-03-19,13951.0,13808.444001475389,22131.676357955206,10030.649846781465,9472.43893887527,11526.408292172642,14456.181970599413,18531.773974584423,43834.51056253235,24034.96379390591,75274.80300303323
United States,2020-03-20,18805.0,18335.088212047736,32053.630328561416,13154.865823028786,12599.427848265404,15180.470200322636,20066.85540712488,25136.07521336851,67520.83011950883,33910.88082017073,126006.02114981847
United States,2020-03-21,26163.0,23949.75218513618,45893.171413560216,17108.483078805104,16382.92840442232,19746.865903894362,27365.471584509618,33667.08350462273,103560.07049098607,47166.017611176554,203109.84107645476
United States,2020-03-22,33448.0,29345.113433597824,63753.49089976579,20957.283661400797,20942.77626610982,24272.932457677438,36232.12334990443,41545.86324927716,154118.40239890735,59393.315914196726,317137.5520661157
United States,2020-03-23,43522.0,36176.60793624774,90644.29211450453,25668.876924304765,27494.047488978686,29995.02857621137,49212.035954441126,52295.54790928665,233759.08894121202,75363.82356066568,498046.42947029916
United States,2020-03-24,53530.0,44513.04974954201,130274.28899821205,32060.822146171853,36392.45807876525,36982.24351848316,67973.48673483454,65210.999538814634,355187.4146681336,95290.26030697962,756359.3527076191
United States,2020-03-25,68166.0,55214.00215277303,189782.6556615352,39026.840559217875,48664.97919750796,46025.974743870334,95324.00492983687,81847.0454943332,533966.9364848351,122912.80173155476,1093544.5698790248
United States,2020-03-26,84567.0,69338.46680176425,280810.7088025537,48844.90497932788,65587.63151254806,57718.19843128923,132626.30110946982,106539.41192524052,810937.4500316278,160040.1490076077,1521857.6982911231
United States,2020-03-27,102235.0,86218.4711476418,409707.3655022945,60871.72622910907,89950.01036765559,71910.83252186386,187227.0176095081,135608.1763070434,1164645.2300035795,203969.54600728868,1973831.773876902
United States,2020-03-28,122583.0,105298.73813983412,582704.2625860786,73600.60553847154,118646.20646056822,88048.02425208331,259349.67300810554,168803.34809612232,1594086.4385190967,261536.49876336023,2397253.777352045
United States,2020-03-29,141383.0,124938.68100378686,794625.2000924336,87303.4171624605,155782.20507701454,104805.66543900865,350761.2485401337,204539.1071611579,2041589.6247094688,325802.0136830193,2894971.5107158646
United States,2020-03-30,163459.0,149898.81168808276,1084851.2912014327,104415.4919048244,209637.05218443752,125346.96513801628,478191.52391670767,250634.18365864537,2572569.588200359,400062.0508647883,3573618.4739778517
United States,2020-03-31,186488.0,180963.9482337602,1459602.2438359512,125053.83626771288,283109.9754996521,151798.40493513853,655254.5843515173,309518.06024681655,3169075.761898647,499168.8620946874,4368658.171591483
United States,2020-04-01,212886.0,219334.65507704086,1931206.280649145,149771.91264321777,386032.94233027153,184738.33319705585,910281.8821906258,382823.6286805873,3923383.853311057,634587.2471486408,5526078.246972225
United States,2020-04-02,241612.0,269303.3839364199,2517268.6030221838,179245.43567592942,527764.0235880364,224030.46679339837,1257767.3368532737,485243.78966615803,4825722.985475323,818062.4291807684,6749346.087870095
United States,2020-04-03,276852.0,323853.3750879941,3185077.618965738,214393.60353192876,722108.9416244539,267799.3991985815,1707016.676449619,594374.969675874,5878827.025656894,984105.3521725598,8222953.400258348
United States,2020-04-04,310556.0,382476.7388528679,3921525.033907996,251665.58409809432,955632.8338873201,317623.5602310892,2213131.907177605,712114.4490773075,7104265.345428104,1176684.1067342567,9913728.246414473
United States,2020-04-05,335290.0,438937.67885978776,4687340.749677973,286220.0373495302,1208084.033326976,363882.30655280745,2738189.003662414,826025.7563102897,8353969.307419198,1347677.5697661247,11516647.458383
United States,2020-04-06,365117.0,511221.8374876751,5619364.447388767,333460.08717564686,1527556.37762592,423058.3624841088,3438733.788764136,967062.0214800917,9858761.57444299,1571998.064564271,13360952.99843426
