t,m_y_actual,y_actual,lb_y_actual,ub_y_actual,m_y_counter,y_counter,lb_counter,ub_counter
15mar2020,,.2944587,.2611099,.3278075,,.3278112,.2607625,.39486
16mar2020,,.2732597,.2284599,.3180594,,.3540203,.2869715,.4210691
17mar2020,,.2845299,.2397301,.3293296,,.3652905,.2982417,.4323393
18mar2020,,.3110473,.2746277,.3474669,,.3794112,.3123624,.4464599
19mar2020,,.3327759,.3004866,.3650652,,.3991489,.3321001,.4661976
20mar2020,,.3200705,.2877812,.3523598,,.3864435,.3193947,.4534922
21mar2020,,.2992048,.2669154,.3314941,,.3655777,.2985289,.4326265
22mar2020,,.2427964,.182922,.3026708,,.3091694,.2343281,.3840106
23mar2020,,.2876473,.255358,.3199367,,.3540203,.2869715,.4210691
24mar2020,,.2989176,.2666282,.3312069,,.3652905,.2982417,.4323393
25mar2020,,.3130382,.2807489,.3453276,,.3794112,.3123624,.4464599
26mar2020,,.3211237,.2914077,.3508396,,.3991489,.3321001,.4661976
27mar2020,,.3091628,.2821228,.3362027,,.3864435,.3193947,.4534922
28mar2020,,.1590797,.0988842,.2192752,,.3655777,.2985289,.4326265
29mar2020,,.1213132,.0611177,.1815088,,.3278112,.2607625,.39486
30mar2020,,.1475223,.0873267,.2077178,,.3540203,.2869715,.4210691
31mar2020,,.1587925,.098597,.218988,,.3652905,.2982417,.4323393
01apr2020,,.1729131,.1127176,.2331087,,.3794112,.3123624,.4464599
02apr2020,,.1926509,.1324553,.2528464,,.3991489,.3321001,.4661976
03apr2020,,.1799455,.1197499,.240141,,.3864435,.3193947,.4534922
04apr2020,,.07786,.027046,.128674,,.3655777,.2985289,.4326265
05apr2020,,.0400935,0,.0909075,,.3278112,.2607625,.39486
06apr2020,,.0663025,.0154885,.1171165,,.3540203,.2869715,.4210691
20mar2020,,.2832677,.2531625,.3133729,,.3011351,.2340863,.3681838
21mar2020,,.2624019,.2322967,.2925071,,.2802693,.2132206,.3473181
22mar2020,,.2246355,.1945303,.2547406,,.2425028,.1754541,.3095516
23mar2020,,.2508445,.2207393,.2809497,,.2687119,.2016631,.3357607
24mar2020,,.1980417,.1671008,.2289825,,.2799821,.2129333,.3470308
25mar2020,,.2121623,.1812215,.2431032,,.2941028,.227054,.3611515
26mar2020,,.2319,.2009592,.2628409,,.3138404,.2467917,.3808892
27mar2020,,.2191947,.1882538,.2501355,,.3011351,.2340863,.3681838
28mar2020,,.1097905,.0787615,.1408194,,.2802693,.2132206,.3473181
29mar2020,,.072024,.0409951,.103053,,.2425028,.1754541,.3095516
30mar2020,,.098233,.0672041,.129262,,.2687119,.2016631,.3357607
31mar2020,,.1095033,.0784743,.1405322,,.2799821,.2129333,.3470308
01apr2020,,.1236239,.092595,.1546529,,.2941028,.227054,.3611515
02apr2020,,.1433616,.1123327,.1743906,,.3138404,.2467917,.3808892
03apr2020,,.1306562,.0996273,.1616852,,.3011351,.2340863,.3681838
04apr2020,,.1097905,.0787615,.1408194,,.2802693,.2132206,.3473181
05apr2020,,.072024,.0409951,.103053,,.2425028,.1754541,.3095516
06apr2020,,.098233,.0672041,.129262,,.2687119,.2016631,.3357607
12mar2020,,.282657,.2228603,.3424537,,.3352282,.2681795,.402277
13mar2020,,.2699516,.2101549,.3297483,,.3225228,.2554741,.3895716
14mar2020,,.3237208,.2795715,.3678702,,.3016571,.2346083,.3687059
15mar2020,,.2596687,.2260073,.2933302,,.2638906,.1968419,.3309394
16mar2020,,.2569091,.2277578,.2860603,,.2900997,.2230509,.3571484
17mar2020,,.2681793,.2390281,.2973306,,.3013699,.2343211,.3684186
18mar2020,,.2823,.2531487,.3114512,,.3154905,.2484418,.3825393
19mar2020,,.2666872,.2381389,.2952356,,.3352282,.2681795,.402277
20mar2020,,.2539818,.2254335,.2825302,,.3225228,.2554741,.3895716
21mar2020,,.2331161,.2045677,.2616645,,.3016571,.2346083,.3687059
22mar2020,,.1953496,.1668012,.223898,,.2638906,.1968419,.3309394
23mar2020,,.2036856,.1605328,.2468383,,.2900997,.2230509,.3571484
24mar2020,,.2149558,.171803,.2581086,,.3013699,.2343211,.3684186
25mar2020,,.2174242,.1764769,.2583715,,.3154905,.2484418,.3825393
26mar2020,,.2371619,.1962146,.2781092,,.3352282,.2681795,.402277
27mar2020,,.2662935,.1959367,.3366503,,.3643599,.263874,.4648457
28mar2020,,.2035908,.1626435,.2445381,,.3016571,.2346083,.3687059
29mar2020,,.1658243,.124877,.2067716,,.2638906,.1968419,.3309394
30mar2020,,.1920333,.151086,.2329806,,.2900997,.2230509,.3571484
31mar2020,,.1337361,.0972585,.1702137,,.3013699,.2343211,.3684186
01apr2020,,.1478568,.1113791,.1843344,,.3154905,.2484418,.3825393
02apr2020,,.1675944,.1311168,.2040721,,.3352282,.2681795,.402277
03apr2020,,.1432368,.10762,.1788536,,.3225228,.2554741,.3895716
04apr2020,,.1223711,.0867542,.1579879,,.3016571,.2346083,.3687059
05apr2020,,.0846046,.0489877,.1202214,,.2638906,.1968419,.3309394
06apr2020,,.1108136,.0751968,.1464304,,.2900997,.2230509,.3571484
15mar2020,,.1628544,.0924453,.2332635,,.3082827,.2412339,.3753315
16mar2020,,.1890634,.1186544,.2594725,,.3344918,.267443,.4015405
17mar2020,,.2004651,.1385678,.2623624,,.345762,.2787132,.4128107
18mar2020,,.2145858,.1526885,.276483,,.3598826,.2928339,.4269314
19mar2020,,.2488382,.1864331,.3112433,,.3796203,.3125716,.4466691
20mar2020,,.2244806,.1626693,.2862918,,.3669149,.2998662,.4339637
21mar2020,,.2036148,.1418036,.265426,,.3460492,.2790004,.4130979
22mar2020,,.1658483,.1040371,.2276596,,.3082827,.2412339,.3753315
23mar2020,,.1920574,.1302461,.2538686,,.3344918,.267443,.4015405
24mar2020,,.1846761,.1189969,.2503552,,.345762,.2787132,.4128107
25mar2020,,.1987967,.1331176,.2644759,,.3598826,.2928339,.4269314
26mar2020,,.2185344,.1528553,.2842136,,.3796203,.3125716,.4466691
27mar2020,,.205829,.1401499,.2715082,,.3669149,.2998662,.4339637
28mar2020,,.1849633,.1192842,.2506424,,.3460492,.2790004,.4130979
29mar2020,,.1471968,.0815177,.212876,,.3082827,.2412339,.3753315
30mar2020,,.1734059,.1077267,.239085,,.3344918,.267443,.4015405
31mar2020,,.1846761,.1189969,.2503552,,.345762,.2787132,.4128107
01apr2020,,.1987967,.1331176,.2644759,,.3598826,.2928339,.4269314
02apr2020,,.2185344,.1528553,.2842136,,.3796203,.3125716,.4466691
03apr2020,,.1941768,.1288277,.2595259,,.3669149,.2998662,.4339637
04apr2020,,.1616588,.0957146,.227603,,.3460492,.2790004,.4130979
05apr2020,,.1238923,.0579482,.1898365,,.3082827,.2412339,.3753315
06apr2020,,.1501014,.0841572,.2160455,,.3344918,.267443,.4015405
03mar2020,.2779264,,,,.2906285,,,
04mar2020,.2779264,.3089228,.241874,.3759715,.2906285,.3089228,.241874,.3759715
05mar2020,.3541774,.3659779,.2903512,.4416047,.3616467,.3286605,.2616117,.3957092
06mar2020,.341472,.3532726,.2776458,.4288993,.3489414,.3159551,.2489063,.3830038
07mar2020,.3206063,.3324068,.2567801,.4080335,.3280756,.2950893,.2280405,.3621381
08mar2020,.2828375,.2946332,.2190141,.3702524,.2903091,.2573228,.1902741,.3243716
09mar2020,.2817701,.3186756,.2433306,.3940206,.285867,.2835319,.2164831,.3505806
10mar2020,.3043758,.3299458,.2546008,.4052908,.3113435,.2948021,.2277533,.3618509
11mar2020,.3035367,.3432736,.268773,.4177742,.3121665,.3089228,.241874,.3759715
12mar2020,.259392,.2831499,.2230378,.343262,.3243683,.3286605,.2616117,.3957092
13mar2020,.245403,.2504254,.1925326,.3083182,.3122984,.3159551,.2489063,.3830038
14mar2020,.2957028,.2668771,.2268589,.3068954,.2960456,.2950893,.2280405,.3621381
15mar2020,.2382693,.2074121,.1660411,.2487831,.2583788,.2573228,.1902741,.3243716
16mar2020,.2663082,.211309,.1562557,.2663622,.2841969,.2986813,.1972579,.4001047
17mar2020,.270797,.2118717,.1817035,.2420399,.298825,.2948021,.2277533,.3618509
18mar2020,.2870235,.2259924,.1958241,.2561606,.3151855,.3089228,.241874,.3759715
19mar2020,.3047491,.1459718,.1132159,.1787276,.3391929,.3286605,.2616117,.3957092
20mar2020,.2780996,.1332664,.1005105,.1660222,.3130589,.3159551,.2489063,.3830038
21mar2020,.258469,.1124006,.0796448,.1451565,.3004836,.2950893,.2280405,.3621381
22mar2020,.2108736,.0746342,.0418783,.10739,.2598394,.2573228,.1902741,.3243716
23mar2020,.2190459,.1008432,.0680874,.133599,.2853424,.2835319,.2164831,.3505806
24mar2020,.2074507,.1121134,.0793576,.1448693,.2970379,.2948021,.2277533,.3618509
25mar2020,.2070715,.1262341,.0934782,.1589899,.3119502,.3089228,.241874,.3759715
26mar2020,.2188362,.1459718,.1132159,.1787276,.3303959,.3286605,.2616117,.3957092
27mar2020,.2045351,.1332664,.1005105,.1660222,.3185343,.3159551,.2489063,.3830038
28mar2020,.1752624,.1124006,.0796448,.1451565,.2978313,.2950893,.2280405,.3621381
29mar2020,.1372041,.0746342,.0418783,.10739,.2602049,.2573228,.1902741,.3243716
30mar2020,.1505525,.1008432,.0680874,.133599,.2861409,.2835319,.2164831,.3505806
31mar2020,.1577619,.1121134,.0793576,.1448693,.2976842,.2948021,.2277533,.3618509
01apr2020,.1663443,.1262341,.0934782,.1589899,.3118049,.3089228,.241874,.3759715
02apr2020,.1842267,.1459718,.1132159,.1787276,.3315426,.3286605,.2616117,.3957092
03apr2020,.1607125,.1332664,.1005105,.1660222,.3188372,.3159551,.2489063,.3830038
04apr2020,.137017,.1124006,.0796448,.1451565,.2979714,.2950893,.2280405,.3621381
05apr2020,.0978914,.0746342,.0418783,.10739,.2602049,.2573228,.1902741,.3243716
06apr2020,.1177531,.1008432,.0680874,.133599,.286414,.2835319,.2164831,.3505806
10mar2020,,.2941097,.2274591,.3607603,,.2981783,.2311296,.3652271
11mar2020,,.3270133,.2602918,.3937349,,.312299,.2452502,.3793478
12mar2020,,.2941798,.2443887,.3439708,,.3320367,.2649879,.3990855
13mar2020,,.2551887,.1875048,.3228727,,.3193313,.2522825,.3863801
14mar2020,,.2786542,.2555771,.3017313,,.2984655,.2314168,.3655143
15mar2020,,.2408877,.2178106,.2639648,,.2606991,.1936503,.3277479
16mar2020,,.2670968,.2440197,.2901739,,.2869081,.2198593,.3539569
17mar2020,,.278367,.2552899,.3014441,,.2981783,.2311296,.3652271
18mar2020,,.266202,.2363582,.2960459,,.312299,.2452502,.3793478
19mar2020,,.266723,.2334513,.2999948,,.3320367,.2649879,.3990855
20mar2020,,.2423654,.2119825,.2727482,,.3193313,.2522825,.3863801
21mar2020,,.2214996,.1911168,.2518825,,.2984655,.2314168,.3655143
22mar2020,,.1986816,.1593837,.2379795,,.2606991,.1936503,.3277479
23mar2020,,.2436736,.2101618,.2771854,,.2869081,.2198593,.3539569
24mar2020,,.2549438,.2214321,.2884556,,.2981783,.2311296,.3652271
25mar2020,,.2690645,.2355527,.3025763,,.312299,.2452502,.3793478
26mar2020,,.188931,.158272,.2195899,,.3320367,.2649879,.3990855
27mar2020,,.1645733,.134793,.1943537,,.3193313,.2522825,.3863801
28mar2020,,.1437076,.1139272,.173488,,.2984655,.2314168,.3655143
29mar2020,,.1059411,.0761608,.1357215,,.2606991,.1936503,.3277479
30mar2020,,.1321501,.1023698,.1619305,,.2869081,.2198593,.3539569
31mar2020,,.1434204,.11364,.1732007,,.2981783,.2311296,.3652271
01apr2020,,.157541,.1277607,.1873214,,.312299,.2452502,.3793478
02apr2020,,.1772787,.1474984,.2070591,,.3320367,.2649879,.3990855
03apr2020,,.1529211,.1220156,.1838265,,.3193313,.2522825,.3863801
04apr2020,,.1320553,.1011499,.1629608,,.2984655,.2314168,.3655143
05apr2020,,.0942889,.0633834,.1251943,,.2606991,.1936503,.3277479
06apr2020,,.1204979,.0895925,.1514033,,.2869081,.2198593,.3539569
15mar2020,,.338342,.2973332,.3793507,,.345942,.2788932,.4129908
16mar2020,,.3184169,.279672,.3571618,,.372151,.3051023,.4391998
17mar2020,,.367253,.3422063,.3922998,,.3834213,.3163725,.45047
18mar2020,,.3813737,.356327,.4064204,,.3975419,.3304932,.4645907
19mar2020,,.4821645,.4233022,.5410268,,.5041589,.4123777,.59594
20mar2020,,.3825799,.3585331,.4066267,,.4045742,.3375255,.471623
21mar2020,,.3617141,.3376673,.3857609,,.3837085,.3166597,.4507573
22mar2020,,.3239477,.2999009,.3479944,,.345942,.2788932,.4129908
23mar2020,,.2022374,.1339417,.2705331,,.372151,.3051023,.4391998
24mar2020,,.2135076,.1452119,.2818033,,.3834213,.3163725,.45047
25mar2020,,.2351025,.1652154,.3049897,,.3975419,.3304932,.4645907
26mar2020,,.2316656,.1626492,.300682,,.4172796,.3502308,.4843284
27mar2020,,.2189602,.1499438,.2879766,,.4045742,.3375255,.471623
28mar2020,,.1980945,.1290781,.2671109,,.3837085,.3166597,.4507573
29mar2020,,.1545019,.0860961,.2229076,,.345942,.2788932,.4129908
30mar2020,,.1748848,.1068717,.2428978,,.372151,.3051023,.4391998
31mar2020,,.186155,.1181419,.2541681,,.3834213,.3163725,.45047
01apr2020,,.1944495,.1266074,.2622916,,.3975419,.3304932,.4645907
02apr2020,,.2083611,.1404666,.2762556,,.4172796,.3502308,.4843284
03apr2020,,.1956557,.1277612,.2635503,,.4045742,.3375255,.471623
04apr2020,,.17479,.1068955,.2426845,,.3837085,.3166597,.4507573
05apr2020,,.1370235,.069129,.204918,,.345942,.2788932,.4129908
06apr2020,,.1632325,.095338,.2311271,,.372151,.3051023,.4391998
18mar2020,,.2894952,.253365,.3256255,,.3106967,.2436479,.3777455
19mar2020,,.3092329,.2731026,.3453632,,.3304344,.2633857,.3974832
20mar2020,,.2965275,.2603973,.3326578,,.317729,.2506803,.3847778
21mar2020,,.2610965,.2298411,.2923518,,.2968633,.2298145,.363912
22mar2020,,.22333,.1920747,.2545854,,.2590968,.192048,.3261456
23mar2020,,.249539,.2182837,.2807944,,.2853058,.2182571,.3523546
24mar2020,,.1625465,.1302789,.1948142,,.2965761,.2295273,.3636248
25mar2020,,.1766672,.1443996,.2089349,,.3106967,.2436479,.3777455
26mar2020,,.1964049,.1641372,.2286726,,.3304344,.2633857,.3974832
27mar2020,,.1836995,.1514318,.2159672,,.317729,.2506803,.3847778
28mar2020,,.1628338,.1305661,.1951014,,.2968633,.2298145,.363912
29mar2020,,.11693,.0901285,.1437316,,.2590968,.192048,.3261456
30mar2020,,.1292119,.0621616,.1962622,,.2713787,.1787087,.3640487
31mar2020,,.1544093,.1276077,.1812109,,.2965761,.2295273,.3636248
01apr2020,,.16853,.1417284,.1953315,,.3106967,.2436479,.3777455
02apr2020,,.1882677,.1614661,.2150692,,.3304344,.2633857,.3974832
03apr2020,,.1755623,.1487607,.2023638,,.317729,.2506803,.3847778
04apr2020,,.1546965,.127895,.1814981,,.2968633,.2298145,.363912
05apr2020,,.1023647,.0747089,.1300206,,.2590968,.192048,.3261456
06apr2020,,.1285738,.100918,.1562296,,.2853058,.2182571,.3523546
12mar2020,,.182317,.1225203,.2421137,,.2348883,.1678395,.301937
13mar2020,,.1696116,.1098149,.2294083,,.2221829,.1551341,.2892317
14mar2020,,.2233809,.1792316,.2675302,,.2013171,.1342684,.2683659
15mar2020,,.1593288,.1256673,.1929902,,.1635507,.0965019,.2305994
16mar2020,,.1855378,.1518764,.2191992,,.1897597,.1227109,.2568085
17mar2020,,.196808,.1631466,.2304695,,.2010299,.1339812,.2680787
18mar2020,,.2109287,.1772673,.2445901,,.2151506,.1481018,.2821994
19mar2020,,.2306664,.197005,.2643278,,.2348883,.1678395,.301937
20mar2020,,.217961,.1842996,.2516224,,.2221829,.1551341,.2892317
21mar2020,,.1970953,.1634338,.2307567,,.2013171,.1342684,.2683659
22mar2020,,.1593288,.1256673,.1929902,,.1635507,.0965019,.2305994
23mar2020,,.1855378,.1518764,.2191992,,.1897597,.1227109,.2568085
24mar2020,,.196808,.1631466,.2304695,,.2010299,.1339812,.2680787
25mar2020,,.2109287,.1772673,.2445901,,.2151506,.1481018,.2821994
26mar2020,,.2306664,.197005,.2643278,,.2348883,.1678395,.301937
27mar2020,,.217961,.1842996,.2516224,,.2221829,.1551341,.2892317
28mar2020,,.1970953,.1634338,.2307567,,.2013171,.1342684,.2683659
29mar2020,,.1593288,.1256673,.1929902,,.1635507,.0965019,.2305994
30mar2020,,.1855378,.1518764,.2191992,,.1897597,.1227109,.2568085
31mar2020,,.196808,.1631466,.2304695,,.2010299,.1339812,.2680787
01apr2020,,.1413612,.0989208,.1838016,,.2151506,.1481018,.2821994
02apr2020,,.1610989,.1186585,.2035393,,.2348883,.1678395,.301937
03apr2020,,.1483935,.1059531,.1908339,,.2221829,.1551341,.2892317
04apr2020,,.1275278,.0850874,.1699682,,.2013171,.1342684,.2683659
05apr2020,,.0897613,.0473209,.1322017,,.1635507,.0965019,.2305994
06apr2020,,.1159703,.0735299,.1584107,,.1897597,.1227109,.2568085
10mar2020,,.3179753,.2514196,.3845309,,.3206605,.2536118,.3877093
11mar2020,,.269177,.221587,.316767,,.3347812,.2677324,.40183
12mar2020,,.2363434,.1451225,.3275643,,.3545189,.2874701,.4215676
13mar2020,,.223638,.1324171,.3148589,,.3418135,.2747647,.4088623
14mar2020,,.2774073,.2412169,.3135976,,.3209478,.253899,.3879965
15mar2020,,.2396408,.2034504,.2758311,,.2831813,.2161325,.35023
16mar2020,,.2846328,.2471636,.3221019,,.3093903,.2423415,.3764391
17mar2020,,.2817731,.2523592,.311187,,.3206605,.2536118,.3877093
18mar2020,,.2958937,.2664798,.3253076,,.3347812,.2677324,.40183
19mar2020,,.3138919,.2852402,.3425436,,.3545189,.2874701,.4215676
20mar2020,,.2990486,.271243,.3268542,,.3418135,.2747647,.4088623
21mar2020,,.2781829,.2503773,.3059885,,.3209478,.253899,.3879965
22mar2020,,.2404164,.2126108,.268222,,.2831813,.2161325,.35023
23mar2020,,.2638588,.2368584,.2908592,,.3093903,.2423415,.3764391
24mar2020,,.275129,.2481286,.3021294,,.3206605,.2536118,.3877093
25mar2020,,.2892497,.2622493,.3162501,,.3347812,.2677324,.40183
26mar2020,,.3089873,.281987,.3359877,,.3545189,.2874701,.4215676
27mar2020,,.264466,.2272921,.30164,,.3418135,.2747647,.4088623
28mar2020,,.2436003,.2064264,.2807742,,.3209478,.253899,.3879965
29mar2020,,.2058338,.1686599,.2430077,,.2831813,.2161325,.35023
30mar2020,,.2190845,.1820206,.2561483,,.3093903,.2423415,.3764391
31mar2020,,.2303547,.1932909,.2674186,,.3206605,.2536118,.3877093
01apr2020,,.2444754,.2074115,.2815392,,.3347812,.2677324,.40183
02apr2020,,.2642131,.2271492,.3012769,,.3545189,.2874701,.4215676
03apr2020,,.1563862,.1263841,.1863883,,.3418135,.2747647,.4088623
04apr2020,,.1355204,.1055184,.1655225,,.3209478,.253899,.3879965
05apr2020,,.097754,.0677519,.127756,,.2831813,.2161325,.35023
06apr2020,,.123963,.0939609,.1539651,,.3093903,.2423415,.3764391
10mar2020,,.266598,.1999199,.333276,,.2769456,.2098969,.3439944
11mar2020,,.2807186,.2140405,.3473967,,.2910663,.2240175,.3581151
12mar2020,,.2478851,.1978886,.2978815,,.310804,.2437552,.3778528
13mar2020,,.2351797,.1851832,.2851762,,.2980986,.2310498,.3651474
14mar2020,,.2889489,.2438385,.3340593,,.2772329,.2101841,.3442816
15mar2020,,.2248968,.1983324,.2514612,,.2394664,.1724176,.3065152
16mar2020,,.249762,.2234761,.276048,,.2656754,.1986267,.3327242
17mar2020,,.2610323,.2347463,.2873182,,.2769456,.2098969,.3439944
18mar2020,,.2939359,.2606714,.3272003,,.2910663,.2240175,.3581151
19mar2020,,.3136736,.2804091,.346938,,.310804,.2437552,.3778528
20mar2020,,.3009682,.2677037,.3342326,,.2980986,.2310498,.3651474
21mar2020,,.2801024,.246838,.3133669,,.2772329,.2101841,.3442816
22mar2020,,.2423359,.2090715,.2756004,,.2394664,.1724176,.3065152
23mar2020,,.2016488,.1598656,.2434319,,.2656754,.1986267,.3327242
24mar2020,,.212919,.1711359,.2547021,,.2769456,.2098969,.3439944
25mar2020,,.2124743,.1745944,.2503543,,.2910663,.2240175,.3581151
26mar2020,,.232212,.1943321,.270092,,.310804,.2437552,.3778528
27mar2020,,.2195066,.1816267,.2573866,,.2980986,.2310498,.3651474
28mar2020,,.1986409,.1607609,.2365209,,.2772329,.2101841,.3442816
29mar2020,,.1608744,.1229944,.1987544,,.2394664,.1724176,.3065152
30mar2020,,.1725181,.1362744,.2087619,,.2656754,.1986267,.3327242
31mar2020,,.1837884,.1475446,.2200321,,.2769456,.2098969,.3439944
01apr2020,,.197909,.1616653,.2341527,,.2910663,.2240175,.3581151
02apr2020,,.2176467,.181403,.2538905,,.310804,.2437552,.3778528
03apr2020,,.1353738,.1020221,.1687256,,.2980986,.2310498,.3651474
04apr2020,,.1145081,.0811563,.1478599,,.2772329,.2101841,.3442816
05apr2020,,.0621763,.0277777,.0965749,,.2394664,.1724176,.3065152
06apr2020,,.0883854,.0539868,.1227839,,.2656754,.1986267,.3327242
18mar2020,,.2784692,.2380467,.3188916,,.3136362,.2465875,.380685
19mar2020,,.2982069,.2577844,.3386293,,.3333739,.2663252,.4004227
20mar2020,,.2855015,.245079,.3259239,,.3206685,.2536198,.3877173
21mar2020,,.2355051,.1991578,.2718524,,.2998028,.232754,.3668516
22mar2020,,.1977386,.1613913,.234086,,.2620363,.1949876,.3290851
23mar2020,,.2040956,.1644257,.2437655,,.233594,.1505612,.3166268
24mar2020,,.2417573,.1998661,.2836485,,.2995156,.2324668,.3665643
25mar2020,,.1458427,.115396,.1762894,,.3136362,.2465875,.380685
26mar2020,,.1655804,.1351337,.1960271,,.3333739,.2663252,.4004227
27mar2020,,.152875,.1224283,.1833217,,.3206685,.2536198,.3877173
28mar2020,,.1320093,.1015626,.1624559,,.2998028,.232754,.3668516
29mar2020,,.0942428,.0637961,.1246895,,.2620363,.1949876,.3290851
30mar2020,,.1177665,.0867376,.1487955,,.2882454,.2211966,.3552941
31mar2020,,.1290368,.0980078,.1600657,,.2995156,.2324668,.3665643
01apr2020,,.1431574,.1121285,.1741864,,.3136362,.2465875,.380685
02apr2020,,.1628951,.1318662,.1939241,,.3333739,.2663252,.4004227
03apr2020,,.1501897,.1191608,.1812187,,.3206685,.2536198,.3877173
04apr2020,,.129324,.098295,.1603529,,.2998028,.232754,.3668516
05apr2020,,.0915575,.0605285,.1225864,,.2620363,.1949876,.3290851
06apr2020,,.1177665,.0867376,.1487955,,.2882454,.2211966,.3552941
19mar2020,,.3819678,.3445135,.4194221,,.4087434,.3416946,.4757921
20mar2020,,.3692625,.3318081,.4067168,,.396038,.3289892,.4630868
21mar2020,,.3483967,.3109424,.385851,,.3751722,.3081235,.442221
22mar2020,,.3106302,.2731759,.3480845,,.3374057,.270357,.4044545
23mar2020,,.3744052,.3385775,.4102328,,.3636148,.296566,.4306636
24mar2020,,.3856754,.3498478,.421503,,.374885,.3078362,.4419338
25mar2020,,.2029154,.1645482,.2412826,,.3890057,.3219569,.4560544
26mar2020,,.2226531,.1842859,.2610202,,.4087434,.3416946,.4757921
27mar2020,,.2099477,.1715805,.2483149,,.396038,.3289892,.4630868
28mar2020,,.1890819,.1507148,.2274491,,.3751722,.3081235,.442221
29mar2020,,.1513155,.1129483,.1896826,,.3374057,.270357,.4044545
30mar2020,,.1775245,.1391573,.2158917,,.3636148,.296566,.4306636
31mar2020,,.1887947,.1504275,.2271619,,.374885,.3078362,.4419338
01apr2020,,.2029154,.1645482,.2412826,,.3890057,.3219569,.4560544
02apr2020,,.2226531,.1842859,.2610202,,.4087434,.3416946,.4757921
03apr2020,,.2099477,.1715805,.2483149,,.396038,.3289892,.4630868
04apr2020,,.1890819,.1507148,.2274491,,.3751722,.3081235,.442221
05apr2020,,.1513155,.1129483,.1896826,,.3374057,.270357,.4044545
06apr2020,,.1775245,.1391573,.2158917,,.3636148,.296566,.4306636
10mar2020,,.3459759,.2789271,.4130246,,.3459759,.2789271,.4130246
11mar2020,,.3600965,.2930478,.4271453,,.3600965,.2930478,.4271453
12mar2020,,.3009773,.222212,.3797427,,.3798342,.3127855,.446883
13mar2020,,.2882719,.2095066,.3670372,,.3671288,.3000801,.4341776
14mar2020,,.3420412,.3083798,.3757026,,.3462631,.2792143,.4133119
15mar2020,,.3042747,.2706133,.3379362,,.3084966,.2414479,.3755454
16mar2020,,.3022239,.259973,.3444748,,.3347057,.2676569,.4017544
17mar2020,,.35106,.3163191,.385801,,.3459759,.2789271,.4130246
18mar2020,,.3651807,.3304397,.3999216,,.3600965,.2930478,.4271453
19mar2020,,.3849184,.3501774,.4196593,,.3798342,.3127855,.446883
20mar2020,,.3358159,.2875166,.3841152,,.3671288,.3000801,.4341776
21mar2020,,.1917336,.1526767,.2307904,,.3462631,.2792143,.4133119
22mar2020,,.1539671,.1149103,.1930239,,.3084966,.2414479,.3755454
23mar2020,,.1801761,.1411193,.219233,,.3347057,.2676569,.4017544
24mar2020,,.1914464,.1523895,.2305032,,.3459759,.2789271,.4130246
25mar2020,,.205567,.1665102,.2446239,,.3600965,.2930478,.4271453
26mar2020,,.2253047,.1862479,.2643616,,.3798342,.3127855,.446883
27mar2020,,.2125993,.1735425,.2516562,,.3671288,.3000801,.4341776
28mar2020,,.1917336,.1526767,.2307904,,.3462631,.2792143,.4133119
29mar2020,,.1539671,.1149103,.1930239,,.3084966,.2414479,.3755454
30mar2020,,.1801761,.1411193,.219233,,.3347057,.2676569,.4017544
31mar2020,,.1914464,.1523895,.2305032,,.3459759,.2789271,.4130246
01apr2020,,.205567,.1665102,.2446239,,.3600965,.2930478,.4271453
02apr2020,,.2253047,.1862479,.2643616,,.3798342,.3127855,.446883
03apr2020,,.1927905,.1547059,.2308751,,.3671288,.3000801,.4341776
04apr2020,,.1719248,.1338401,.2100094,,.3462631,.2792143,.4133119
05apr2020,,.1341583,.0960736,.1722429,,.3084966,.2414479,.3755454
06apr2020,,.1603673,.1222827,.198452,,.3347057,.2676569,.4017544
11mar2020,,.3179053,.2508565,.384954,,.3179053,.2508565,.384954
12mar2020,,.2794151,.213859,.3449711,,.337643,.2705942,.4046917
13mar2020,,.2667097,.2011536,.3322657,,.3249376,.2578888,.3919863
14mar2020,,.3204789,.2895438,.3514141,,.3040718,.2370231,.3711206
15mar2020,,.2827124,.2517773,.3136476,,.2663053,.1992566,.3333541
16mar2020,,.27987,.2435865,.3161534,,.2925144,.2254656,.3595631
17mar2020,,.2911402,.2548568,.3274236,,.3037846,.2367358,.3708334
18mar2020,,.3052609,.2689774,.3415443,,.3179053,.2508565,.384954
19mar2020,,.3437815,.3079375,.3796255,,.337643,.2705942,.4046917
20mar2020,,.3310761,.2952321,.3669201,,.3249376,.2578888,.3919863
21mar2020,,.3102104,.2743663,.3460544,,.3040718,.2370231,.3711206
22mar2020,,.2724439,.2365999,.3082879,,.2663053,.1992566,.3333541
23mar2020,,.2794362,.2458377,.3130347,,.2925144,.2254656,.3595631
24mar2020,,.1652196,.1323673,.1980719,,.3037846,.2367358,.3708334
25mar2020,,.1793403,.146488,.2121925,,.3179053,.2508565,.384954
26mar2020,,.199078,.1662257,.2319302,,.337643,.2705942,.4046917
27mar2020,,.1863726,.1535203,.2192248,,.3249376,.2578888,.3919863
28mar2020,,.1655068,.1326546,.1983591,,.3040718,.2370231,.3711206
29mar2020,,.1277403,.0948881,.1605926,,.2663053,.1992566,.3333541
30mar2020,,.1539494,.1210971,.1868016,,.2925144,.2254656,.3595631
31mar2020,,.1652196,.1323673,.1980719,,.3037846,.2367358,.3708334
01apr2020,,.1793403,.146488,.2121925,,.3179053,.2508565,.384954
02apr2020,,.199078,.1662257,.2319302,,.337643,.2705942,.4046917
03apr2020,,.1863726,.1535203,.2192248,,.3249376,.2578888,.3919863
04apr2020,,.1655068,.1326546,.1983591,,.3040718,.2370231,.3711206
05apr2020,,.1277403,.0948881,.1605926,,.2663053,.1992566,.3333541
06apr2020,,.1220356,.0910066,.1530645,,.2925144,.2254656,.3595631
11mar2020,,.2113847,.144336,.2784335,,.2113847,.144336,.2784335
12mar2020,,.1785512,.1187545,.2383479,,.2311224,.1640736,.2981712
13mar2020,,.1658458,.1060491,.2256425,,.218417,.1513683,.2854658
14mar2020,,.219615,.1754657,.2637643,,.1975513,.1305025,.2646
15mar2020,,.1931288,.1599823,.2262753,,.1597848,.092736,.2268336
16mar2020,,.2193379,.1861913,.2524844,,.1859938,.1189451,.2530426
17mar2020,,.2119566,.1799117,.2440014,,.1972641,.1302153,.2643128
18mar2020,,.2260772,.1940324,.258122,,.2113847,.144336,.2784335
19mar2020,,.2458149,.2137701,.2778597,,.2311224,.1640736,.2981712
20mar2020,,6.80e-10,0,.0594157,,0,0,.0675013
21mar2020,,.2047631,.1734391,.2360871,,.1975513,.1305025,.2646
22mar2020,,.1298781,.0961631,.163593,,.1597848,.092736,.2268336
23mar2020,,.1560871,.1223722,.189802,,.1859938,.1189451,.2530426
24mar2020,,.1673573,.1336424,.2010723,,.1972641,.1302153,.2643128
25mar2020,,.1438074,.1059977,.1816171,,.2113847,.144336,.2784335
26mar2020,,.1635451,.1257354,.2013548,,.2311224,.1640736,.2981712
27mar2020,,.1508397,.11303,.1886494,,.218417,.1513683,.2854658
28mar2020,,.1299739,.0921643,.1677836,,.1975513,.1305025,.2646
29mar2020,,.0922075,.0543978,.1300171,,.1597848,.092736,.2268336
30mar2020,,.1184165,.0806068,.1562262,,.1859938,.1189451,.2530426
31mar2020,,.1296867,.0918771,.1674964,,.1972641,.1302153,.2643128
01apr2020,,.1438074,.1059977,.1816171,,.2113847,.144336,.2784335
02apr2020,,.1635451,.1257354,.2013548,,.2311224,.1640736,.2981712
03apr2020,,.1508397,.11303,.1886494,,.218417,.1513683,.2854658
04apr2020,,.1299739,.0921643,.1677836,,.1975513,.1305025,.2646
05apr2020,,.0922075,.0543978,.1300171,,.1597848,.092736,.2268336
06apr2020,,.0734794,.0371206,.1098382,,.1859938,.1189451,.2530426
17mar2020,,.2437937,.2173989,.2701884,,.2396947,.1726459,.3067434
18mar2020,,.2766973,.2452869,.3081077,,.2538154,.1867666,.3208641
19mar2020,,.296435,.2650246,.3278454,,.273553,.2065043,.3406018
20mar2020,,.2837296,.2523192,.31514,,.2608477,.1937989,.3278964
21mar2020,,.2628639,.2314535,.2942743,,.2399819,.1729331,.3070307
22mar2020,,.2250974,.193687,.2565078,,.2022154,.1351667,.2692642
23mar2020,,.2662549,.2205762,.3119335,,.2284245,.1613757,.2954732
24mar2020,,.1871763,.1484088,.2259438,,.2232141,.1504688,.2959594
25mar2020,,.2177776,.1714018,.2641534,,.2538154,.1867666,.3208641
26mar2020,,.2375152,.1911394,.2838911,,.273553,.2065043,.3406018
27mar2020,,.2248099,.1784341,.2711856,,.2608477,.1937989,.3278964
28mar2020,,.2039441,.1575683,.2503199,,.2399819,.1729331,.3070307
29mar2020,,.1661776,.1198018,.2125534,,.2022154,.1351667,.2692642
30mar2020,,.1228192,.0774208,.1682176,,.2284245,.1613757,.2954732
31mar2020,,.1340894,.088691,.1794878,,.2396947,.1726459,.3067434
01apr2020,,.1482101,.1028117,.1936085,,.2538154,.1867666,.3208641
02apr2020,,.1679478,.1225494,.2133462,,.273553,.2065043,.3406018
03apr2020,,.1552424,.109844,.2006408,,.2608477,.1937989,.3278964
04apr2020,,.1343766,.0889782,.179775,,.2399819,.1729331,.3070307
05apr2020,,.0966102,.0512118,.1420085,,.2022154,.1351667,.2692642
06apr2020,,.1228192,.0774208,.1682176,,.2284245,.1613757,.2954732
13mar2020,,.3202822,.2705105,.3700539,,.3416866,.2746378,.4087354
14mar2020,,.2994164,.2496448,.3491881,,.3208209,.2537721,.3878696
15mar2020,,.2353643,.1990805,.2716482,,.2830544,.2160056,.3501031
16mar2020,,.2804877,.2496889,.3112866,,.3092634,.2422146,.3763122
17mar2020,,.260889,.2253705,.2964075,,.3205336,.2534849,.3875824
18mar2020,,.2750097,.2394912,.3105282,,.3346543,.2676055,.4017031
19mar2020,,.2947474,.2592289,.3302659,,.354392,.2873432,.4214408
22mar2020,,.2117575,.1721453,.2513697,,.2830544,.2160056,.3501031
23mar2020,,.2379666,.1983543,.2775787,,.3092634,.2422146,.3763122
24mar2020,,.2305853,.185032,.2761385,,.3205336,.2534849,.3875824
25mar2020,,.2447059,.1991527,.2902592,,.3346543,.2676055,.4017031
26mar2020,,.1832239,.1339001,.2325477,,.354392,.2873432,.4214408
27mar2020,,.1677518,.1178648,.217639,,.3416866,.2746378,.4087354
28mar2020,,.1468861,.096999,.1967732,,.3208209,.2537721,.3878696
29mar2020,,.1091196,.0592325,.1590067,,.2830544,.2160056,.3501031
30mar2020,,.1209911,.0647053,.177277,,.3092634,.2422146,.3763122
31mar2020,,.1322613,.0759755,.1885472,,.3205336,.2534849,.3875824
01apr2020,,.146382,.0900962,.2026678,,.3346543,.2676055,.4017031
02apr2020,,.1661197,.1098339,.2224055,,.354392,.2873432,.4214408
03apr2020,,.1534143,.0971285,.2097001,,.3416866,.2746378,.4087354
04apr2020,,.1325486,.0762627,.1888344,,.3208209,.2537721,.3878696
05apr2020,,.0947821,.0384963,.1510679,,.2830544,.2160056,.3501031
06apr2020,,.1209911,.0647053,.177277,,.3092634,.2422146,.3763122
12mar2020,,.3705851,.3107884,.4303818,,.4231564,.3561076,.4902051
13mar2020,,.3405312,.2692617,.4118007,,.410451,.3434022,.4774998
14mar2020,,.3943004,.3599558,.4286451,,.3895852,.3225365,.456634
15mar2020,,.356534,.3221893,.3908786,,.3518187,.28477,.4188675
16mar2020,,.4203089,.383117,.4575008,,.3780278,.310979,.4450766
17mar2020,,.3271838,.2948019,.3595657,,.389298,.3222492,.4563468
18mar2020,,.3413045,.3089225,.3736864,,.4034187,.3363699,.4704674
19mar2020,,.3610421,.3286602,.3934241,,.4231564,.3561076,.4902051
20mar2020,,.3483368,.3159548,.3807187,,.410451,.3434022,.4774998
21mar2020,,.327471,.2950891,.3598529,,.3895852,.3225365,.456634
22mar2020,,.2440962,.2069212,.2812711,,.3518187,.28477,.4188675
23mar2020,,.2007377,.1663391,.2351363,,.3780278,.310979,.4450766
24mar2020,,.2120079,.1776093,.2464065,,.389298,.3222492,.4563468
25mar2020,,.2261286,.19173,.2605272,,.4034187,.3363699,.4704674
26mar2020,,.2458663,.2114677,.2802649,,.4231564,.3561076,.4902051
27mar2020,,.2331609,.1987623,.2675595,,.410451,.3434022,.4774998
28mar2020,,.2122952,.1778966,.2466938,,.3895852,.3225365,.456634
29mar2020,,.1745287,.1401301,.2089273,,.3518187,.28477,.4188675
30mar2020,,.2007377,.1663391,.2351363,,.3780278,.310979,.4450766
31mar2020,,.2120079,.1776093,.2464065,,.389298,.3222492,.4563468
01apr2020,,.2261286,.19173,.2605272,,.4034187,.3363699,.4704674
02apr2020,,.2458663,.2114677,.2802649,,.4231564,.3561076,.4902051
03apr2020,,.2331609,.1987623,.2675595,,.410451,.3434022,.4774998
04apr2020,,.2122952,.1778966,.2466938,,.3895852,.3225365,.456634
05apr2020,,.1745287,.1401301,.2089273,,.3518187,.28477,.4188675
06apr2020,,.2007377,.1663391,.2351363,,.3780278,.310979,.4450766
17mar2020,,.2789049,.2452435,.3125664,,.2831268,.2160781,.3501756
18mar2020,,.2344115,.1872397,.2815833,,.2972475,.2301987,.3642963
19mar2020,,.2541492,.2069774,.301321,,.3169852,.2499364,.384034
20mar2020,,.2414438,.194272,.2886156,,.3042798,.237231,.3713286
21mar2020,,.2205781,.1734063,.2677498,,.2834141,.2163653,.3504628
22mar2020,,.1828116,.1356398,.2299833,,.2456476,.1785988,.3126963
23mar2020,,.2090206,.1618488,.2561924,,.2718566,.2048078,.3389054
24mar2020,,.1629003,.1100028,.2157979,,.2831268,.2160781,.3501756
25mar2020,,.177021,.1241234,.2299186,,.2972475,.2301987,.3642963
26mar2020,,.1967587,.1438611,.2496563,,.3169852,.2499364,.384034
27mar2020,,.1840533,.1311557,.2369509,,.3042798,.237231,.3713286
28mar2020,,.1631876,.11029,.2160851,,.2834141,.2163653,.3504628
29mar2020,,.1254211,.0725235,.1783187,,.2456476,.1785988,.3126963
30mar2020,,.1516301,.0987326,.2045277,,.2718566,.2048078,.3389054
31mar2020,,.0933329,.0465021,.1401637,,.2831268,.2160781,.3501756
01apr2020,,.1074535,.0606227,.1542844,,.2972475,.2301987,.3642963
02apr2020,,.1271912,.0803604,.174022,,.3169852,.2499364,.384034
03apr2020,,.1104172,.0648667,.1559677,,.3042798,.237231,.3713286
04apr2020,,.0895515,.044001,.135102,,.2834141,.2163653,.3504628
05apr2020,,.051785,.0062345,.0973355,,.2456476,.1785988,.3126963
06apr2020,,.077994,.0324435,.1235445,,.2718566,.2048078,.3389054
12mar2020,,.2591415,.1907784,.3275046,,.3113296,.2442808,.3783784
13mar2020,,.2464361,.178073,.3147992,,.2986242,.2315754,.365673
14mar2020,,.2966936,.2450741,.348313,,.2777585,.2107097,.3448072
15mar2020,,.2326414,.1855844,.2796985,,.239992,.1729432,.3070408
16mar2020,,.2777649,.2420969,.3134328,,.266201,.1991523,.3332498
17mar2020,,.2890351,.2533672,.324703,,.2774712,.2104225,.34452
18mar2020,,.3031558,.2674878,.3388237,,.2915919,.2245432,.3586407
19mar2020,,.3147562,.2766279,.3528845,,.3113296,.2442808,.3783784
20mar2020,,.2939136,.2416503,.3461769,,.2986242,.2315754,.365673
21mar2020,,.2730478,.2207846,.3253111,,.2777585,.2107097,.3448072
22mar2020,,.2352814,.1830181,.2875446,,.239992,.1729432,.3070408
23mar2020,,.2159881,.1719926,.2599835,,.266201,.1991523,.3332498
24mar2020,,.2272583,.1832629,.2712537,,.2774712,.2104225,.34452
25mar2020,,.2413789,.1973835,.2853744,,.2915919,.2245432,.3586407
26mar2020,,.2611167,.2171212,.3051121,,.3113296,.2442808,.3783784
27mar2020,,.2484113,.2044158,.2924067,,.2986242,.2315754,.365673
28mar2020,,.2239727,.1483605,.299585,,.2741857,.1770017,.3713697
29mar2020,,.189779,.1457836,.2337744,,.239992,.1729432,.3070408
30mar2020,,.1464206,.0992588,.1935824,,.266201,.1991523,.3332498
31mar2020,,.1576908,.110529,.2048526,,.2774712,.2104225,.34452
01apr2020,,.1718115,.1246497,.2189732,,.2915919,.2245432,.3586407
02apr2020,,.1915492,.1443874,.2387109,,.3113296,.2442808,.3783784
03apr2020,,.1788438,.131682,.2260055,,.2986242,.2315754,.365673
04apr2020,,.157978,.1108163,.2051398,,.2777585,.2107097,.3448072
05apr2020,,.0800274,.0291517,.1309032,,.239992,.1729432,.3070408
06apr2020,,.1062365,.0553607,.1571122,,.266201,.1991523,.3332498
09mar2020,,.29574,.2286913,.3627888,,.29574,.2286913,.3627888
10mar2020,,.287784,.2217328,.3538353,,.3070103,.2399615,.374059
11mar2020,,.2978361,.2317921,.3638801,,.3211309,.2540822,.3881797
12mar2020,,.2451937,.1912023,.2991851,,.3408686,.2738199,.4079174
13mar2020,,.2151398,.1506555,.279624,,.3281632,.2611144,.395212
14mar2020,,.268909,.230168,.3076501,,.3072975,.2402487,.3743463
15mar2020,,.1946168,.1602331,.2290006,,.269531,.2024822,.3365798
16mar2020,,.2208259,.1864421,.2552096,,.29574,.2286913,.3627888
17mar2020,,.269662,.2438375,.2954865,,.3070103,.2399615,.374059
18mar2020,,.2837827,.2579581,.3096072,,.3211309,.2540822,.3881797
19mar2020,,.3035204,.2776958,.3293449,,.3408686,.2738199,.4079174
20mar2020,,.290815,.2649904,.3166395,,.3281632,.2611144,.395212
21mar2020,,.2699492,.2441247,.2957737,,.3072975,.2402487,.3743463
22mar2020,,.2321827,.2063582,.2580073,,.269531,.2024822,.3365798
23mar2020,,.2218266,.1970585,.2465946,,.29574,.2286913,.3627888
24mar2020,,.198313,.1756911,.220935,,.3070103,.2399615,.374059
25mar2020,,.2124337,.1898118,.2350556,,.3211309,.2540822,.3881797
26mar2020,,.2321714,.2095495,.2547933,,.3408686,.2738199,.4079174
27mar2020,,.2153974,.1923687,.2384261,,.3281632,.2611144,.395212
28mar2020,,.1945316,.1715029,.2175603,,.3072975,.2402487,.3743463
29mar2020,,.1567652,.1337364,.1797939,,.269531,.2024822,.3365798
30mar2020,,.1829742,.1599455,.2060029,,.29574,.2286913,.3627888
31mar2020,,.1755929,.149968,.2012178,,.3070103,.2399615,.374059
01apr2020,,.1897136,.1640887,.2153385,,.3211309,.2540822,.3881797
02apr2020,,.1902251,.1617108,.2187393,,.3408686,.2738199,.4079174
03apr2020,,.1775197,.1490054,.2060339,,.3281632,.2611144,.395212
04apr2020,,.1566539,.1281396,.1851682,,.3072975,.2402487,.3743463
05apr2020,,.1188874,.0903732,.1474017,,.269531,.2024822,.3365798
06apr2020,,.1450965,.1165822,.1736107,,.29574,.2286913,.3627888
13mar2020,,.3601077,.2813424,.4388731,,.4389646,.3719159,.5060134
14mar2020,,.413877,.3802156,.4475384,,.4180989,.3510501,.4851477
17mar2020,,.4325042,.4004593,.464549,,.4178117,.3507629,.4848604
18mar2020,,.4466248,.41458,.4786696,,.4319323,.3648836,.4989811
19mar2020,,.4663625,.4343177,.4984073,,.45167,.3846213,.5187188
20mar2020,,.4536571,.4216123,.4857019,,.4389646,.3719159,.5060134
21mar2020,,.4135747,.3744007,.4527486,,.4180989,.3510501,.4851477
22mar2020,,.3758082,.3366342,.4149821,,.3803324,.3132837,.4473812
23mar2020,,.3833657,.332454,.4342775,,.4065414,.3394927,.4735902
24mar2020,,.261515,.2334166,.2896134,,.4178117,.3507629,.4848604
25mar2020,,.2756357,.2475372,.3037341,,.4319323,.3648836,.4989811
26mar2020,,.2953734,.2672749,.3234718,,.45167,.3846213,.5187188
27mar2020,,.282668,.2545695,.3107664,,.4389646,.3719159,.5060134
28mar2020,,.2618022,.2337038,.2899006,,.4180989,.3510501,.4851477
29mar2020,,.2240357,.1959373,.2521341,,.3803324,.3132837,.4473812
30mar2020,,.2211141,.1911121,.2511162,,.4065414,.3394927,.4735902
31mar2020,,.2323844,.2023823,.2623864,,.4178117,.3507629,.4848604
01apr2020,,.246505,.2165029,.2765071,,.4319323,.3648836,.4989811
02apr2020,,.2662427,.2362406,.2962448,,.45167,.3846213,.5187188
03apr2020,,.1437727,.091068,.1964773,,.4389646,.3719159,.5060134
04apr2020,,.1229069,.0702023,.1756116,,.4180989,.3510501,.4851477
05apr2020,,.0851404,.0324358,.1378451,,.3803324,.3132837,.4473812
06apr2020,,.1113495,.0586448,.1640541,,.4065414,.3394927,.4735902
13mar2020,,.2100044,.1548838,.2651249,,.2707129,.2036641,.3377616
14mar2020,,.2637736,.2142954,.3132518,,.2498471,.1827983,.3168959
15mar2020,,.1997215,.1639506,.2354924,,.2120806,.1450319,.2791294
16mar2020,,.2259305,.1901596,.2617014,,.2382897,.1712409,.3053384
17mar2020,,.2372008,.2014299,.2729716,,.2495599,.1825111,.3166087
18mar2020,,.2597567,.2208657,.2986477,,.2636805,.1966318,.3307293
19mar2020,,.2794944,.2406034,.3183854,,.2834183,.2163695,.350467
20mar2020,,.266789,.227898,.30568,,.2707129,.2036641,.3377616
21mar2020,,.2459233,.2070322,.2848143,,.2498471,.1827983,.3168959
22mar2020,,.2081568,.1692658,.2470478,,.2120806,.1450319,.2791294
23mar2020,,.2052352,.1555417,.2549287,,.2382897,.1712409,.3053384
24mar2020,,.2165054,.1668119,.2661989,,.2495599,.1825111,.3166087
25mar2020,,.1327987,.0857591,.1798384,,.2636805,.1966318,.3307293
26mar2020,,.1525364,.1054967,.1995761,,.2834183,.2163695,.350467
27mar2020,,.1398311,.0927913,.1868708,,.2707129,.2036641,.3377616
28mar2020,,.1189653,.0719256,.166005,,.2498471,.1827983,.3168959
29mar2020,,.0811988,.0341591,.1282385,,.2120806,.1450319,.2791294
30mar2020,,.1074079,.0603682,.1544476,,.2382897,.1712409,.3053384
31mar2020,,.1186781,.0716384,.1657178,,.2495599,.1825111,.3166087
01apr2020,,.1327987,.0857591,.1798384,,.2636805,.1966318,.3307293
02apr2020,,.1525364,.1054967,.1995761,,.2834183,.2163695,.350467
03apr2020,,.1398311,.0927913,.1868708,,.2707129,.2036641,.3377616
04apr2020,,.1189653,.0719256,.166005,,.2498471,.1827983,.3168959
05apr2020,,.0811988,.0341591,.1282385,,.2120806,.1450319,.2791294
06apr2020,,.1074079,.0603682,.1544476,,.2382897,.1712409,.3053384
15mar2020,,.2689278,.2352664,.3025893,,.2731497,.206101,.3401985
16mar2020,,.3288683,.286635,.3711016,,.2993588,.23231,.3664075
17mar2020,,.3401385,.2979053,.3823718,,.310629,.2435802,.3776778
18mar2020,,.3542592,.3120259,.3964925,,.3247496,.2577009,.3917984
19mar2020,,.3739969,.3317636,.4162301,,.3444873,.2774386,.4115361
20mar2020,,.3800744,.3349608,.4251881,,.331782,.2647332,.3988307
21mar2020,,.3592087,.3140951,.4043224,,.3109162,.2438674,.377965
22mar2020,,.3214422,.2763286,.3665559,,.2731497,.206101,.3401985
23mar2020,,.3476512,.3025376,.3927649,,.2993588,.23231,.3664075
24mar2020,,.1896544,.1281343,.2511744,,.310629,.2435802,.3776778
25mar2020,,.203775,.142255,.2652951,,.3247496,.2577009,.3917984
26mar2020,,.2235127,.1619927,.2850327,,.3444873,.2774386,.4115361
27mar2020,,.2108073,.1492873,.2723274,,.331782,.2647332,.3988307
28mar2020,,.1899416,.1284215,.2514616,,.3109162,.2438674,.377965
29mar2020,,.1521751,.0906551,.2136951,,.2731497,.206101,.3401985
30mar2020,,.1783841,.1168641,.2399042,,.2993588,.23231,.3664075
31mar2020,,.1878115,.1265502,.2490728,,.310629,.2435802,.3776778
01apr2020,,.2019322,.1406709,.2631934,,.3247496,.2577009,.3917984
02apr2020,,.2216699,.1604086,.2829311,,.3444873,.2774386,.4115361
03apr2020,,.074241,.0243488,.1241332,,.331782,.2647332,.3988307
04apr2020,,.0533753,.003483,.1032675,,.3109162,.2438674,.377965
05apr2020,,.0156088,0,.065501,,.2731497,.206101,.3401985
06apr2020,,.0418178,0,.0917101,,.2993588,.23231,.3664075
19mar2020,,.2955775,.2504085,.3407465,,.3655633,.2985145,.4326121
20mar2020,,.2828721,.2377031,.3280411,,.3528579,.2858091,.4199067
21mar2020,,.2620063,.2168373,.3071753,,.3319921,.2649434,.3990409
22mar2020,,.2242399,.1790708,.2694089,,.2942257,.2271769,.3612745
23mar2020,,.2287784,.1915731,.2659836,,.3204347,.2533859,.3874835
24mar2020,,.2557437,.2193834,.2921039,,.3317049,.2646562,.3987537
25mar2020,,.2698643,.2335041,.3062246,,.3458256,.2787768,.4128744
26mar2020,,.289602,.2532418,.3259623,,.3655633,.2985145,.4326121
27mar2020,,.2768966,.2405364,.3132569,,.3528579,.2858091,.4199067
28mar2020,,.251936,.1844141,.3194579,,.3284194,.2312353,.4256034
29mar2020,,.2177423,.1813893,.2540953,,.2942257,.2271769,.3612745
30mar2020,,.2405602,.2045973,.276523,,.3204347,.2533859,.3874835
31mar2020,,.2518304,.2158675,.2877932,,.3317049,.2646562,.3987537
01apr2020,,.265951,.2299882,.3019139,,.3458256,.2787768,.4128744
02apr2020,,.2856887,.2497259,.3216516,,.3655633,.2985145,.4326121
03apr2020,,.2728741,.2369569,.3087914,,.3528579,.2858091,.4199067
04apr2020,,.2520084,.2160912,.2879256,,.3319921,.2649434,.3990409
05apr2020,,.2142419,.1783247,.2501592,,.2942257,.2271769,.3612745
06apr2020,,.1800333,.137513,.2225535,,.3204347,.2533859,.3874835
19mar2020,,.3174335,.2784715,.3563955,,.3395058,.272457,.4065545
20mar2020,,.2764683,.2475192,.3054173,,.3268004,.2597516,.3938491
21mar2020,,.2556025,.2266535,.2845516,,.3059346,.2388858,.3729834
22mar2020,,.217836,.188887,.2467851,,.2681682,.2011194,.3352169
23mar2020,,.2440451,.215096,.2729941,,.2943772,.2273284,.3614259
24mar2020,,.2261847,.1925795,.2597899,,.3056474,.2385986,.3726962
25mar2020,,.2403053,.2067002,.2739105,,.3197681,.2527193,.3868168
26mar2020,,.1622157,.1278171,.1966143,,.3395058,.272457,.4065545
27mar2020,,.1495103,.1151117,.1839089,,.3268004,.2597516,.3938491
28mar2020,,.1286446,.094246,.1630432,,.3059346,.2388858,.3729834
29mar2020,,.0908781,.0564795,.1252767,,.2681682,.2011194,.3352169
30mar2020,,.1089499,.0789478,.138952,,.2943772,.2273284,.3614259
31mar2020,,.1202201,.090218,.1502222,,.3056474,.2385986,.3726962
01apr2020,,.1343408,.1043387,.1643429,,.3197681,.2527193,.3868168
02apr2020,,.1540785,.1240764,.1840805,,.3395058,.272457,.4065545
03apr2020,,.1413731,.111371,.1713751,,.3268004,.2597516,.3938491
04apr2020,,.1205073,.0905052,.1505094,,.3059346,.2388858,.3729834
05apr2020,,.0827408,.0527388,.1127429,,.2681682,.2011194,.3352169
06apr2020,,.1089499,.0789478,.138952,,.2943772,.2273284,.3614259
12mar2020,,.1516295,.0918328,.2114262,,.2042007,.137152,.2712495
13mar2020,,.1389241,.0791274,.1987208,,.1914954,.1244466,.2585441
14mar2020,,.1926933,.148544,.2368426,,.1706296,.1035808,.2376784
15mar2020,,.1286412,.0949798,.1623027,,.1328631,.0658144,.1999119
16mar2020,,.1745645,.1351674,.2139615,,.1590722,.0920234,.2261209
17mar2020,,.1858347,.1464377,.2252318,,.1703424,.1032936,.2373912
18mar2020,,.1878308,.1508296,.224832,,.1844631,.1174143,.2515118
19mar2020,,.2075685,.1705673,.2445697,,.2042007,.137152,.2712495
20mar2020,,.1948631,.1578619,.2318643,,.1914954,.1244466,.2585441
21mar2020,,.1739974,.1369962,.2109985,,.1706296,.1035808,.2376784
22mar2020,,.1362309,.0992297,.173232,,.1328631,.0658144,.1999119
23mar2020,,.1624399,.1254387,.1994411,,.1590722,.0920234,.2261209
24mar2020,,.1737101,.136709,.2107113,,.1703424,.1032936,.2373912
25mar2020,,.1752734,.140463,.2100837,,.1844631,.1174143,.2515118
26mar2020,,.195011,.1602007,.2298214,,.2042007,.137152,.2712495
27mar2020,,.1823057,.1474953,.217116,,.1914954,.1244466,.2585441
28mar2020,,.1551075,.121258,.1889571,,.1706296,.1035808,.2376784
29mar2020,,.1133422,.0800515,.1466329,,.1328631,.0658144,.1999119
30mar2020,,.0923786,.054166,.1305912,,.1590722,.0920234,.2261209
31mar2020,,.0924709,.0563331,.1286088,,.1703424,.1032936,.2373912
01apr2020,,.0905173,.0523999,.1286346,,.1844631,.1174143,.2515118
02apr2020,,.110255,.0721376,.1483723,,.2042007,.137152,.2712495
03apr2020,,.0975496,.0594322,.1356669,,.1914954,.1244466,.2585441
04apr2020,,.0766838,.0385665,.1148012,,.1706296,.1035808,.2376784
05apr2020,,.0389174,.0008,.0770347,,.1328631,.0658144,.1999119
06apr2020,,.0651264,.027009,.1032437,,.1590722,.0920234,.2261209
13mar2020,,.3232464,.2634497,.3830431,,.3758176,.3087689,.4428664
14mar2020,,.3770156,.3328663,.4211649,,.3549519,.2879031,.4220006
15mar2020,,.3129635,.2793021,.3466249,,.3171854,.2501366,.3842342
16mar2020,,.3767384,.3435919,.409885,,.3433944,.2763457,.4104432
17mar2020,,.2093133,.1568647,.261762,,.3546647,.2876159,.4217134
18mar2020,,.223434,.1709853,.2758827,,.3687853,.3017366,.4358341
19mar2020,,.3300509,.2489365,.4111653,,.4754022,.3836211,.5671834
20mar2020,,.2304663,.1780176,.282915,,.3758176,.3087689,.4428664
21mar2020,,.2096006,.1571519,.2620492,,.3549519,.2879031,.4220006
22mar2020,,.1718341,.1193854,.2242828,,.3171854,.2501366,.3842342
23mar2020,,.1980431,.1455944,.2504918,,.3433944,.2763457,.4104432
24mar2020,,.1830277,.1404801,.2255753,,.3546647,.2876159,.4217134
25mar2020,,.1971484,.1546008,.239696,,.3687853,.3017366,.4358341
28mar2020,,.1833149,.1407673,.2258625,,.3549519,.2879031,.4220006
29mar2020,,.1455484,.1030009,.188096,,.3171854,.2501366,.3842342
30mar2020,,.1717575,.1292099,.2143051,,.3433944,.2763457,.4104432
31mar2020,,.1830277,.1404801,.2255753,,.3546647,.2876159,.4217134
01apr2020,,.1623646,.1188438,.2058855,,.3687853,.3017366,.4358341
02apr2020,,.1821023,.1385815,.2256232,,.388523,.3214743,.4555718
03apr2020,,.1693969,.1258761,.2129178,,.3758176,.3087689,.4428664
04apr2020,,.1485312,.1050103,.1920521,,.3549519,.2879031,.4220006
05apr2020,,.1107647,.0672438,.1542856,,.3171854,.2501366,.3842342
06apr2020,,.1369738,.0934529,.1804946,,.3433944,.2763457,.4104432
16mar2020,,.2448038,.212759,.2768486,,.2301113,.1630625,.29716
17mar2020,,.256074,.2240292,.2881188,,.2413815,.1743327,.3084303
18mar2020,,.2317517,.1975255,.2659779,,.2555022,.1884534,.3225509
19mar2020,,.2514894,.2172632,.2857156,,.2752399,.2081911,.3422886
20mar2020,,.238784,.2045578,.2730103,,.2625345,.1954857,.3295832
21mar2020,,.2179183,.1836921,.2521445,,.2416687,.17462,.3087175
22mar2020,,.1801518,.1459256,.214378,,.2039022,.1368535,.270951
23mar2020,,.186552,.1527454,.2203586,,.2301113,.1630625,.29716
24mar2020,,.1715366,.1420097,.2010636,,.2413815,.1743327,.3084303
25mar2020,,.1856573,.1561304,.2151842,,.2555022,.1884534,.3225509
26mar2020,,.1867435,.1502499,.2232371,,.2752399,.2081911,.3422886
27mar2020,,.1740381,.1375445,.2105317,,.2625345,.1954857,.3295832
28mar2020,,.1531723,.1166787,.189666,,.2416687,.17462,.3087175
29mar2020,,.1154059,.0789122,.1518995,,.2039022,.1368535,.270951
30mar2020,,.1416149,.1051213,.1781085,,.2301113,.1630625,.29716
31mar2020,,.1528851,.1163915,.1893787,,.2413815,.1743327,.3084303
01apr2020,,.1670058,.1305122,.2034994,,.2555022,.1884534,.3225509
02apr2020,,.1867435,.1502499,.2232371,,.2752399,.2081911,.3422886
03apr2020,,.1740381,.1375445,.2105317,,.2625345,.1954857,.3295832
04apr2020,,.1531723,.1166787,.189666,,.2416687,.17462,.3087175
05apr2020,,.1154059,.0789122,.1518995,,.2039022,.1368535,.270951
06apr2020,,.1223887,.0852138,.1595636,,.2301113,.1630625,.29716
10mar2020,,.3786439,.310357,.4469308,,.3867811,.3197324,.4538299
11mar2020,,.3927646,.3244777,.4610515,,.4009018,.333853,.4679506
12mar2020,,.3425825,.2769369,.408228,,.4206395,.3535907,.4876883
13mar2020,,.3298771,.2642315,.3955227,,.4079341,.3408853,.4749829
14mar2020,,.3836463,.3456219,.4216707,,.3870684,.3200196,.4541171
15mar2020,,.3458799,.3078554,.3839043,,.3493019,.2822531,.4163506
16mar2020,,.3400847,.3037045,.3764649,,.3755109,.3084621,.4425597
17mar2020,,.3321287,.2977929,.3664646,,.3867811,.3197324,.4538299
18mar2020,,.3696854,.3441952,.3951756,,.4009018,.333853,.4679506
19mar2020,,.3752931,.3457137,.4048726,,.4206395,.3535907,.4876883
20mar2020,,.3625877,.3330083,.3921672,,.4079341,.3408853,.4749829
21mar2020,,.2556246,.2223724,.2888767,,.3870684,.3200196,.4541171
22mar2020,,.2178581,.1846059,.2511103,,.3493019,.2822531,.4163506
23mar2020,,.2242583,.1948822,.2536344,,.3755109,.3084621,.4425597
24mar2020,,.2190479,.1824349,.255661,,.3703006,.2975552,.4430459
25mar2020,,.2496492,.2202731,.2790253,,.4009018,.333853,.4679506
26mar2020,,.2693869,.2400108,.2987629,,.4206395,.3535907,.4876883
27mar2020,,.2566815,.2273054,.2860576,,.4079341,.3408853,.4749829
28mar2020,,.2358157,.2064397,.2651918,,.3870684,.3200196,.4541171
29mar2020,,.1980493,.1686732,.2274253,,.3493019,.2822531,.4163506
30mar2020,,.2242583,.1948822,.2536344,,.3755109,.3084621,.4425597
31mar2020,,.2355285,.2061525,.2649046,,.3867811,.3197324,.4538299
01apr2020,,.2496492,.2202731,.2790253,,.4009018,.333853,.4679506
02apr2020,,.2693869,.2400108,.2987629,,.4206395,.3535907,.4876883
03apr2020,,.2566815,.2273054,.2860576,,.4079341,.3408853,.4749829
04apr2020,,.2165895,.1855606,.2476185,,.3870684,.3200196,.4541171
05apr2020,,.1788231,.1477941,.209852,,.3493019,.2822531,.4163506
06apr2020,,.2050321,.1740031,.236061,,.3755109,.3084621,.4425597
14mar2020,,.2763346,.2309296,.3217396,,.2583395,.1912908,.3253883
15mar2020,,.2133045,.1789417,.2476673,,.220573,.1535243,.2876218
16mar2020,,.2770794,.2400944,.3140645,,.2467821,.1797333,.3138309
17mar2020,,.2883497,.2513646,.3253347,,.2580523,.1910035,.3251011
18mar2020,,.2659446,.2435031,.2883861,,.272173,.2051242,.3392217
19mar2020,,.27403,.2525885,.2954716,,.2919106,.2248619,.3589594
20mar2020,,.2613246,.2398831,.2827662,,.2792053,.2121565,.346254
21mar2020,,.2404589,.2190174,.2619005,,.2583395,.1912908,.3253883
22mar2020,,.2026924,.1812509,.224134,,.220573,.1535243,.2876218
23mar2020,,.2115529,.1845341,.2385718,,.2467821,.1797333,.3138309
24mar2020,,.1452503,.1078999,.1826007,,.2580523,.1910035,.3251011
25mar2020,,.1477188,.111505,.1839325,,.272173,.2051242,.3392217
26mar2020,,.1674564,.1312427,.2036702,,.2919106,.2248619,.3589594
27mar2020,,.1390302,.1015671,.1764933,,.2792053,.2121565,.346254
28mar2020,,.1181644,.0807013,.1556276,,.2583395,.1912908,.3253883
29mar2020,,.080398,.0429348,.1178611,,.220573,.1535243,.2876218
30mar2020,,.106607,.0691439,.1440701,,.2467821,.1797333,.3138309
31mar2020,,.1178772,.0804141,.1553404,,.2580523,.1910035,.3251011
01apr2020,,.1319979,.0945348,.169461,,.272173,.2051242,.3392217
02apr2020,,.1517356,.1142725,.1891987,,.2919106,.2248619,.3589594
03apr2020,,.1390302,.1015671,.1764933,,.2792053,.2121565,.346254
04apr2020,,.1181644,.0807013,.1556276,,.2583395,.1912908,.3253883
05apr2020,,.080398,.0429348,.1178611,,.220573,.1535243,.2876218
06apr2020,,.0763033,.0452743,.1073322,,.2467821,.1797333,.3138309
05mar2020,,.4298865,.3548942,.5048789,,.4642079,.3971592,.5312567
06mar2020,,.4171811,.3421888,.4921735,,.4515026,.3844538,.5185513
07mar2020,,.3963154,.321323,.4713078,,.4306368,.363588,.4976856
08mar2020,,.3585489,.2835566,.4335413,,.3928703,.3258215,.4599191
09mar2020,,.384758,.3097656,.4597504,,.4190794,.3520306,.4861281
10mar2020,,.3960282,.3210358,.4710205,,.4303496,.3633008,.4973983
11mar2020,,.4355248,.3481233,.5229262,,.4444703,.3774215,.511519
12mar2020,,.3764055,.32991,.4229011,,.4642079,.3971592,.5312567
13mar2020,,.2588077,.1660792,.3515361,,.3549228,.2738246,.436021
14mar2020,,.3591512,.3160082,.4022942,,.4306368,.363588,.4976856
15mar2020,,.3213847,.2782417,.3645278,,.3928703,.3258215,.4599191
16mar2020,,.3266463,.2795585,.3737342,,.4190794,.3520306,.4861281
17mar2020,,.3330291,.2862859,.3797723,,.4303496,.3633008,.4973983
18mar2020,,.3552861,.3206354,.3899368,,.4444703,.3774215,.511519
19mar2020,,.3801063,.342335,.4178775,,.4642079,.3971592,.5312567
20mar2020,,.3610299,.316704,.4053559,,.4515026,.3844538,.5185513
21mar2020,,.3401642,.2958382,.3844901,,.4306368,.363588,.4976856
22mar2020,,.1672878,.1102907,.2242849,,.3928703,.3258215,.4599191
23mar2020,,.1934968,.1364997,.2504939,,.4190794,.3520306,.4861281
24mar2020,,.204767,.1477699,.2617641,,.4303496,.3633008,.4973983
25mar2020,,.2188877,.1618906,.2758848,,.4444703,.3774215,.511519
26mar2020,,.2386254,.1816283,.2956225,,.4642079,.3971592,.5312567
27mar2020,,.22592,.1689229,.2829171,,.4515026,.3844538,.5185513
28mar2020,,.2050542,.1480571,.2620513,,.4306368,.363588,.4976856
29mar2020,,.1672878,.1102907,.2242849,,.3928703,.3258215,.4599191
30mar2020,,.1934968,.1364997,.2504939,,.4190794,.3520306,.4861281
31mar2020,,.204767,.1477699,.2617641,,.4303496,.3633008,.4973983
01apr2020,,.1996615,.143109,.256214,,.4444703,.3774215,.511519
02apr2020,,.2193992,.1628467,.2759517,,.4642079,.3971592,.5312567
03apr2020,,.2066938,.1501413,.2632462,,.4515026,.3844538,.5185513
04apr2020,,.185828,.1292756,.2423805,,.4306368,.363588,.4976856
05apr2020,,.1480616,.0915091,.204614,,.3928703,.3258215,.4599191
06apr2020,,.1742706,.1177181,.2308231,,.4190794,.3520306,.4861281
13mar2020,,.206936,.1481384,.2657337,,.2649214,.1978726,.3319702
14mar2020,,.2607053,.217315,.3040956,,.2440557,.1770069,.3111044
15mar2020,,.209796,.1747798,.2448122,,.2062892,.1392404,.273338
16mar2020,,.273571,.2345922,.3125497,,.2324982,.1654495,.299547
17mar2020,,.2754024,.2375653,.3132395,,.2437684,.1767197,.3108172
18mar2020,,.4542551,.3862428,.5222675,,.4226212,.3292898,.5159525
19mar2020,,.3092607,.2714236,.3470978,,.2776268,.210578,.3446756
20mar2020,,.2965553,.2587182,.3343925,,.2649214,.1978726,.3319702
21mar2020,,.2756896,.2378525,.3135267,,.2440557,.1770069,.3111044
22mar2020,,.2379231,.200086,.2757602,,.2062892,.1392404,.273338
23mar2020,,.2199287,.1922289,.2476284,,.2324982,.1654495,.299547
24mar2020,,.2311989,.2034991,.2588986,,.2437684,.1767197,.3108172
25mar2020,,.2453195,.2176198,.2730193,,.2578891,.1908403,.3249379
26mar2020,,.2604021,.2330998,.2877043,,.2776268,.210578,.3446756
27mar2020,,.2468347,.2197198,.2739496,,.2649214,.1978726,.3319702
28mar2020,,.2228598,.1960977,.2496219,,.2440557,.1770069,.3111044
29mar2020,,.1850933,.1583312,.2118554,,.2062892,.1392404,.273338
30mar2020,,.0847732,.053537,.1160094,,.2324982,.1654495,.299547
31mar2020,,.0960434,.0648072,.1272796,,.2437684,.1767197,.3108172
01apr2020,,.1101641,.0789279,.1414003,,.2578891,.1908403,.3249379
02apr2020,,.1299018,.0986656,.161138,,.2776268,.210578,.3446756
03apr2020,,.1171964,.0859602,.1484326,,.2649214,.1978726,.3319702
04apr2020,,.0963306,.0650944,.1275668,,.2440557,.1770069,.3111044
05apr2020,,.0585642,.027328,.0898004,,.2062892,.1392404,.273338
06apr2020,,.0847732,.053537,.1160094,,.2324982,.1654495,.299547
20mar2020,,.2027856,.1707408,.2348304,,.1880931,.1210443,.2551419
21mar2020,,.1819198,.149875,.2139646,,.1672273,.1001786,.2342761
22mar2020,,.1441533,.1121085,.1761982,,.1294609,.0624121,.1965096
23mar2020,,.1703624,.1383176,.2024072,,.1556699,.0886211,.2227187
24mar2020,,.1816326,.1495878,.2136774,,.1669401,.0998913,.2339889
25mar2020,,.1957533,.1637085,.2277981,,.1810608,.114012,.2481095
26mar2020,,.1863603,.1573841,.2153366,,.2007985,.1337497,.2678472
27mar2020,,.1544382,.1210719,.1878046,,.1880931,.1210443,.2551419
28mar2020,,.1335725,.1002062,.1669388,,.1672273,.1001786,.2342761
29mar2020,,.095806,.0624397,.1291724,,.1294609,.0624121,.1965096
30mar2020,,.1220151,.0886487,.1553814,,.1556699,.0886211,.2227187
31mar2020,,.1332853,.0999189,.1666516,,.1669401,.0998913,.2339889
01apr2020,,.1287544,.0846685,.1728403,,.1810608,.114012,.2481095
02apr2020,,.1484921,.1044062,.192578,,.2007985,.1337497,.2678472
03apr2020,,.1357867,.0917008,.1798726,,.1880931,.1210443,.2551419
04apr2020,,.114921,.0708351,.1590069,,.1672273,.1001786,.2342761
05apr2020,,.0771545,.0330686,.1212404,,.1294609,.0624121,.1965096
06apr2020,,0,0,.0268605,,.1556699,.0886211,.2227187
14mar2020,,.3656417,.321316,.4099675,,.3466174,.2795686,.4136662
15mar2020,,.2757866,.2414351,.3101382,,.3088509,.2418021,.3758997
16mar2020,,.3019956,.2676441,.3363472,,.3350599,.2680112,.4021087
17mar2020,,.3345186,.3068813,.362156,,.3463302,.2792814,.4133789
18mar2020,,.3486393,.3210019,.3762766,,.3604508,.293402,.4274996
19mar2020,,.368377,.3407396,.3960143,,.3801885,.3131397,.4472373
20mar2020,,.347515,.3188019,.3762281,,.3674831,.3004344,.4345319
21mar2020,,.3074326,.2753437,.3395214,,.3466174,.2795686,.4136662
22mar2020,,.2510146,.2086645,.2933647,,.3088509,.2418021,.3758997
23mar2020,,.1902161,.1601643,.2202678,,.3350599,.2680112,.4021087
24mar2020,,.2014863,.1714346,.231538,,.3463302,.2792814,.4133789
25mar2020,,.2220774,.1719112,.2722435,,.3669212,.2809706,.4528719
26mar2020,,.2353446,.2052929,.2653964,,.3801885,.3131397,.4472373
27mar2020,,.2226392,.1925875,.252691,,.3674831,.3004344,.4345319
28mar2020,,.2017735,.1717218,.2318252,,.3466174,.2795686,.4136662
29mar2020,,.164007,.1339553,.1940587,,.3088509,.2418021,.3758997
30mar2020,,.1902161,.1601643,.2202678,,.3350599,.2680112,.4021087
31mar2020,,.2014863,.1714346,.231538,,.3463302,.2792814,.4133789
01apr2020,,.1992938,.1697452,.2288424,,.3604508,.293402,.4274996
02apr2020,,.2190315,.1894829,.2485801,,.3801885,.3131397,.4472373
03apr2020,,.2063261,.1767775,.2358747,,.3674831,.3004344,.4345319
04apr2020,,.1761386,.1451096,.2071675,,.3466174,.2795686,.4136662
05apr2020,,.1383721,.1073431,.169401,,.3088509,.2418021,.3758997
06apr2020,,.1645811,.1335522,.1956101,,.3350599,.2680112,.4021087
17mar2020,,.3148531,.2506099,.3790963,,.4288396,.3617909,.4958884
18mar2020,,.3289737,.2647305,.3932169,,.4429603,.3759115,.5100091
19mar2020,,.3487114,.2844682,.4129546,,.462698,.3956492,.5297468
20mar2020,,.336006,.2717628,.4002492,,.4499926,.3829438,.5170414
21mar2020,,.3151403,.2508971,.3793835,,.4291269,.3620781,.4961756
22mar2020,,.2773738,.2131306,.341617,,.3913604,.3243116,.4584091
23mar2020,,.3035828,.2393396,.367826,,.4175694,.3505206,.4846182
24mar2020,,.2095206,.1340764,.2849647,,.4288396,.3617909,.4958884
25mar2020,,.2232134,.1478374,.2985893,,.4429603,.3759115,.5100091
26mar2020,,.2429511,.1675751,.318327,,.462698,.3956492,.5297468
27mar2020,,.2302457,.1548697,.3056216,,.4499926,.3829438,.5170414
28mar2020,,.2020198,.1277691,.2762704,,.4291269,.3620781,.4961756
29mar2020,,.1642533,.0900026,.238504,,.3913604,.3243116,.4584091
30mar2020,,.1889791,.114944,.2630141,,.4175694,.3505206,.4846182
31mar2020,,.2002493,.1262143,.2742844,,.4288396,.3617909,.4958884
01apr2020,,.1779729,.0956173,.2603285,,.4429603,.3759115,.5100091
02apr2020,,.1977106,.115355,.2800662,,.462698,.3956492,.5297468
03apr2020,,.1850052,.1026496,.2673608,,.4499926,.3829438,.5170414
04apr2020,,.16316,.0809754,.2453446,,.4291269,.3620781,.4961756
05apr2020,,.1253936,.043209,.2075782,,.3913604,.3243116,.4584091
06apr2020,,.1512673,.0691409,.2333937,,.4175694,.3505206,.4846182
09mar2020,,.2299203,.1628716,.2969691,,.2299203,.1628716,.2969691
10mar2020,,.2266252,.16056,.2926904,,.2411905,.1741418,.3082393
11mar2020,,.2407459,.1746807,.3068111,,.2553112,.1882624,.32236
12mar2020,,.2079123,.1506268,.2651979,,.2750489,.2080001,.3420977
13mar2020,,.1952069,.1379214,.2524925,,.2623435,.1952947,.3293923
14mar2020,,.2489762,.2050968,.2928556,,.2414778,.174429,.3085265
15mar2020,,.1849241,.1528649,.2169833,,.2037113,.1366625,.2707601
16mar2020,,.248699,.2167018,.2806962,,.2299203,.1628716,.2969691
17mar2020,,.2599692,.227972,.2919664,,.2411905,.1741418,.3082393
18mar2020,,.2595246,.2257814,.2932678,,.2553112,.1882624,.32236
19mar2020,,.2792623,.2455191,.3130054,,.2750489,.2080001,.3420977
20mar2020,,.2665569,.2328137,.3003001,,.2623435,.1952947,.3293923
21mar2020,,.2456912,.211948,.2794343,,.2414778,.174429,.3085265
22mar2020,,.2079247,.1741815,.2416678,,.2037113,.1366625,.2707601
23mar2020,,.0594415,.0284125,.0904704,,.2299203,.1628716,.2969691
24mar2020,,.0707117,.0396828,.1017407,,.2411905,.1741418,.3082393
25mar2020,,.0848324,.0538034,.1158613,,.2553112,.1882624,.32236
26mar2020,,.1045701,.0735411,.135599,,.2750489,.2080001,.3420977
27mar2020,,.0918647,.0608357,.1228936,,.2623435,.1952947,.3293923
28mar2020,,.0709989,.03997,.1020279,,.2414778,.174429,.3085265
29mar2020,,.0332325,.0022035,.0642614,,.2037113,.1366625,.2707601
30mar2020,,.0594415,.0284125,.0904704,,.2299203,.1628716,.2969691
31mar2020,,.0707117,.0396828,.1017407,,.2411905,.1741418,.3082393
01apr2020,,.0848324,.0538034,.1158613,,.2553112,.1882624,.32236
02apr2020,,.1045701,.0735411,.135599,,.2750489,.2080001,.3420977
03apr2020,,.0918647,.0608357,.1228936,,.2623435,.1952947,.3293923
04apr2020,,.0709989,.03997,.1020279,,.2414778,.174429,.3085265
05apr2020,,.0332325,.0022035,.0642614,,.2037113,.1366625,.2707601
06apr2020,,.0594415,.0284125,.0904704,,.2299203,.1628716,.2969691
10mar2020,,.324757,.2577083,.3918058,,.324757,.2577083,.3918058
11mar2020,,.3348091,.2681585,.4014597,,.3388777,.2718289,.4059265
12mar2020,,.3019755,.2456732,.3582778,,.3586154,.2915666,.4256642
13mar2020,,.2776179,.2232925,.3319432,,.34591,.2788612,.4129588
14mar2020,,.3197349,.2730659,.3664039,,.3250442,.2579955,.392093
17mar2020,,.2735284,.2399449,.3071118,,.324757,.2577083,.3918058
18mar2020,,.2763451,.2374907,.3151995,,.3388777,.2718289,.4059265
19mar2020,,.2960828,.2572284,.3349372,,.3586154,.2915666,.4256642
20mar2020,,.2833774,.244523,.3222318,,.34591,.2788612,.4129588
21mar2020,,.2625117,.2236573,.3013661,,.3250442,.2579955,.392093
22mar2020,,.2247452,.1858908,.2635996,,.2872778,.220229,.3543265
23mar2020,,.2434384,.208911,.2779658,,.3134868,.246438,.3805356
24mar2020,,.2547086,.2201812,.289236,,.324757,.2577083,.3918058
25mar2020,,.2678436,.2334369,.3022503,,.3388777,.2718289,.4059265
26mar2020,,.2875813,.2531745,.321988,,.3586154,.2915666,.4256642
27mar2020,,.2690269,.2352567,.3027971,,.34591,.2788612,.4129588
28mar2020,,.2465397,.2129212,.2801582,,.3250442,.2579955,.392093
29mar2020,,.2087732,.1751547,.2423917,,.2872778,.220229,.3543265
30mar2020,,.2322522,.1988641,.2656403,,.3134868,.246438,.3805356
31mar2020,,.2409932,.20779,.2741963,,.324757,.2577083,.3918058
01apr2020,,.203589,.1679915,.2391864,,.3388777,.2718289,.4059265
02apr2020,,.2233267,.1877292,.2589241,,.3586154,.2915666,.4256642
03apr2020,,.2106213,.1750238,.2462187,,.34591,.2788612,.4129588
04apr2020,,.1678412,.1290267,.2066558,,.3250442,.2579955,.392093
05apr2020,,.1300747,.0912602,.1688893,,.2872778,.220229,.3543265
06apr2020,,.1562838,.1174692,.1950983,,.3134868,.246438,.3805356
14mar2020,,.2551877,.2215263,.2888492,,.2594096,.1923609,.3264584
15mar2020,,.2174213,.1837598,.2510827,,.2216432,.1545944,.2886919
16mar2020,,.2008051,.1619753,.2396349,,.2478522,.1808034,.314901
17mar2020,,.2120754,.1732456,.2509052,,.2591224,.1920737,.3261712
18mar2020,,.2637619,.2327785,.2947454,,.2732431,.2061943,.3402919
19mar2020,,.2834996,.2525162,.3144831,,.2929808,.225932,.3600295
20mar2020,,.2707942,.2398108,.3017777,,.2802754,.2132266,.3473242
21mar2020,,.2499285,.218945,.2809119,,.2594096,.1923609,.3264584
22mar2020,,.212162,.1811786,.2431455,,.2216432,.1545944,.2886919
23mar2020,,.238371,.2073876,.2693545,,.2478522,.1808034,.314901
24mar2020,,.2496413,.2186578,.2806247,,.2591224,.1920737,.3261712
25mar2020,,.2491966,.2191522,.279241,,.2732431,.2061943,.3402919
26mar2020,,.2648657,.2359877,.2937436,,.2929808,.225932,.3600295
27mar2020,,.2521603,.2232824,.2810383,,.2802754,.2132266,.3473242
28mar2020,,.103113,.0750146,.1312114,,.2594096,.1923609,.3264584
29mar2020,,.0653465,.0372481,.0934449,,.2216432,.1545944,.2886919
30mar2020,,.0915555,.0634571,.1196539,,.2478522,.1808034,.314901
31mar2020,,.1028257,.0747273,.1309242,,.2591224,.1920737,.3261712
01apr2020,,.1169464,.088848,.1450448,,.2732431,.2061943,.3402919
02apr2020,,.1366841,.1085857,.1647825,,.2929808,.225932,.3600295
03apr2020,,.1094134,.0820273,.1367995,,.2802754,.2132266,.3473242
04apr2020,,.0885477,.0611616,.1159337,,.2594096,.1923609,.3264584
05apr2020,,.0507812,.0233951,.0781672,,.2216432,.1545944,.2886919
06apr2020,,.0624249,.0324228,.092427,,.2478522,.1808034,.314901
11mar2020,,.2476366,.1805878,.3146854,,.2476366,.1805878,.3146854
12mar2020,,.214803,.1550063,.2745998,,.2673743,.2003255,.3344231
13mar2020,,.2020977,.1423009,.2618943,,.2546689,.1876201,.3217177
14mar2020,,.2558669,.2117176,.3000162,,.2338032,.1667544,.3008519
15mar2020,,.1918148,.1581534,.2254762,,.1960367,.1289879,.2630855
16mar2020,,.2555897,.2224432,.2887363,,.2222457,.1551969,.2892945
17mar2020,,.226009,.1874759,.2645421,,.2335159,.1664672,.3005647
18mar2020,,.2401297,.2015966,.2786628,,.2476366,.1805878,.3146854
19mar2020,,.2748159,.2214841,.3281476,,.2673743,.2003255,.3344231
20mar2020,,.2621104,.2087788,.3154422,,.2546689,.1876201,.3217177
21mar2020,,.2080279,.1654792,.2505766,,.2338032,.1667544,.3008519
22mar2020,,.1702614,.1277127,.2128101,,.1960367,.1289879,.2630855
23mar2020,,.1819051,.1385974,.2252129,,.2222457,.1551969,.2892945
24mar2020,,.1931754,.1498676,.2364831,,.2335159,.1664672,.3005647
25mar2020,,.207296,.1639883,.2506038,,.2476366,.1805878,.3146854
26mar2020,,.2270337,.183726,.2703415,,.2673743,.2003255,.3344231
27mar2020,,.2143283,.1710206,.2576361,,.2546689,.1876201,.3217177
28mar2020,,.1934626,.1501548,.2367703,,.2338032,.1667544,.3008519
29mar2020,,.1556961,.1123884,.1990038,,.1960367,.1289879,.2630855
30mar2020,,.1673398,.1211838,.2134959,,.2222457,.1551969,.2892945
31mar2020,,.1593933,.1216562,.1971305,,.2335159,.1664672,.3005647
01apr2020,,.173514,.1357768,.2112512,,.2476366,.1805878,.3146854
02apr2020,,.1932517,.1555145,.2309889,,.2673743,.2003255,.3344231
03apr2020,,.1805463,.1428091,.2182835,,.2546689,.1876201,.3217177
04apr2020,,.1596806,.1219434,.1974178,,.2338032,.1667544,.3008519
05apr2020,,.1219141,.0841769,.1596513,,.1960367,.1289879,.2630855
06apr2020,,.1294716,.0933718,.1655715,,.2222457,.1551969,.2892945
17mar2020,,.192019,.1588725,.2251656,,.158675,.0916263,.2257238
18mar2020,,.2061397,.1729932,.2392862,,.1727957,.1057469,.2398445
19mar2020,,.2326887,.1849901,.2803872,,.1925334,.1254846,.2595822
20mar2020,,.2199832,.1722847,.2676818,,.179828,.1127792,.2468768
21mar2020,,.1991175,.151419,.246816,,.1589623,.0919135,.226011
22mar2020,,.161351,.1136525,.2090496,,.1211958,.054147,.1882446
23mar2020,,.1292988,.0722566,.186341,,.1474048,.0803561,.2144536
24mar2020,,.140569,.0835268,.1976113,,.158675,.0916263,.2257238
25mar2020,,.1546897,.0976475,.2117319,,.1727957,.1057469,.2398445
26mar2020,,.1744274,.1173852,.2314696,,.1925334,.1254846,.2595822
27mar2020,,.161722,.1046798,.2187642,,.179828,.1127792,.2468768
28mar2020,,.1408563,.083814,.1978985,,.1589623,.0919135,.226011
29mar2020,,.1030898,.0460476,.160132,,.1211958,.054147,.1882446
30mar2020,,.1292988,.0722566,.186341,,.1474048,.0803561,.2144536
31mar2020,,.140569,.0835268,.1976113,,.158675,.0916263,.2257238
01apr2020,,.1546897,.0976475,.2117319,,.1727957,.1057469,.2398445
02apr2020,,.1744274,.1173852,.2314696,,.1925334,.1254846,.2595822
03apr2020,,.161722,.1046798,.2187642,,.179828,.1127792,.2468768
04apr2020,,.1408563,.083814,.1978985,,.1589623,.0919135,.226011
05apr2020,,.1030898,.0460476,.160132,,.1211958,.054147,.1882446
06apr2020,,.1292988,.0722566,.186341,,.1474048,.0803561,.2144536
13mar2020,,.2227658,.1572641,.2882674,,.2909769,.2239282,.3580257
14mar2020,,.276535,.246918,.306152,,.2701112,.2030624,.33716
15mar2020,,.2387685,.2091515,.2683856,,.2323447,.165296,.2993935
18mar2020,,.2903685,.2607515,.3199855,,.2839446,.2168959,.3509934
19mar2020,,.3101062,.2804891,.3397232,,.3036823,.2366336,.3707311
20mar2020,,.3161837,.2799319,.3524355,,.2909769,.2239282,.3580257
21mar2020,,.4831328,.4245516,.541714,,.4579261,.3715052,.5443469
22mar2020,,.1837798,.1584407,.2091189,,.2323447,.165296,.2993935
23mar2020,,.2099888,.1846497,.2353279,,.2585537,.191505,.3256025
24mar2020,,.2362075,.199344,.2730711,,.269824,.2027752,.3368728
25mar2020,,.2503282,.2134647,.2871917,,.2839446,.2168959,.3509934
26mar2020,,.250257,.2135593,.2869549,,.3036823,.2366336,.3707311
27mar2020,,.2375517,.2008539,.2742495,,.2909769,.2239282,.3580257
28mar2020,,.2166859,.1799881,.2533837,,.2701112,.2030624,.33716
29mar2020,,.1789194,.1422216,.2156173,,.2323447,.165296,.2993935
30mar2020,,.1073011,.0779251,.1366772,,.2585537,.191505,.3256025
31mar2020,,.1185714,.0891953,.1479474,,.269824,.2027752,.3368728
01apr2020,,.132692,.103316,.1620681,,.2839446,.2168959,.3509934
02apr2020,,.1524297,.1230537,.1818058,,.3036823,.2366336,.3707311
03apr2020,,.1204981,.0894692,.1515271,,.2909769,.2239282,.3580257
04apr2020,,.0996324,.0686034,.1306613,,.2701112,.2030624,.33716
05apr2020,,.0618659,.030837,.0928948,,.2323447,.165296,.2993935
06apr2020,,.0880749,.057046,.1191039,,.2585537,.191505,.3256025
09mar2020,,.2399874,.1729387,.3070362,,.2399874,.1729387,.3070362
10mar2020,,.2512577,.1842089,.3183064,,.2512577,.1842089,.3183064
11mar2020,,.2653784,.1983296,.3324271,,.2653784,.1983296,.3324271
12mar2020,,.2325448,.1727481,.2923415,,.285116,.2180673,.3521648
13mar2020,,.2198394,.1600427,.2796361,,.2724106,.2053619,.3394594
14mar2020,,.2736086,.2294593,.3177579,,.2515449,.1844961,.3185937
15mar2020,,.2095565,.1758951,.243218,,.2137784,.1467296,.2808272
16mar2020,,.2165393,.1843811,.2486976,,.2399874,.1729387,.3070362
17mar2020,,.2278096,.1956514,.2599678,,.2512577,.1842089,.3183064
18mar2020,,.2419302,.209772,.2740884,,.2653784,.1983296,.3324271
19mar2020,,.2729482,.2345451,.3113513,,.285116,.2180673,.3521648
20mar2020,,.2602428,.2218397,.2986459,,.2724106,.2053619,.3394594
21mar2020,,.2393771,.2009739,.2777802,,.2515449,.1844961,.3185937
22mar2020,,.2016106,.1632075,.2400137,,.2137784,.1467296,.2808272
23mar2020,,.2278196,.1894165,.2662227,,.2399874,.1729387,.3070362
24mar2020,,.2390898,.2006867,.277493,,.2512577,.1842089,.3183064
25mar2020,,.2532105,.2148074,.2916136,,.2653784,.1983296,.3324271
26mar2020,,.2688796,.2325261,.3052331,,.285116,.2180673,.3521648
27mar2020,,.2561742,.2198207,.2925277,,.2724106,.2053619,.3394594
28mar2020,,.2353084,.1989549,.2716619,,.2515449,.1844961,.3185937
29mar2020,,.1934733,.1554946,.2314521,,.2137784,.1467296,.2808272
30mar2020,,.2196824,.1817036,.2576611,,.2399874,.1729387,.3070362
31mar2020,,.2309526,.1929739,.2689313,,.2512577,.1842089,.3183064
01apr2020,,.2450733,.2070945,.283052,,.2653784,.1983296,.3324271
02apr2020,,.1952435,.1470651,.2434218,,.285116,.2180673,.3521648
03apr2020,,.1825381,.1343597,.2307164,,.2724106,.2053619,.3394594
04apr2020,,.1616724,.113494,.2098507,,.2515449,.1844961,.3185937
05apr2020,,.1239059,.0757275,.1720842,,.2137784,.1467296,.2808272
06apr2020,,.1501149,.1019365,.1982933,,.2399874,.1729387,.3070362
15mar2020,,.1852986,.1516372,.21896,,.1895205,.1224717,.2565693
16mar2020,,.2490736,.215927,.2822201,,.2157295,.1486808,.2827783
17mar2020,,.2603438,.2271973,.2934903,,.2269998,.159951,.2940485
18mar2020,,.2715716,.2391508,.3039924,,.2411204,.1740717,.3081692
19mar2020,,.3781885,.3243622,.4320148,,.3477374,.2559562,.4395185
20mar2020,,.2786039,.2461831,.3110247,,.2481527,.181104,.3152015
21mar2020,,.2577381,.2253173,.290159,,.227287,.1602382,.2943358
22mar2020,,.2199717,.1875508,.2523925,,.1895205,.1224717,.2565693
23mar2020,,.2461807,.2137599,.2786015,,.2157295,.1486808,.2827783
24mar2020,,.2038241,.1529123,.2547358,,.2269998,.159951,.2940485
25mar2020,,.2179447,.1670329,.2688565,,.2411204,.1740717,.3081692
26mar2020,,.2376824,.1867706,.2885942,,.2608581,.1938094,.3279069
27mar2020,,.1835655,.1481517,.2189793,,.2481527,.181104,.3152015
28mar2020,,.1626998,.127286,.1981136,,.227287,.1602382,.2943358
29mar2020,,.1249333,.0895195,.1603471,,.1895205,.1224717,.2565693
30mar2020,,.1172032,.0870838,.1473226,,.2157295,.1486808,.2827783
31mar2020,,.1284735,.0983541,.1585929,,.2269998,.159951,.2940485
01apr2020,,.1366478,.1067527,.1665428,,.2411204,.1740717,.3081692
02apr2020,,.1563855,.1264904,.1862805,,.2608581,.1938094,.3279069
03apr2020,,.1436801,.113785,.1735751,,.2481527,.181104,.3152015
04apr2020,,.1228143,.0929193,.1527094,,.227287,.1602382,.2943358
05apr2020,,.0850479,.0551528,.1149429,,.1895205,.1224717,.2565693
06apr2020,,.1112569,.0813618,.1411519,,.2157295,.1486808,.2827783
18mar2020,,.2733113,.2279669,.3186556,,.2795643,.2125155,.346613
19mar2020,,.2930489,.2477046,.3383933,,.299302,.2322532,.3663507
20mar2020,,.2803435,.2349992,.3256879,,.2865965,.2195478,.3536453
21mar2020,,.2312179,.1828007,.2796351,,.2657308,.198682,.3327796
22mar2020,,.1934514,.1450343,.2418686,,.2279643,.1609156,.2950131
23mar2020,,.2196605,.1712433,.2680777,,.2541734,.1871246,.3212221
24mar2020,,.2309307,.1825135,.2793479,,.2654436,.1983948,.3324924
25mar2020,,.1754839,.1280252,.2229426,,.2795643,.2125155,.346613
26mar2020,,.1952216,.1477629,.2426803,,.299302,.2322532,.3663507
27mar2020,,.1825162,.1350575,.2299749,,.2865965,.2195478,.3536453
28mar2020,,.1616505,.1141917,.2091092,,.2657308,.198682,.3327796
29mar2020,,.123884,.0764252,.1713427,,.2279643,.1609156,.2950131
30mar2020,,.150093,.1026343,.1975518,,.2541734,.1871246,.3212221
31mar2020,,.1613632,.1139045,.208822,,.2654436,.1983948,.3324924
01apr2020,,.1673467,.1263982,.2082952,,.2795643,.2125155,.346613
02apr2020,,.1870844,.1461359,.2280329,,.299302,.2322532,.3663507
03apr2020,,.174379,.1334305,.2153275,,.2865965,.2195478,.3536453
04apr2020,,.1535132,.1125647,.1944617,,.2657308,.198682,.3327796
05apr2020,,.1157467,.0747982,.1566952,,.2279643,.1609156,.2950131
06apr2020,,.1419558,.1010073,.1829043,,.2541734,.1871246,.3212221
15mar2020,,.2378069,.1908989,.2847149,,.2594088,.19236,.3264576
16mar2020,,.3015818,.2647736,.3383901,,.2856178,.2185691,.3526666
17mar2020,,.3128521,.2760438,.3496603,,.2968881,.2298393,.3639368
18mar2020,,.3006871,.2589242,.3424501,,.3110087,.24396,.3780575
19mar2020,,.2621635,.222795,.3015321,,.3307464,.2636977,.3977952
20mar2020,,.2494582,.2100896,.2888267,,.318041,.2509923,.3850898
21mar2020,,.2285924,.1892239,.2679609,,.2971753,.2301265,.364224
22mar2020,,.1908259,.1514574,.2301945,,.2594088,.19236,.3264576
23mar2020,,.1887751,.1566664,.2208839,,.2856178,.2185691,.3526666
24mar2020,,.1959767,.1638399,.2281135,,.2968881,.2298393,.3639368
27mar2020,,.2171297,.1849929,.2492665,,.318041,.2509923,.3850898
28mar2020,,.1962639,.1641271,.2284008,,.2971753,.2301265,.364224
29mar2020,,.1584975,.1263606,.1906343,,.2594088,.19236,.3264576
30mar2020,,.115139,.0841101,.146168,,.2856178,.2185691,.3526666
31mar2020,,.1264092,.0953803,.1574382,,.2968881,.2298393,.3639368
01apr2020,,.1405299,.109501,.1715588,,.3110087,.24396,.3780575
02apr2020,,.1602676,.1292387,.1912965,,.3307464,.2636977,.3977952
03apr2020,,.1475622,.1165333,.1785911,,.318041,.2509923,.3850898
04apr2020,,.1266965,.0956675,.1577254,,.2971753,.2301265,.364224
05apr2020,,.08893,.057901,.1199589,,.2594088,.19236,.3264576
06apr2020,,.115139,.0841101,.146168,,.2856178,.2185691,.3526666
04mar2020,,.2469301,.1808266,.3130336,,.2723341,.2052854,.3393829
05mar2020,,.2666678,.2005643,.3327713,,.2920718,.225023,.3591206
06mar2020,,.2539624,.1878589,.3200659,,.2793664,.2123177,.3464152
07mar2020,,.2330967,.1669931,.2992002,,.2585007,.1914519,.3255495
08mar2020,,.1953302,.1292267,.2614337,,.2207342,.1536854,.287783
09mar2020,,.2215392,.1554357,.2876427,,.2469432,.1798945,.313992
10mar2020,,.2328094,.1667059,.2989129,,.2582135,.1911647,.3252622
11mar2020,,.2287859,.1677823,.2897894,,.2723341,.2052854,.3393829
12mar2020,,.1995905,.1376522,.2615287,,.2920718,.225023,.3591206
13mar2020,,.1878358,.1258584,.2498133,,.2793664,.2123177,.3464152
14mar2020,,.2416051,.2047095,.2785006,,.2585007,.1914519,.3255495
15mar2020,,.1901635,.1575238,.2228032,,.2207342,.1536854,.287783
16mar2020,,.1977211,.1679044,.2275377,,.2469432,.1798945,.313992
17mar2020,,.1914031,.1646788,.2181273,,.2582135,.1911647,.3252622
18mar2020,,.2055238,.1787995,.232248,,.2723341,.2052854,.3393829
19mar2020,,.2252614,.1985372,.2519857,,.2920718,.225023,.3591206
20mar2020,,.2125561,.1858318,.2392803,,.2793664,.2123177,.3464152
21mar2020,,.1916903,.1649661,.2184146,,.2585007,.1914519,.3255495
22mar2020,,.1430687,.1174458,.1686916,,.2207342,.1536854,.287783
23mar2020,,.1265469,.1002316,.1528622,,.2469432,.1798945,.313992
24mar2020,,.1378171,.1115018,.1641324,,.2582135,.1911647,.3252622
25mar2020,,.1519378,.1256225,.1782531,,.2723341,.2052854,.3393829
26mar2020,,.1716754,.1453601,.1979907,,.2920718,.225023,.3591206
27mar2020,,.1589701,.1326548,.1852854,,.2793664,.2123177,.3464152
28mar2020,,.1241908,.098815,.1495666,,.2585007,.1914519,.3255495
29mar2020,,.0864243,.0610485,.1118001,,.2207342,.1536854,.287783
30mar2020,,.0987199,.0731631,.1242767,,.2469432,.1798945,.313992
31mar2020,,.0960766,.069241,.1229122,,.2582135,.1911647,.3252622
01apr2020,,.1101973,.0833617,.1370329,,.2723341,.2052854,.3393829
02apr2020,,.129935,.1030994,.1567706,,.2920718,.225023,.3591206
03apr2020,,.0980034,.0709882,.1250186,,.2793664,.2123177,.3464152
04apr2020,,.0771376,.0501224,.1041528,,.2585007,.1914519,.3255495
05apr2020,,.0393711,.0123559,.0663863,,.2207342,.1536854,.287783
06apr2020,,.0655802,.038565,.0925954,,.2469432,.1798945,.313992
22mar2020,,.2409952,.213791,.2681995,,.3020718,.235023,.3691206
23mar2020,,.2672043,.24,.2944085,,.3282808,.2612321,.3953296
24mar2020,,.2323868,.1985656,.266208,,.3395511,.2725023,.4065998
25mar2020,,.2319422,.1974016,.2664827,,.3536717,.286623,.4207205
26mar2020,,.2516799,.2171393,.2862204,,.3734094,.3063607,.4404582
27mar2020,,.2389745,.2044339,.273515,,.360704,.2936552,.4277528
28mar2020,,.2181087,.1835681,.2526493,,.3398383,.2727895,.4068871
29mar2020,,.1803422,.1458017,.2148828,,.3020718,.235023,.3691206
30mar2020,,.2024827,.1653518,.2396135,,.3282808,.2612321,.3953296
31mar2020,,.1991876,.1584797,.2398954,,.3395511,.2725023,.4065998
01apr2020,,.2133082,.1726004,.2540161,,.3536717,.286623,.4207205
02apr2020,,.2330459,.192338,.2737538,,.3734094,.3063607,.4404582
03apr2020,,.1902252,.1591963,.2212541,,.360704,.2936552,.4277528
04apr2020,,.1693595,.1383305,.2003884,,.3398383,.2727895,.4068871
05apr2020,,.131593,.100564,.1626219,,.3020718,.235023,.3691206
06apr2020,,.157802,.1267731,.188831,,.3282808,.2612321,.3953296
14mar2020,,.3062864,.2528457,.359727,,.3431736,.2761248,.4102224
15mar2020,,.2422343,.1980485,.28642,,.3054071,.2383583,.3724559
16mar2020,,.2773804,.2323407,.3224201,,.3316161,.2645674,.3986649
17mar2020,,.2707764,.2247961,.3167566,,.3428864,.2758376,.4099351
18mar2020,,.322463,.2898599,.3550661,,.357007,.2899583,.4240558
19mar2020,,.31307,.281127,.3450131,,.3767447,.309696,.4437935
20mar2020,,.3003646,.2684216,.3323077,,.3640393,.2969906,.4310881
21mar2020,,.2794989,.2475559,.3114419,,.3431736,.2761248,.4102224
22mar2020,,.2417324,.2097894,.2736754,,.3054071,.2383583,.3724559
23mar2020,,.2679414,.2359984,.2998845,,.3316161,.2645674,.3986649
24mar2020,,.2792117,.2472686,.3111547,,.3428864,.2758376,.4099351
25mar2020,,.145828,.1138983,.1777577,,.357007,.2899583,.4240558
26mar2020,,.1655657,.133636,.1974954,,.3767447,.309696,.4437935
27mar2020,,.1528603,.1209306,.18479,,.3640393,.2969906,.4310881
28mar2020,,.1319946,.1000649,.1639242,,.3431736,.2761248,.4102224
29mar2020,,.0942281,.0622984,.1261578,,.3054071,.2383583,.3724559
30mar2020,,.1204371,.0885075,.1523668,,.3316161,.2645674,.3986649
31mar2020,,.1317074,.0997777,.163637,,.3428864,.2758376,.4099351
01apr2020,,.145828,.1138983,.1777577,,.357007,.2899583,.4240558
02apr2020,,.1655657,.133636,.1974954,,.3767447,.309696,.4437935
03apr2020,,.1528603,.1209306,.18479,,.3640393,.2969906,.4310881
04apr2020,,.1319946,.1000649,.1639242,,.3431736,.2761248,.4102224
05apr2020,,.0942281,.0622984,.1261578,,.3054071,.2383583,.3724559
06apr2020,,.1204371,.0885075,.1523668,,.3316161,.2645674,.3986649
17mar2020,,.2626369,.2147447,.310529,,.3681881,.3011394,.4352369
18mar2020,,.2767575,.2288654,.3246496,,.3823088,.3152601,.4493576
19mar2020,,.2391047,.1866853,.2915241,,.4020465,.3349977,.4690953
20mar2020,,.2001137,.1481749,.2520525,,.3893411,.3222923,.4563899
21mar2020,,.179248,.1273091,.2311868,,.3684754,.3014266,.4355241
22mar2020,,.1414815,.0895427,.1934203,,.3307089,.2636601,.3977576
23mar2020,,.1676905,.1157517,.2196294,,.3569179,.2898692,.4239667
24mar2020,,.1507009,.0924035,.2089983,,.3681881,.3011394,.4352369
25mar2020,,.1219006,.0656648,.1781364,,.3823088,.3152601,.4493576
26mar2020,,.1416383,.0854025,.1978741,,.4020465,.3349977,.4690953
27mar2020,,.1289329,.0726971,.1851687,,.3893411,.3222923,.4563899
28mar2020,,.1074461,.0512995,.1635926,,.3684754,.3014266,.4355241
29mar2020,,.0696796,.0135331,.1258261,,.3307089,.2636601,.3977576
30mar2020,,.0958886,.0397421,.1520351,,.3569179,.2898692,.4239667
31mar2020,,.1071588,.0510123,.1633054,,.3681881,.3011394,.4352369
01apr2020,,.1212795,.065133,.177426,,.3823088,.3152601,.4493576
02apr2020,,.1410172,.0848707,.1971637,,.4020465,.3349977,.4690953
03apr2020,,.1283118,.0721653,.1844583,,.3893411,.3222923,.4563899
04apr2020,,.1074461,.0512995,.1635926,,.3684754,.3014266,.4355241
05apr2020,,.0696796,.0135331,.1258261,,.3307089,.2636601,.3977576
06apr2020,,.0958886,.0397421,.1520351,,.3569179,.2898692,.4239667
