y_counter,adm0
.3275161,"CHN"
.3275161,"CHN"
.3275161,"CHN"
.3275161,"CHN"
.3275161,"CHN"
.3275161,"CHN"
.2885429,"CHN"
.3275161,"CHN"
.3275161,"CHN"
.3275161,"CHN"
.3275161,"CHN"
.3275161,"CHN"
.3275161,"CHN"
.3255625,"CHN"
.3275161,"CHN"
.3275161,"CHN"
.3275161,"CHN"
.3275161,"CHN"
.3275161,"CHN"
.3275161,"CHN"
.3225123,"CHN"
.3275161,"CHN"
.3275161,"CHN"
.3275161,"CHN"
.3275161,"CHN"
.3275161,"CHN"
.3275161,"CHN"
.3275161,"CHN"
.3275161,"CHN"
.3275161,"CHN"
.3275161,"CHN"
.3275161,"CHN"
.3275161,"CHN"
.3549304,"CHN"
.3549304,"CHN"
.3549304,"CHN"
.3549304,"CHN"
.3549304,"CHN"
.3159572,"CHN"
.3549304,"CHN"
.3549304,"CHN"
.3549304,"CHN"
.3549304,"CHN"
.3549304,"CHN"
.3549304,"CHN"
.3529768,"CHN"
.3549304,"CHN"
.3549304,"CHN"
.3549304,"CHN"
.3549304,"CHN"
.3549304,"CHN"
.3549304,"CHN"
.3499266,"CHN"
.3549304,"CHN"
.3549304,"CHN"
.3549304,"CHN"
.3549304,"CHN"
.3549304,"CHN"
.3549304,"CHN"
.3549304,"CHN"
.3549304,"CHN"
.3549304,"CHN"
.3549304,"CHN"
.3549304,"CHN"
.3549304,"CHN"
.3358576,"CHN"
.3358576,"CHN"
.3358576,"CHN"
.3358576,"CHN"
.3358576,"CHN"
.3358576,"CHN"
.2968844,"CHN"
.3358576,"CHN"
.3358576,"CHN"
.3358576,"CHN"
.3358576,"CHN"
.3358576,"CHN"
.3358576,"CHN"
.333904,"CHN"
.3358576,"CHN"
.3358576,"CHN"
.3358576,"CHN"
.3358576,"CHN"
.3358576,"CHN"
.3358576,"CHN"
.3308538,"CHN"
.3358576,"CHN"
.3358576,"CHN"
.3358576,"CHN"
.3358576,"CHN"
.3358576,"CHN"
.3358576,"CHN"
.3358576,"CHN"
.3358576,"CHN"
.3358576,"CHN"
.3358576,"CHN"
.3358576,"CHN"
.3358576,"CHN"
.3358576,"CHN"
.3169883,"CHN"
.2780151,"CHN"
.3169883,"CHN"
.3169883,"CHN"
.3169883,"CHN"
.3169883,"CHN"
.3169883,"CHN"
.3169883,"CHN"
.3150347,"CHN"
.3169883,"CHN"
.3169883,"CHN"
.3169883,"CHN"
.3169883,"CHN"
.3169883,"CHN"
.3169883,"CHN"
.3119845,"CHN"
.3169883,"CHN"
.3169883,"CHN"
.3169883,"CHN"
.3169883,"CHN"
.3169883,"CHN"
.3169883,"CHN"
.3169883,"CHN"
.3169883,"CHN"
.3169883,"CHN"
.3169883,"CHN"
.3169883,"CHN"
.3169883,"CHN"
.3169883,"CHN"
.3087996,"CHN"
.2698264,"CHN"
.3087996,"CHN"
.3087996,"CHN"
.3087996,"CHN"
.3087996,"CHN"
.3087996,"CHN"
.3087996,"CHN"
.306846,"CHN"
.3087996,"CHN"
.3087996,"CHN"
.3087996,"CHN"
.3087996,"CHN"
.3087996,"CHN"
.3087996,"CHN"
.3037958,"CHN"
.3087996,"CHN"
.3087996,"CHN"
.3087996,"CHN"
.3087996,"CHN"
.3087996,"CHN"
.3087996,"CHN"
.3087996,"CHN"
.3087996,"CHN"
.3087996,"CHN"
.3087996,"CHN"
.3087996,"CHN"
.3087996,"CHN"
.390145,"CHN"
.3248662,"CHN"
.3248662,"CHN"
.3248662,"CHN"
.3248662,"CHN"
.3248662,"CHN"
.3248662,"CHN"
.3248662,"CHN"
.3248662,"CHN"
.2858929,"CHN"
.3248662,"CHN"
.3248662,"CHN"
.3248662,"CHN"
.3248662,"CHN"
.3248662,"CHN"
.3248662,"CHN"
.3229126,"CHN"
.3248662,"CHN"
.3248662,"CHN"
.3248662,"CHN"
.3248662,"CHN"
.3248662,"CHN"
.3248662,"CHN"
.3198623,"CHN"
.3248662,"CHN"
.3248662,"CHN"
.3248662,"CHN"
.3248662,"CHN"
.3248662,"CHN"
.3248662,"CHN"
.3248662,"CHN"
.3248662,"CHN"
.3248662,"CHN"
.3248662,"CHN"
.3248662,"CHN"
.3248662,"CHN"
.3193687,"CHN"
.3846475,"CHN"
.3193687,"CHN"
.3193687,"CHN"
.3193687,"CHN"
.3193687,"CHN"
.3193687,"CHN"
.3193687,"CHN"
.3193687,"CHN"
.3193687,"CHN"
.2803954,"CHN"
.3193687,"CHN"
.3193687,"CHN"
.3193687,"CHN"
.3193687,"CHN"
.3193687,"CHN"
.3193687,"CHN"
.3174151,"CHN"
.3193687,"CHN"
.3193687,"CHN"
.3193687,"CHN"
.3193687,"CHN"
.3193687,"CHN"
.3193687,"CHN"
.3143648,"CHN"
.3193687,"CHN"
.3193687,"CHN"
.3193687,"CHN"
.3193687,"CHN"
.3193687,"CHN"
.3193687,"CHN"
.3193687,"CHN"
.3193687,"CHN"
.3193687,"CHN"
.3193687,"CHN"
.3193687,"CHN"
.3135079,"CHN"
.3284042,"CHN"
.2894309,"CHN"
.3284042,"CHN"
.3284042,"CHN"
.3284042,"CHN"
.3284042,"CHN"
.3284042,"CHN"
.3284042,"CHN"
.3264506,"CHN"
.3284042,"CHN"
.3284042,"CHN"
.3284042,"CHN"
.3284042,"CHN"
.3284042,"CHN"
.3284042,"CHN"
.3234003,"CHN"
.3284042,"CHN"
.3284042,"CHN"
.3284042,"CHN"
.3284042,"CHN"
.3284042,"CHN"
.3284042,"CHN"
.3284042,"CHN"
.3284042,"CHN"
.3284042,"CHN"
.3284042,"CHN"
.3284042,"CHN"
.3284042,"CHN"
.3284042,"CHN"
.3054571,"CHN"
.3444303,"CHN"
.3444303,"CHN"
.3444303,"CHN"
.3444303,"CHN"
.3444303,"CHN"
.3444303,"CHN"
.3444303,"CHN"
.3444303,"CHN"
.3444303,"CHN"
.3444303,"CHN"
.3394265,"CHN"
.3444303,"CHN"
.3444303,"CHN"
.3444303,"CHN"
.3444303,"CHN"
.3444303,"CHN"
.3444303,"CHN"
.3444303,"CHN"
.3444303,"CHN"
.3444303,"CHN"
.3444303,"CHN"
.3444303,"CHN"
.3444303,"CHN"
.3444303,"CHN"
.3385695,"CHN"
.3447619,"CHN"
.3447619,"CHN"
.3447619,"CHN"
.3447619,"CHN"
.3057887,"CHN"
.3447619,"CHN"
.3447619,"CHN"
.3447619,"CHN"
.3447619,"CHN"
.3447619,"CHN"
.3447619,"CHN"
.3428083,"CHN"
.3447619,"CHN"
.3447619,"CHN"
.3447619,"CHN"
.3447619,"CHN"
.3447619,"CHN"
.3447619,"CHN"
.3397581,"CHN"
.3447619,"CHN"
.3447619,"CHN"
.3447619,"CHN"
.3447619,"CHN"
.3447619,"CHN"
.3447619,"CHN"
.3447619,"CHN"
.3447619,"CHN"
.3447619,"CHN"
.3447619,"CHN"
.3447619,"CHN"
.3200534,"CHN"
.3200534,"CHN"
.3200534,"CHN"
.3200534,"CHN"
.3200534,"CHN"
.3200534,"CHN"
.3200534,"CHN"
.3200534,"CHN"
.3200534,"CHN"
.3200534,"CHN"
.3180998,"CHN"
.3200534,"CHN"
.3200534,"CHN"
.3200534,"CHN"
.3200534,"CHN"
.3200534,"CHN"
.3200534,"CHN"
.3150495,"CHN"
.3200534,"CHN"
.3200534,"CHN"
.3200534,"CHN"
.3200534,"CHN"
.3200534,"CHN"
.3200534,"CHN"
.3200534,"CHN"
.3200534,"CHN"
.3200534,"CHN"
.3200534,"CHN"
.3200534,"CHN"
.3200534,"CHN"
.3200534,"CHN"
.3141926,"CHN"
.3290139,"CHN"
.3290139,"CHN"
.3290139,"CHN"
.3290139,"CHN"
.3290139,"CHN"
.2900406,"CHN"
.3290139,"CHN"
.3290139,"CHN"
.3290139,"CHN"
.3290139,"CHN"
.3290139,"CHN"
.3290139,"CHN"
.3270603,"CHN"
.3290139,"CHN"
.3290139,"CHN"
.3290139,"CHN"
.3290139,"CHN"
.3290139,"CHN"
.3290139,"CHN"
.32401,"CHN"
.3290139,"CHN"
.3290139,"CHN"
.3290139,"CHN"
.3290139,"CHN"
.3290139,"CHN"
.3290139,"CHN"
.3290139,"CHN"
.3290139,"CHN"
.3290139,"CHN"
.3290139,"CHN"
.3290139,"CHN"
.3290139,"CHN"
.3068789,"CHN"
.3068789,"CHN"
.3068789,"CHN"
.3068789,"CHN"
.3068789,"CHN"
.3068789,"CHN"
.2679057,"CHN"
.3068789,"CHN"
.3068789,"CHN"
.3068789,"CHN"
.3068789,"CHN"
.3068789,"CHN"
.3068789,"CHN"
.3049253,"CHN"
.3068789,"CHN"
.3068789,"CHN"
.3068789,"CHN"
.3068789,"CHN"
.3068789,"CHN"
.3068789,"CHN"
.3018751,"CHN"
.3068789,"CHN"
.3068789,"CHN"
.3068789,"CHN"
.3068789,"CHN"
.3068789,"CHN"
.3068789,"CHN"
.3068789,"CHN"
.3068789,"CHN"
.3197488,"CHN"
.3197488,"CHN"
.3197488,"CHN"
.3197488,"CHN"
.3197488,"CHN"
.3197488,"CHN"
.2807755,"CHN"
.3197488,"CHN"
.3197488,"CHN"
.3197488,"CHN"
.3197488,"CHN"
.3197488,"CHN"
.3197488,"CHN"
.3177952,"CHN"
.3197488,"CHN"
.3197488,"CHN"
.3197488,"CHN"
.3197488,"CHN"
.3197488,"CHN"
.3197488,"CHN"
.3147449,"CHN"
.3197488,"CHN"
.3197488,"CHN"
.3197488,"CHN"
.3197488,"CHN"
.3197488,"CHN"
.3197488,"CHN"
.3197488,"CHN"
.3197488,"CHN"
.3197488,"CHN"
.3197488,"CHN"
.3197488,"CHN"
.313888,"CHN"
.3248821,"CHN"
.3248821,"CHN"
.3248821,"CHN"
.3248821,"CHN"
.3248821,"CHN"
.3248821,"CHN"
.3248821,"CHN"
.3248821,"CHN"
.2859089,"CHN"
.3248821,"CHN"
.3248821,"CHN"
.3248821,"CHN"
.3248821,"CHN"
.3248821,"CHN"
.3248821,"CHN"
.3229286,"CHN"
.3248821,"CHN"
.3248821,"CHN"
.3248821,"CHN"
.3248821,"CHN"
.3248821,"CHN"
.3248821,"CHN"
.3198783,"CHN"
.3248821,"CHN"
.3248821,"CHN"
.3248821,"CHN"
.3248821,"CHN"
.3248821,"CHN"
.3248821,"CHN"
.3248821,"CHN"
.3248821,"CHN"
.3248821,"CHN"
.3248821,"CHN"
.3248821,"CHN"
.3248821,"CHN"
.290078,"CHN"
.290078,"CHN"
.290078,"CHN"
.3553568,"CHN"
.290078,"CHN"
.290078,"CHN"
.290078,"CHN"
.290078,"CHN"
.290078,"CHN"
.290078,"CHN"
.290078,"CHN"
.290078,"CHN"
.2511048,"CHN"
.290078,"CHN"
.290078,"CHN"
.290078,"CHN"
.290078,"CHN"
.290078,"CHN"
.290078,"CHN"
.2881244,"CHN"
.290078,"CHN"
.290078,"CHN"
.290078,"CHN"
.290078,"CHN"
.290078,"CHN"
.290078,"CHN"
.2850741,"CHN"
.290078,"CHN"
.290078,"CHN"
.290078,"CHN"
.290078,"CHN"
.290078,"CHN"
.290078,"CHN"
.290078,"CHN"
.290078,"CHN"
.290078,"CHN"
.290078,"CHN"
.290078,"CHN"
.290078,"CHN"
.290078,"CHN"
.2842172,"CHN"
.2856379,"CHN"
.3509168,"CHN"
.2856379,"CHN"
.2856379,"CHN"
.2856379,"CHN"
.2856379,"CHN"
.2856379,"CHN"
.2856379,"CHN"
.2856379,"CHN"
.2466647,"CHN"
.2856379,"CHN"
.2856379,"CHN"
.2856379,"CHN"
.2856379,"CHN"
.2856379,"CHN"
.2856379,"CHN"
.2836843,"CHN"
.2856379,"CHN"
.2856379,"CHN"
.2856379,"CHN"
.2856379,"CHN"
.2856379,"CHN"
.2856379,"CHN"
.280634,"CHN"
.2856379,"CHN"
.2856379,"CHN"
.2856379,"CHN"
.2856379,"CHN"
.2856379,"CHN"
.2856379,"CHN"
.2856379,"CHN"
.2856379,"CHN"
.2856379,"CHN"
.2856379,"CHN"
.2856379,"CHN"
.2856379,"CHN"
.2856379,"CHN"
.2743833,"CHN"
.2743833,"CHN"
.2743833,"CHN"
.2743833,"CHN"
.2743833,"CHN"
.2743833,"CHN"
.2743833,"CHN"
.2354101,"CHN"
.2743833,"CHN"
.2743833,"CHN"
.2743833,"CHN"
.2743833,"CHN"
.2743833,"CHN"
.2743833,"CHN"
.2724297,"CHN"
.2743833,"CHN"
.2743833,"CHN"
.2743833,"CHN"
.2743833,"CHN"
.2743833,"CHN"
.2743833,"CHN"
.2693794,"CHN"
.2743833,"CHN"
.2743833,"CHN"
.2743833,"CHN"
.2743833,"CHN"
.2743833,"CHN"
.2743833,"CHN"
.2743833,"CHN"
.2743833,"CHN"
.2743833,"CHN"
.2743833,"CHN"
.2743833,"CHN"
.2743833,"CHN"
.2743833,"CHN"
.2685225,"CHN"
.3198945,"CHN"
.3198945,"CHN"
.3198945,"CHN"
.3198945,"CHN"
.3198945,"CHN"
.3198945,"CHN"
.2809213,"CHN"
.3198945,"CHN"
.3198945,"CHN"
.3198945,"CHN"
.3198945,"CHN"
.3198945,"CHN"
.3198945,"CHN"
.3179409,"CHN"
.3198945,"CHN"
.3198945,"CHN"
.3198945,"CHN"
.3198945,"CHN"
.3198945,"CHN"
.3198945,"CHN"
.3148906,"CHN"
.3198945,"CHN"
.3198945,"CHN"
.3198945,"CHN"
.3198945,"CHN"
.3198945,"CHN"
.3198945,"CHN"
.3198945,"CHN"
.3198945,"CHN"
.3198945,"CHN"
.3198945,"CHN"
.3198945,"CHN"
.3198945,"CHN"
.3198945,"CHN"
.3140337,"CHN"
.284409,"CHN"
.3496878,"CHN"
.284409,"CHN"
.284409,"CHN"
.284409,"CHN"
.284409,"CHN"
.284409,"CHN"
.284409,"CHN"
.284409,"CHN"
.284409,"CHN"
.2454358,"CHN"
.284409,"CHN"
.284409,"CHN"
.284409,"CHN"
.284409,"CHN"
.284409,"CHN"
.284409,"CHN"
.2824554,"CHN"
.284409,"CHN"
.284409,"CHN"
.284409,"CHN"
.284409,"CHN"
.284409,"CHN"
.284409,"CHN"
.2794051,"CHN"
.284409,"CHN"
.284409,"CHN"
.284409,"CHN"
.284409,"CHN"
.284409,"CHN"
.284409,"CHN"
.284409,"CHN"
.284409,"CHN"
.284409,"CHN"
.284409,"CHN"
.284409,"CHN"
.284409,"CHN"
.284409,"CHN"
.2785482,"CHN"
.3032044,"CHN"
.3032044,"CHN"
.3684832,"CHN"
.3032044,"CHN"
.3032044,"CHN"
.3032044,"CHN"
.3032044,"CHN"
.3032044,"CHN"
.3032044,"CHN"
.2642311,"CHN"
.3032044,"CHN"
.3032044,"CHN"
.3032044,"CHN"
.3032044,"CHN"
.3032044,"CHN"
.3032044,"CHN"
.3012508,"CHN"
.3032044,"CHN"
.3032044,"CHN"
.3032044,"CHN"
.3032044,"CHN"
.3032044,"CHN"
.3032044,"CHN"
.2982005,"CHN"
.3032044,"CHN"
.3032044,"CHN"
.3032044,"CHN"
.3032044,"CHN"
.3032044,"CHN"
.3032044,"CHN"
.3032044,"CHN"
.3032044,"CHN"
.3032044,"CHN"
.3032044,"CHN"
.3032044,"CHN"
.3032044,"CHN"
.3032044,"CHN"
.2973436,"CHN"
.2924769,"CHN"
.2924769,"CHN"
.2924769,"CHN"
.2924769,"CHN"
.2924769,"CHN"
.2924769,"CHN"
.2924769,"CHN"
.2924769,"CHN"
.2535037,"CHN"
.2924769,"CHN"
.2924769,"CHN"
.2924769,"CHN"
.2924769,"CHN"
.2924769,"CHN"
.2924769,"CHN"
.2905233,"CHN"
.2924769,"CHN"
.2924769,"CHN"
.2924769,"CHN"
.2924769,"CHN"
.2924769,"CHN"
.2924769,"CHN"
.287473,"CHN"
.2924769,"CHN"
.2924769,"CHN"
.2924769,"CHN"
.2924769,"CHN"
.2924769,"CHN"
.2924769,"CHN"
.2924769,"CHN"
.2924769,"CHN"
.2924769,"CHN"
.2924769,"CHN"
.2924769,"CHN"
.3043845,"CHN"
.3043845,"CHN"
.3043845,"CHN"
.3043845,"CHN"
.3696634,"CHN"
.3043845,"CHN"
.3043845,"CHN"
.3043845,"CHN"
.3043845,"CHN"
.3043845,"CHN"
.3043845,"CHN"
.3043845,"CHN"
.3043845,"CHN"
.2654113,"CHN"
.3043845,"CHN"
.3043845,"CHN"
.3043845,"CHN"
.3043845,"CHN"
.3043845,"CHN"
.3043845,"CHN"
.3024309,"CHN"
.3043845,"CHN"
.3043845,"CHN"
.3043845,"CHN"
.3043845,"CHN"
.3043845,"CHN"
.3043845,"CHN"
.2993806,"CHN"
.3043845,"CHN"
.3043845,"CHN"
.3043845,"CHN"
.3043845,"CHN"
.3043845,"CHN"
.3043845,"CHN"
.3043845,"CHN"
.3043845,"CHN"
.3043845,"CHN"
.3043845,"CHN"
.3043845,"CHN"
.3043845,"CHN"
.3043845,"CHN"
.2985237,"CHN"
.3013801,"CHN"
.3013801,"CHN"
.3013801,"CHN"
.3013801,"CHN"
.3013801,"CHN"
.3013801,"CHN"
.3013801,"CHN"
.3013801,"CHN"
.3013801,"CHN"
.2624069,"CHN"
.3013801,"CHN"
.3013801,"CHN"
.3013801,"CHN"
.3013801,"CHN"
.3013801,"CHN"
.3013801,"CHN"
.2994265,"CHN"
.3013801,"CHN"
.3013801,"CHN"
.3013801,"CHN"
.3013801,"CHN"
.3013801,"CHN"
.3013801,"CHN"
.2963763,"CHN"
.3013801,"CHN"
.3013801,"CHN"
.3013801,"CHN"
.3013801,"CHN"
.3013801,"CHN"
.3013801,"CHN"
.3013801,"CHN"
.3013801,"CHN"
.3013801,"CHN"
.3013801,"CHN"
.3013801,"CHN"
.3013801,"CHN"
.3013801,"CHN"
.2955193,"CHN"
.2976711,"CHN"
.2586979,"CHN"
.2976711,"CHN"
.2976711,"CHN"
.2976711,"CHN"
.2976711,"CHN"
.2976711,"CHN"
.2976711,"CHN"
.2957176,"CHN"
.2976711,"CHN"
.2976711,"CHN"
.2976711,"CHN"
.2976711,"CHN"
.2976711,"CHN"
.2976711,"CHN"
.2926673,"CHN"
.2976711,"CHN"
.2976711,"CHN"
.2976711,"CHN"
.2976711,"CHN"
.2976711,"CHN"
.2976711,"CHN"
.2976711,"CHN"
.2976711,"CHN"
.2976711,"CHN"
.2976711,"CHN"
.2976711,"CHN"
.2976711,"CHN"
.2976711,"CHN"
.2918104,"CHN"
.2636832,"CHN"
.328962,"CHN"
.2636832,"CHN"
.2636832,"CHN"
.2636832,"CHN"
.2636832,"CHN"
.2636832,"CHN"
.2636832,"CHN"
.2636832,"CHN"
.2247099,"CHN"
.2636832,"CHN"
.2636832,"CHN"
.2636832,"CHN"
.2636832,"CHN"
.2636832,"CHN"
.2636832,"CHN"
.2617296,"CHN"
.2636832,"CHN"
.2636832,"CHN"
.2636832,"CHN"
.2636832,"CHN"
.2586793,"CHN"
.2636832,"CHN"
.2636832,"CHN"
.2636832,"CHN"
.2636832,"CHN"
.2636832,"CHN"
.2636832,"CHN"
.2636832,"CHN"
.2636832,"CHN"
.2636832,"CHN"
.2636832,"CHN"
.2636832,"CHN"
.2636832,"CHN"
.2636832,"CHN"
.2578224,"CHN"
.3126966,"CHN"
.3126966,"CHN"
.3126966,"CHN"
.3126966,"CHN"
.3126966,"CHN"
.3126966,"CHN"
.310743,"CHN"
.3126966,"CHN"
.3126966,"CHN"
.3126966,"CHN"
.3126966,"CHN"
.3126966,"CHN"
.3126966,"CHN"
.3076927,"CHN"
.3126966,"CHN"
.3126966,"CHN"
.3126966,"CHN"
.3126966,"CHN"
.3126966,"CHN"
.3126966,"CHN"
.3126966,"CHN"
.3126966,"CHN"
.3126966,"CHN"
.3126966,"CHN"
.3126966,"CHN"
.3126966,"CHN"
.3126966,"CHN"
.3068358,"CHN"
.2815286,"CHN"
.2815286,"CHN"
.2815286,"CHN"
.2815286,"CHN"
.2815286,"CHN"
.2815286,"CHN"
.2425554,"CHN"
.2815286,"CHN"
.2815286,"CHN"
.2815286,"CHN"
.2815286,"CHN"
.2815286,"CHN"
.2815286,"CHN"
.279575,"CHN"
.2815286,"CHN"
.2815286,"CHN"
.2815286,"CHN"
.2815286,"CHN"
.2815286,"CHN"
.2815286,"CHN"
.2765247,"CHN"
.2815286,"CHN"
.2815286,"CHN"
.2815286,"CHN"
.2815286,"CHN"
.2815286,"CHN"
.2815286,"CHN"
.2815286,"CHN"
.2815286,"CHN"
.2815286,"CHN"
.2815286,"CHN"
.2815286,"CHN"
.2815286,"CHN"
.2815286,"CHN"
.2756678,"CHN"
.2957778,"CHN"
.2957778,"CHN"
.2957778,"CHN"
.2957778,"CHN"
.2957778,"CHN"
.2957778,"CHN"
.2568046,"CHN"
.2957778,"CHN"
.2957778,"CHN"
.2957778,"CHN"
.2957778,"CHN"
.2957778,"CHN"
.2957778,"CHN"
.2938243,"CHN"
.2957778,"CHN"
.2957778,"CHN"
.2957778,"CHN"
.2957778,"CHN"
.2957778,"CHN"
.2957778,"CHN"
.290774,"CHN"
.2957778,"CHN"
.2957778,"CHN"
.2957778,"CHN"
.2957778,"CHN"
.2957778,"CHN"
.2957778,"CHN"
.2957778,"CHN"
.2957778,"CHN"
.2957778,"CHN"
.2957778,"CHN"
.2957778,"CHN"
.2957778,"CHN"
.2957778,"CHN"
.2899171,"CHN"
.3055628,"CHN"
.3055628,"CHN"
.3055628,"CHN"
.3055628,"CHN"
.3005589,"CHN"
.3055628,"CHN"
.3055628,"CHN"
.3055628,"CHN"
.3055628,"CHN"
.3055628,"CHN"
.3055628,"CHN"
.3055628,"CHN"
.3055628,"CHN"
.3055628,"CHN"
.3055628,"CHN"
.3055628,"CHN"
.3094487,"CHN"
.3094487,"CHN"
.3094487,"CHN"
.3094487,"CHN"
.3094487,"CHN"
.3094487,"CHN"
.3074951,"CHN"
.3094487,"CHN"
.3094487,"CHN"
.3094487,"CHN"
.3094487,"CHN"
.3094487,"CHN"
.3094487,"CHN"
.3044449,"CHN"
.3094487,"CHN"
.3094487,"CHN"
.3094487,"CHN"
.3094487,"CHN"
.3094487,"CHN"
.3094487,"CHN"
.3094487,"CHN"
.3094487,"CHN"
.3094487,"CHN"
.3094487,"CHN"
.3094487,"CHN"
.3094487,"CHN"
.3094487,"CHN"
.3035879,"CHN"
.2977728,"CHN"
.2977728,"CHN"
.2977728,"CHN"
.2977728,"CHN"
.2587995,"CHN"
.2977728,"CHN"
.2977728,"CHN"
.2977728,"CHN"
.2977728,"CHN"
.2977728,"CHN"
.2977728,"CHN"
.2977728,"CHN"
.2977728,"CHN"
.2977728,"CHN"
.2977728,"CHN"
.2977728,"CHN"
.2977728,"CHN"
.2977728,"CHN"
.2977728,"CHN"
.2977728,"CHN"
.2977728,"CHN"
.291912,"CHN"
.3634327,"CHN"
.2981538,"CHN"
.2981538,"CHN"
.2981538,"CHN"
.2981538,"CHN"
.2981538,"CHN"
.2591806,"CHN"
.2981538,"CHN"
.2981538,"CHN"
.2981538,"CHN"
.2981538,"CHN"
.2981538,"CHN"
.2981538,"CHN"
.2962003,"CHN"
.2981538,"CHN"
.2981538,"CHN"
.29315,"CHN"
.2981538,"CHN"
.2981538,"CHN"
.2981538,"CHN"
.2981538,"CHN"
.2981538,"CHN"
.2981538,"CHN"
.2981538,"CHN"
.2981538,"CHN"
.2981538,"CHN"
.2981538,"CHN"
.2981538,"CHN"
.2981538,"CHN"
.2981538,"CHN"
.2922931,"CHN"
.2838287,"CHN"
.2838287,"CHN"
.2838287,"CHN"
.2838287,"CHN"
.2838287,"CHN"
.2838287,"CHN"
.2448555,"CHN"
.2838287,"CHN"
.2838287,"CHN"
.2838287,"CHN"
.2838287,"CHN"
.2838287,"CHN"
.2838287,"CHN"
.2818751,"CHN"
.2838287,"CHN"
.2838287,"CHN"
.2838287,"CHN"
.2838287,"CHN"
.2838287,"CHN"
.2838287,"CHN"
.2788248,"CHN"
.2838287,"CHN"
.2838287,"CHN"
.2838287,"CHN"
.2838287,"CHN"
.2838287,"CHN"
.2838287,"CHN"
.2838287,"CHN"
.2838287,"CHN"
.2838287,"CHN"
.2838287,"CHN"
.2838287,"CHN"
.2838287,"CHN"
.2838287,"CHN"
.2779679,"CHN"
.3204666,"CHN"
.3204666,"CHN"
.3204666,"CHN"
.2814934,"CHN"
.3204666,"CHN"
.3204666,"CHN"
.3204666,"CHN"
.3204666,"CHN"
.3204666,"CHN"
.3204666,"CHN"
.318513,"CHN"
.3204666,"CHN"
.3204666,"CHN"
.3204666,"CHN"
.3204666,"CHN"
.3204666,"CHN"
.3204666,"CHN"
.3154627,"CHN"
.3204666,"CHN"
.3204666,"CHN"
.3204666,"CHN"
.3204666,"CHN"
.3204666,"CHN"
.3204666,"CHN"
.3204666,"CHN"
.3204666,"CHN"
.3204666,"CHN"
.3204666,"CHN"
.3204666,"CHN"
.3204666,"CHN"
.3204666,"CHN"
.3146058,"CHN"
.3140303,"CHN"
.3140303,"CHN"
.3140303,"CHN"
.3140303,"CHN"
.3140303,"CHN"
.3140303,"CHN"
.3140303,"CHN"
.3140303,"CHN"
.2750571,"CHN"
.3140303,"CHN"
.3140303,"CHN"
.3140303,"CHN"
.3140303,"CHN"
.3140303,"CHN"
.3140303,"CHN"
.3120767,"CHN"
.3140303,"CHN"
.3140303,"CHN"
.3140303,"CHN"
.3140303,"CHN"
.3090264,"CHN"
.3140303,"CHN"
.3140303,"CHN"
.3140303,"CHN"
.3140303,"CHN"
.3140303,"CHN"
.3140303,"CHN"
.3140303,"CHN"
.3140303,"CHN"
.3140303,"CHN"
.3140303,"CHN"
.3140303,"CHN"
.3140303,"CHN"
.3140303,"CHN"
.3081695,"CHN"
.2978058,"CHN"
.3630847,"CHN"
.2978058,"CHN"
.2978058,"CHN"
.2978058,"CHN"
.2978058,"CHN"
.2978058,"CHN"
.2978058,"CHN"
.2588326,"CHN"
.2978058,"CHN"
.2978058,"CHN"
.2978058,"CHN"
.2978058,"CHN"
.2978058,"CHN"
.2978058,"CHN"
.2958522,"CHN"
.2978058,"CHN"
.2978058,"CHN"
.2978058,"CHN"
.2978058,"CHN"
.2978058,"CHN"
.2978058,"CHN"
.292802,"CHN"
.2978058,"CHN"
.2978058,"CHN"
.2978058,"CHN"
.2978058,"CHN"
.2978058,"CHN"
.2978058,"CHN"
.2978058,"CHN"
.2978058,"CHN"
.2978058,"CHN"
.2978058,"CHN"
.2978058,"CHN"
.2978058,"CHN"
.2978058,"CHN"
.291945,"CHN"
.305344,"CHN"
.305344,"CHN"
.305344,"CHN"
.305344,"CHN"
.305344,"CHN"
.305344,"CHN"
.305344,"CHN"
.2663708,"CHN"
.305344,"CHN"
.305344,"CHN"
.305344,"CHN"
.305344,"CHN"
.305344,"CHN"
.305344,"CHN"
.3033904,"CHN"
.305344,"CHN"
.305344,"CHN"
.305344,"CHN"
.305344,"CHN"
.305344,"CHN"
.305344,"CHN"
.3003401,"CHN"
.305344,"CHN"
.305344,"CHN"
.305344,"CHN"
.305344,"CHN"
.305344,"CHN"
.305344,"CHN"
.305344,"CHN"
.305344,"CHN"
.305344,"CHN"
.305344,"CHN"
.305344,"CHN"
.2901242,"CHN"
.3554031,"CHN"
.2901242,"CHN"
.2901242,"CHN"
.2901242,"CHN"
.2901242,"CHN"
.2901242,"CHN"
.2901242,"CHN"
.2901242,"CHN"
.2901242,"CHN"
.251151,"CHN"
.2901242,"CHN"
.2901242,"CHN"
.2901242,"CHN"
.2901242,"CHN"
.2901242,"CHN"
.2901242,"CHN"
.2881706,"CHN"
.2901242,"CHN"
.2901242,"CHN"
.2901242,"CHN"
.2901242,"CHN"
.2901242,"CHN"
.2901242,"CHN"
.2851203,"CHN"
.2901242,"CHN"
.2901242,"CHN"
.2901242,"CHN"
.2901242,"CHN"
.2901242,"CHN"
.2901242,"CHN"
.2901242,"CHN"
.2901242,"CHN"
.2901242,"CHN"
.2901242,"CHN"
.2901242,"CHN"
.2901242,"CHN"
.2901242,"CHN"
.2842634,"CHN"
.2769294,"CHN"
.3422083,"CHN"
.2769294,"CHN"
.2769294,"CHN"
.2769294,"CHN"
.2769294,"CHN"
.2769294,"CHN"
.2769294,"CHN"
.2769294,"CHN"
.2769294,"CHN"
.2379562,"CHN"
.2769294,"CHN"
.2769294,"CHN"
.2769294,"CHN"
.2769294,"CHN"
.2769294,"CHN"
.2769294,"CHN"
.2749759,"CHN"
.2769294,"CHN"
.2769294,"CHN"
.2769294,"CHN"
.2769294,"CHN"
.2769294,"CHN"
.2769294,"CHN"
.2719256,"CHN"
.2769294,"CHN"
.2769294,"CHN"
.2769294,"CHN"
.2769294,"CHN"
.2769294,"CHN"
.2769294,"CHN"
.2769294,"CHN"
.2769294,"CHN"
.2769294,"CHN"
.2769294,"CHN"
.2769294,"CHN"
.2769294,"CHN"
.2769294,"CHN"
.3101768,"CHN"
.3101768,"CHN"
.3101768,"CHN"
.3101768,"CHN"
.3101768,"CHN"
.3101768,"CHN"
.3101768,"CHN"
.3101768,"CHN"
.2712036,"CHN"
.3101768,"CHN"
.3101768,"CHN"
.3101768,"CHN"
.3101768,"CHN"
.3101768,"CHN"
.3101768,"CHN"
.3082232,"CHN"
.3101768,"CHN"
.3101768,"CHN"
.3101768,"CHN"
.3101768,"CHN"
.3101768,"CHN"
.3101768,"CHN"
.3051729,"CHN"
.3101768,"CHN"
.3101768,"CHN"
.3101768,"CHN"
.3101768,"CHN"
.3101768,"CHN"
.3101768,"CHN"
.3101768,"CHN"
.3101768,"CHN"
.3101768,"CHN"
.3208559,"CHN"
.3208559,"CHN"
.3861348,"CHN"
.3208559,"CHN"
.3208559,"CHN"
.3208559,"CHN"
.3208559,"CHN"
.3208559,"CHN"
.3208559,"CHN"
.3208559,"CHN"
.3208559,"CHN"
.2818827,"CHN"
.3208559,"CHN"
.3208559,"CHN"
.3208559,"CHN"
.3208559,"CHN"
.3208559,"CHN"
.3208559,"CHN"
.3208559,"CHN"
.3208559,"CHN"
.3208559,"CHN"
.3208559,"CHN"
.3208559,"CHN"
.3208559,"CHN"
.3208559,"CHN"
.3208559,"CHN"
.3208559,"CHN"
.3208559,"CHN"
.3208559,"CHN"
.3208559,"CHN"
.3208559,"CHN"
.3149951,"CHN"
.4416422,"CHN"
.3763634,"CHN"
.3763634,"CHN"
.3763634,"CHN"
.3763634,"CHN"
.3763634,"CHN"
.3763634,"CHN"
.3763634,"CHN"
.3763634,"CHN"
.3373902,"CHN"
.3763634,"CHN"
.3763634,"CHN"
.3763634,"CHN"
.3763634,"CHN"
.3763634,"CHN"
.3763634,"CHN"
.3744098,"CHN"
.3763634,"CHN"
.3763634,"CHN"
.3763634,"CHN"
.3763634,"CHN"
.3763634,"CHN"
.3763634,"CHN"
.3763634,"CHN"
.3763634,"CHN"
.3763634,"CHN"
.3763634,"CHN"
.3763634,"CHN"
.3763634,"CHN"
.3763634,"CHN"
.3763634,"CHN"
.3763634,"CHN"
.3763634,"CHN"
.3763634,"CHN"
.3705026,"CHN"
.3503175,"CHN"
.3503175,"CHN"
.3503175,"CHN"
.3503175,"CHN"
.3503175,"CHN"
.3503175,"CHN"
.3503175,"CHN"
.3503175,"CHN"
.3503175,"CHN"
.3113442,"CHN"
.3503175,"CHN"
.3503175,"CHN"
.3503175,"CHN"
.3503175,"CHN"
.3503175,"CHN"
.3503175,"CHN"
.3483639,"CHN"
.3503175,"CHN"
.3503175,"CHN"
.3503175,"CHN"
.3503175,"CHN"
.3503175,"CHN"
.3503175,"CHN"
.3503175,"CHN"
.3503175,"CHN"
.3503175,"CHN"
.3503175,"CHN"
.3503175,"CHN"
.3503175,"CHN"
.3503175,"CHN"
.3503175,"CHN"
.3503175,"CHN"
.3503175,"CHN"
.3444567,"CHN"
.3473022,"CHN"
.4125811,"CHN"
.3473022,"CHN"
.3473022,"CHN"
.3473022,"CHN"
.3473022,"CHN"
.3473022,"CHN"
.3473022,"CHN"
.3473022,"CHN"
.3473022,"CHN"
.308329,"CHN"
.3473022,"CHN"
.3473022,"CHN"
.3473022,"CHN"
.3473022,"CHN"
.3473022,"CHN"
.3473022,"CHN"
.3453486,"CHN"
.3473022,"CHN"
.3473022,"CHN"
.3473022,"CHN"
.3473022,"CHN"
.3473022,"CHN"
.3473022,"CHN"
.3473022,"CHN"
.3473022,"CHN"
.3473022,"CHN"
.3473022,"CHN"
.3473022,"CHN"
.3473022,"CHN"
.3473022,"CHN"
.3473022,"CHN"
.3414414,"CHN"
.344988,"CHN"
.344988,"CHN"
.4102669,"CHN"
.344988,"CHN"
.344988,"CHN"
.344988,"CHN"
.344988,"CHN"
.344988,"CHN"
.344988,"CHN"
.344988,"CHN"
.344988,"CHN"
.3060148,"CHN"
.344988,"CHN"
.344988,"CHN"
.344988,"CHN"
.344988,"CHN"
.344988,"CHN"
.344988,"CHN"
.344988,"CHN"
.344988,"CHN"
.344988,"CHN"
.344988,"CHN"
.344988,"CHN"
.344988,"CHN"
.344988,"CHN"
.344988,"CHN"
.344988,"CHN"
.344988,"CHN"
.344988,"CHN"
.3391272,"CHN"
.3765878,"CHN"
.3765878,"CHN"
.4418667,"CHN"
.3765878,"CHN"
.3765878,"CHN"
.3765878,"CHN"
.3765878,"CHN"
.3765878,"CHN"
.3765878,"CHN"
.3376146,"CHN"
.3765878,"CHN"
.3765878,"CHN"
.3765878,"CHN"
.3765878,"CHN"
.3765878,"CHN"
.3765878,"CHN"
.3746342,"CHN"
.3765878,"CHN"
.3765878,"CHN"
.3765878,"CHN"
.3765878,"CHN"
.3765878,"CHN"
.3765878,"CHN"
.3765878,"CHN"
.3765878,"CHN"
.3765878,"CHN"
.3765878,"CHN"
.3765878,"CHN"
.3765878,"CHN"
.3765878,"CHN"
.3765878,"CHN"
.3765878,"CHN"
.3765878,"CHN"
.3765878,"CHN"
.370727,"CHN"
.3750544,"CHN"
.3750544,"CHN"
.3750544,"CHN"
.3750544,"CHN"
.3750544,"CHN"
.3750544,"CHN"
.3360811,"CHN"
.3750544,"CHN"
.3750544,"CHN"
.3750544,"CHN"
.3750544,"CHN"
.3750544,"CHN"
.3750544,"CHN"
.3731008,"CHN"
.3750544,"CHN"
.3750544,"CHN"
.3750544,"CHN"
.3750544,"CHN"
.3750544,"CHN"
.3750544,"CHN"
.3700505,"CHN"
.3750544,"CHN"
.3750544,"CHN"
.3750544,"CHN"
.3750544,"CHN"
.3750544,"CHN"
.3750544,"CHN"
.3750544,"CHN"
.3750544,"CHN"
.3750544,"CHN"
.3750544,"CHN"
.3750544,"CHN"
.3750544,"CHN"
.3750544,"CHN"
.3691936,"CHN"
.2886687,"CHN"
.2496955,"CHN"
.2886687,"CHN"
.2886687,"CHN"
.2886687,"CHN"
.2886687,"CHN"
.2886687,"CHN"
.2886687,"CHN"
.2867151,"CHN"
.2886687,"CHN"
.2886687,"CHN"
.2886687,"CHN"
.2886687,"CHN"
.2886687,"CHN"
.2886687,"CHN"
.2886687,"CHN"
.2886687,"CHN"
.2886687,"CHN"
.2886687,"CHN"
.3445802,"CHN"
.4098591,"CHN"
.3445802,"CHN"
.3445802,"CHN"
.3445802,"CHN"
.3445802,"CHN"
.3445802,"CHN"
.3445802,"CHN"
.3445802,"CHN"
.3445802,"CHN"
.305607,"CHN"
.3445802,"CHN"
.3445802,"CHN"
.3445802,"CHN"
.3445802,"CHN"
.3445802,"CHN"
.3445802,"CHN"
.3426266,"CHN"
.3445802,"CHN"
.3445802,"CHN"
.3445802,"CHN"
.3445802,"CHN"
.3445802,"CHN"
.3445802,"CHN"
.3395763,"CHN"
.3445802,"CHN"
.3445802,"CHN"
.3445802,"CHN"
.3445802,"CHN"
.3445802,"CHN"
.3445802,"CHN"
.3445802,"CHN"
.3445802,"CHN"
.3445802,"CHN"
.3445802,"CHN"
.3445802,"CHN"
.3445802,"CHN"
.3445802,"CHN"
.3387194,"CHN"
.3470554,"CHN"
.4123343,"CHN"
.3470554,"CHN"
.3470554,"CHN"
.3470554,"CHN"
.3470554,"CHN"
.3470554,"CHN"
.3470554,"CHN"
.3470554,"CHN"
.3470554,"CHN"
.3080822,"CHN"
.3470554,"CHN"
.3470554,"CHN"
.3470554,"CHN"
.3470554,"CHN"
.3470554,"CHN"
.3470554,"CHN"
.3451018,"CHN"
.3470554,"CHN"
.3470554,"CHN"
.3470554,"CHN"
.3470554,"CHN"
.3470554,"CHN"
.3470554,"CHN"
.3420515,"CHN"
.3470554,"CHN"
.3470554,"CHN"
.3470554,"CHN"
.3470554,"CHN"
.3470554,"CHN"
.3470554,"CHN"
.3470554,"CHN"
.3470554,"CHN"
.3470554,"CHN"
.3470554,"CHN"
.3470554,"CHN"
.3470554,"CHN"
.3470554,"CHN"
.3411946,"CHN"
.4233483,"CHN"
.3580695,"CHN"
.3580695,"CHN"
.3580695,"CHN"
.3580695,"CHN"
.3580695,"CHN"
.3580695,"CHN"
.3580695,"CHN"
.3580695,"CHN"
.3190963,"CHN"
.3580695,"CHN"
.3580695,"CHN"
.3580695,"CHN"
.3580695,"CHN"
.3580695,"CHN"
.3580695,"CHN"
.3561159,"CHN"
.3580695,"CHN"
.3580695,"CHN"
.3580695,"CHN"
.3580695,"CHN"
.3580695,"CHN"
.3580695,"CHN"
.3580695,"CHN"
.3580695,"CHN"
.3580695,"CHN"
.3580695,"CHN"
.3580695,"CHN"
.3580695,"CHN"
.3580695,"CHN"
.3580695,"CHN"
.3580695,"CHN"
.3580695,"CHN"
.3522087,"CHN"
.3421719,"CHN"
.8297229,"CHN"
.3421719,"CHN"
.3421719,"CHN"
.3421719,"CHN"
.3421719,"CHN"
.3421719,"CHN"
.3421719,"CHN"
.3421719,"CHN"
.3421719,"CHN"
.4074508,"CHN"
.3421719,"CHN"
.3421719,"CHN"
.3421719,"CHN"
.3421719,"CHN"
.3421719,"CHN"
.3421719,"CHN"
.3421719,"CHN"
.3421719,"CHN"
.3031987,"CHN"
.3421719,"CHN"
.3421719,"CHN"
.3421719,"CHN"
.3421719,"CHN"
.3421719,"CHN"
.3421719,"CHN"
.3421719,"CHN"
.3421719,"CHN"
.3421719,"CHN"
.3421719,"CHN"
.3421719,"CHN"
.3371681,"CHN"
.3421719,"CHN"
.3421719,"CHN"
.3421719,"CHN"
.3421719,"CHN"
.3421719,"CHN"
.3421719,"CHN"
.3421719,"CHN"
.3421719,"CHN"
.3421719,"CHN"
.3421719,"CHN"
.3421719,"CHN"
.3421719,"CHN"
.3421719,"CHN"
.3363111,"CHN"
.407713,"CHN"
.3424342,"CHN"
.3424342,"CHN"
.3424342,"CHN"
.3424342,"CHN"
.3424342,"CHN"
.3424342,"CHN"
.3424342,"CHN"
.3424342,"CHN"
.3034609,"CHN"
.3424342,"CHN"
.3424342,"CHN"
.3424342,"CHN"
.3424342,"CHN"
.3424342,"CHN"
.3424342,"CHN"
.3404806,"CHN"
.3424342,"CHN"
.3424342,"CHN"
.3424342,"CHN"
.3424342,"CHN"
.3424342,"CHN"
.3424342,"CHN"
.3374303,"CHN"
.3424342,"CHN"
.3424342,"CHN"
.3424342,"CHN"
.3424342,"CHN"
.3424342,"CHN"
.3424342,"CHN"
.3424342,"CHN"
.3424342,"CHN"
.3424342,"CHN"
.3424342,"CHN"
.3424342,"CHN"
.3424342,"CHN"
.3424342,"CHN"
.3365734,"CHN"
.3297195,"CHN"
.3949983,"CHN"
.3297195,"CHN"
.3297195,"CHN"
.3297195,"CHN"
.3297195,"CHN"
.3297195,"CHN"
.3297195,"CHN"
.3297195,"CHN"
.3297195,"CHN"
.2907462,"CHN"
.3297195,"CHN"
.3297195,"CHN"
.3297195,"CHN"
.3297195,"CHN"
.3297195,"CHN"
.3297195,"CHN"
.3277659,"CHN"
.3297195,"CHN"
.3297195,"CHN"
.3297195,"CHN"
.3297195,"CHN"
.3297195,"CHN"
.3297195,"CHN"
.3297195,"CHN"
.3297195,"CHN"
.3297195,"CHN"
.3297195,"CHN"
.3297195,"CHN"
.3297195,"CHN"
.3297195,"CHN"
.3297195,"CHN"
.3238586,"CHN"
.3496707,"CHN"
.3496707,"CHN"
.4149496,"CHN"
.3496707,"CHN"
.3496707,"CHN"
.3496707,"CHN"
.3496707,"CHN"
.3496707,"CHN"
.3496707,"CHN"
.3496707,"CHN"
.3496707,"CHN"
.3106975,"CHN"
.3496707,"CHN"
.3496707,"CHN"
.3496707,"CHN"
.3496707,"CHN"
.3496707,"CHN"
.3496707,"CHN"
.3477171,"CHN"
.3496707,"CHN"
.3496707,"CHN"
.3496707,"CHN"
.3496707,"CHN"
.3496707,"CHN"
.3496707,"CHN"
.3446669,"CHN"
.3496707,"CHN"
.3496707,"CHN"
.3496707,"CHN"
.3496707,"CHN"
.3496707,"CHN"
.3496707,"CHN"
.3496707,"CHN"
.3496707,"CHN"
.3496707,"CHN"
.3496707,"CHN"
.3496707,"CHN"
.3496707,"CHN"
.3496707,"CHN"
.3438099,"CHN"
.3686944,"CHN"
.3686944,"CHN"
.3686944,"CHN"
.4339732,"CHN"
.3686944,"CHN"
.3686944,"CHN"
.3686944,"CHN"
.3686944,"CHN"
.3686944,"CHN"
.3686944,"CHN"
.3686944,"CHN"
.3686944,"CHN"
.3297211,"CHN"
.3686944,"CHN"
.3686944,"CHN"
.3686944,"CHN"
.3686944,"CHN"
.3686944,"CHN"
.3686944,"CHN"
.3667408,"CHN"
.3686944,"CHN"
.3686944,"CHN"
.3686944,"CHN"
.3686944,"CHN"
.3686944,"CHN"
.3686944,"CHN"
.3686944,"CHN"
.3686944,"CHN"
.3686944,"CHN"
.3686944,"CHN"
.3686944,"CHN"
.3686944,"CHN"
.3686944,"CHN"
.3686944,"CHN"
.3686944,"CHN"
.3686944,"CHN"
.3686944,"CHN"
.3686944,"CHN"
.3628336,"CHN"
.3586371,"CHN"
.423916,"CHN"
.3586371,"CHN"
.3586371,"CHN"
.3586371,"CHN"
.3586371,"CHN"
.3586371,"CHN"
.3586371,"CHN"
.3586371,"CHN"
.3586371,"CHN"
.3196639,"CHN"
.3586371,"CHN"
.3586371,"CHN"
.3586371,"CHN"
.3586371,"CHN"
.3586371,"CHN"
.3586371,"CHN"
.3566836,"CHN"
.3586371,"CHN"
.3586371,"CHN"
.3586371,"CHN"
.3586371,"CHN"
.3586371,"CHN"
.3586371,"CHN"
.3586371,"CHN"
.3586371,"CHN"
.3586371,"CHN"
.3586371,"CHN"
.3586371,"CHN"
.3586371,"CHN"
.3586371,"CHN"
.3586371,"CHN"
.3527763,"CHN"
.30329,"CHN"
.3685689,"CHN"
.30329,"CHN"
.30329,"CHN"
.30329,"CHN"
.30329,"CHN"
.30329,"CHN"
.30329,"CHN"
.30329,"CHN"
.30329,"CHN"
.2643168,"CHN"
.30329,"CHN"
.30329,"CHN"
.30329,"CHN"
.30329,"CHN"
.30329,"CHN"
.30329,"CHN"
.3013364,"CHN"
.30329,"CHN"
.30329,"CHN"
.30329,"CHN"
.30329,"CHN"
.30329,"CHN"
.30329,"CHN"
.2982862,"CHN"
.30329,"CHN"
.30329,"CHN"
.30329,"CHN"
.30329,"CHN"
.30329,"CHN"
.30329,"CHN"
.30329,"CHN"
.30329,"CHN"
.30329,"CHN"
.30329,"CHN"
.30329,"CHN"
.30329,"CHN"
.30329,"CHN"
.2974292,"CHN"
.2931885,"CHN"
.2931885,"CHN"
.2931885,"CHN"
.2931885,"CHN"
.2931885,"CHN"
.2931885,"CHN"
.2931885,"CHN"
.2931885,"CHN"
.2542153,"CHN"
.2931885,"CHN"
.2931885,"CHN"
.2931885,"CHN"
.2931885,"CHN"
.2931885,"CHN"
.2931885,"CHN"
.2912349,"CHN"
.2931885,"CHN"
.2931885,"CHN"
.2931885,"CHN"
.2931885,"CHN"
.2931885,"CHN"
.2931885,"CHN"
.2881846,"CHN"
.2931885,"CHN"
.2931885,"CHN"
.2931885,"CHN"
.2931885,"CHN"
.2931885,"CHN"
.2931885,"CHN"
.2931885,"CHN"
.2931885,"CHN"
.2931885,"CHN"
.2931885,"CHN"
.2931885,"CHN"
.2931885,"CHN"
.2931885,"CHN"
.2873277,"CHN"
.2929602,"CHN"
.2929602,"CHN"
.2929602,"CHN"
.2929602,"CHN"
.2929602,"CHN"
.2929602,"CHN"
.253987,"CHN"
.2929602,"CHN"
.2929602,"CHN"
.2929602,"CHN"
.2929602,"CHN"
.2929602,"CHN"
.2929602,"CHN"
.2929602,"CHN"
.2929602,"CHN"
.2879564,"CHN"
.2929602,"CHN"
.2929602,"CHN"
.2929602,"CHN"
.2929602,"CHN"
.2929602,"CHN"
.2929602,"CHN"
.2929602,"CHN"
.2929602,"CHN"
.2929602,"CHN"
.2929602,"CHN"
.2929602,"CHN"
.2929602,"CHN"
.2929602,"CHN"
.2870994,"CHN"
.3220728,"CHN"
.3220728,"CHN"
.3220728,"CHN"
.3220728,"CHN"
.3220728,"CHN"
.2830996,"CHN"
.3220728,"CHN"
.3220728,"CHN"
.3220728,"CHN"
.3220728,"CHN"
.3220728,"CHN"
.3220728,"CHN"
.3201192,"CHN"
.3220728,"CHN"
.3220728,"CHN"
.3220728,"CHN"
.3220728,"CHN"
.3220728,"CHN"
.3220728,"CHN"
.317069,"CHN"
.3220728,"CHN"
.3220728,"CHN"
.3220728,"CHN"
.3220728,"CHN"
.3220728,"CHN"
.3220728,"CHN"
.3220728,"CHN"
.3220728,"CHN"
.3220728,"CHN"
.3220728,"CHN"
.3220728,"CHN"
.3220728,"CHN"
.3220728,"CHN"
.316212,"CHN"
.3016096,"CHN"
.3016096,"CHN"
.3016096,"CHN"
.3016096,"CHN"
.2626363,"CHN"
.3016096,"CHN"
.3016096,"CHN"
.3016096,"CHN"
.3016096,"CHN"
.3016096,"CHN"
.3016096,"CHN"
.299656,"CHN"
.3016096,"CHN"
.3016096,"CHN"
.3016096,"CHN"
.3016096,"CHN"
.3016096,"CHN"
.3016096,"CHN"
.2966057,"CHN"
.3016096,"CHN"
.3016096,"CHN"
.3016096,"CHN"
.3016096,"CHN"
.3016096,"CHN"
.3016096,"CHN"
.3016096,"CHN"
.3016096,"CHN"
.3016096,"CHN"
.3016096,"CHN"
.3016096,"CHN"
.3016096,"CHN"
.3016096,"CHN"
.2957488,"CHN"
.3032547,"CHN"
.3032547,"CHN"
.3032547,"CHN"
.3032547,"CHN"
.3032547,"CHN"
.3032547,"CHN"
.3032547,"CHN"
.3032547,"CHN"
.2642814,"CHN"
.3032547,"CHN"
.3032547,"CHN"
.3032547,"CHN"
.3032547,"CHN"
.3032547,"CHN"
.3032547,"CHN"
.3013011,"CHN"
.3032547,"CHN"
.3032547,"CHN"
.3032547,"CHN"
.3032547,"CHN"
.3032547,"CHN"
.3032547,"CHN"
.2982508,"CHN"
.3032547,"CHN"
.3032547,"CHN"
.3032547,"CHN"
.3032547,"CHN"
.3032547,"CHN"
.3032547,"CHN"
.3032547,"CHN"
.3032547,"CHN"
.3032547,"CHN"
.3032547,"CHN"
.3032547,"CHN"
.3032547,"CHN"
.3032547,"CHN"
.2973939,"CHN"
.3076135,"CHN"
.3076135,"CHN"
.3076135,"CHN"
.3076135,"CHN"
.3076135,"CHN"
.2686402,"CHN"
.3076135,"CHN"
.3076135,"CHN"
.3076135,"CHN"
.3076135,"CHN"
.3076135,"CHN"
.3076135,"CHN"
.3056599,"CHN"
.3076135,"CHN"
.3076135,"CHN"
.3076135,"CHN"
.3076135,"CHN"
.3076135,"CHN"
.3076135,"CHN"
.3026096,"CHN"
.3076135,"CHN"
.3076135,"CHN"
.3076135,"CHN"
.3076135,"CHN"
.3076135,"CHN"
.3076135,"CHN"
.3076135,"CHN"
.3076135,"CHN"
.3076135,"CHN"
.3076135,"CHN"
.3076135,"CHN"
.2850911,"CHN"
.2461178,"CHN"
.2850911,"CHN"
.2850911,"CHN"
.2850911,"CHN"
.2850911,"CHN"
.2850911,"CHN"
.2850911,"CHN"
.2831375,"CHN"
.2850911,"CHN"
.2850911,"CHN"
.2850911,"CHN"
.2850911,"CHN"
.2850911,"CHN"
.2850911,"CHN"
.2800872,"CHN"
.2850911,"CHN"
.2850911,"CHN"
.2850911,"CHN"
.2850911,"CHN"
.2850911,"CHN"
.2850911,"CHN"
.2850911,"CHN"
.2850911,"CHN"
.2850911,"CHN"
.2850911,"CHN"
.2850911,"CHN"
.2962608,"CHN"
.2962608,"CHN"
.2962608,"CHN"
.2962608,"CHN"
.2962608,"CHN"
.2962608,"CHN"
.2962608,"CHN"
.2962608,"CHN"
.2572876,"CHN"
.2962608,"CHN"
.2962608,"CHN"
.2962608,"CHN"
.2962608,"CHN"
.2962608,"CHN"
.2962608,"CHN"
.2943072,"CHN"
.2962608,"CHN"
.2962608,"CHN"
.2962608,"CHN"
.2962608,"CHN"
.2962608,"CHN"
.2962608,"CHN"
.2912569,"CHN"
.2962608,"CHN"
.2962608,"CHN"
.2962608,"CHN"
.2962608,"CHN"
.2962608,"CHN"
.2962608,"CHN"
.2962608,"CHN"
.2962608,"CHN"
.2962608,"CHN"
.2962608,"CHN"
.2962608,"CHN"
.2962608,"CHN"
.2962608,"CHN"
.2904,"CHN"
.2969454,"CHN"
.2969454,"CHN"
.2969454,"CHN"
.2969454,"CHN"
.2969454,"CHN"
.2579721,"CHN"
.2969454,"CHN"
.2969454,"CHN"
.2969454,"CHN"
.2969454,"CHN"
.2969454,"CHN"
.2969454,"CHN"
.2949918,"CHN"
.2969454,"CHN"
.2969454,"CHN"
.2969454,"CHN"
.2969454,"CHN"
.2969454,"CHN"
.2969454,"CHN"
.2919415,"CHN"
.2969454,"CHN"
.2969454,"CHN"
.2969454,"CHN"
.2969454,"CHN"
.2969454,"CHN"
.2969454,"CHN"
.2969454,"CHN"
.3044016,"CHN"
.3044016,"CHN"
.3044016,"CHN"
.3044016,"CHN"
.3044016,"CHN"
.3044016,"CHN"
.2654284,"CHN"
.3044016,"CHN"
.3044016,"CHN"
.3044016,"CHN"
.3044016,"CHN"
.302448,"CHN"
.3044016,"CHN"
.3044016,"CHN"
.3044016,"CHN"
.3044016,"CHN"
.3044016,"CHN"
.3044016,"CHN"
.2993978,"CHN"
.3044016,"CHN"
.3044016,"CHN"
.3044016,"CHN"
.3044016,"CHN"
.3044016,"CHN"
.3044016,"CHN"
.3044016,"CHN"
.3044016,"CHN"
.3044016,"CHN"
.3044016,"CHN"
.3044016,"CHN"
.3044016,"CHN"
.3044016,"CHN"
.2985408,"CHN"
.3059817,"CHN"
.3059817,"CHN"
.3059817,"CHN"
.3059817,"CHN"
.3059817,"CHN"
.3059817,"CHN"
.2670085,"CHN"
.3059817,"CHN"
.3059817,"CHN"
.3059817,"CHN"
.3059817,"CHN"
.3059817,"CHN"
.3059817,"CHN"
.3040281,"CHN"
.3059817,"CHN"
.3059817,"CHN"
.3059817,"CHN"
.3059817,"CHN"
.3059817,"CHN"
.3059817,"CHN"
.3009779,"CHN"
.3059817,"CHN"
.3059817,"CHN"
.3059817,"CHN"
.3059817,"CHN"
.3059817,"CHN"
.3059817,"CHN"
.3059817,"CHN"
.3059817,"CHN"
.3059817,"CHN"
.3059817,"CHN"
.3059817,"CHN"
.3059817,"CHN"
.3059817,"CHN"
.3001209,"CHN"
.2908015,"CHN"
.2908015,"CHN"
.2908015,"CHN"
.2908015,"CHN"
.2518283,"CHN"
.2908015,"CHN"
.2908015,"CHN"
.2908015,"CHN"
.2908015,"CHN"
.2908015,"CHN"
.2908015,"CHN"
.2888479,"CHN"
.2908015,"CHN"
.2908015,"CHN"
.2908015,"CHN"
.2908015,"CHN"
.2908015,"CHN"
.2908015,"CHN"
.2908015,"CHN"
.2908015,"CHN"
.2908015,"CHN"
.2908015,"CHN"
.2908015,"CHN"
.2908015,"CHN"
.2838947,"CHN"
.2838947,"CHN"
.2838947,"CHN"
.2838947,"CHN"
.2449214,"CHN"
.2838947,"CHN"
.2838947,"CHN"
.2838947,"CHN"
.2838947,"CHN"
.2838947,"CHN"
.2838947,"CHN"
.2819411,"CHN"
.2838947,"CHN"
.2838947,"CHN"
.2838947,"CHN"
.2838947,"CHN"
.2838947,"CHN"
.2838947,"CHN"
.2788908,"CHN"
.2838947,"CHN"
.2838947,"CHN"
.2838947,"CHN"
.2838947,"CHN"
.2838947,"CHN"
.2838947,"CHN"
.2838947,"CHN"
.2838947,"CHN"
.2886693,"CHN"
.2886693,"CHN"
.2886693,"CHN"
.2886693,"CHN"
.2867157,"CHN"
.2886693,"CHN"
.2886693,"CHN"
.2886693,"CHN"
.2886693,"CHN"
.2886693,"CHN"
.2886693,"CHN"
.2836654,"CHN"
.2886693,"CHN"
.2886693,"CHN"
.2886693,"CHN"
.2886693,"CHN"
.2886693,"CHN"
.2886693,"CHN"
.2886693,"CHN"
.2886693,"CHN"
.2886693,"CHN"
.2886693,"CHN"
.2886693,"CHN"
.2886693,"CHN"
.2886693,"CHN"
.2828085,"CHN"
.3029337,"CHN"
.3029337,"CHN"
.3029337,"CHN"
.3029337,"CHN"
.3029337,"CHN"
.3029337,"CHN"
.2639605,"CHN"
.3029337,"CHN"
.3029337,"CHN"
.3029337,"CHN"
.3029337,"CHN"
.3029337,"CHN"
.3029337,"CHN"
.3009801,"CHN"
.3029337,"CHN"
.3029337,"CHN"
.3029337,"CHN"
.3029337,"CHN"
.3029337,"CHN"
.3029337,"CHN"
.2979298,"CHN"
.3029337,"CHN"
.3029337,"CHN"
.3029337,"CHN"
.3029337,"CHN"
.3029337,"CHN"
.3029337,"CHN"
.3029337,"CHN"
.3029337,"CHN"
.3029337,"CHN"
.3029337,"CHN"
.3029337,"CHN"
.3029337,"CHN"
.3029337,"CHN"
.2970729,"CHN"
.2952187,"CHN"
.2952187,"CHN"
.2952187,"CHN"
.2952187,"CHN"
.2952187,"CHN"
.2952187,"CHN"
.2952187,"CHN"
.2952187,"CHN"
.2562454,"CHN"
.2952187,"CHN"
.2952187,"CHN"
.2952187,"CHN"
.2952187,"CHN"
.2952187,"CHN"
.2952187,"CHN"
.2932651,"CHN"
.2952187,"CHN"
.2952187,"CHN"
.2952187,"CHN"
.2952187,"CHN"
.2952187,"CHN"
.2952187,"CHN"
.2902148,"CHN"
.2952187,"CHN"
.2952187,"CHN"
.2952187,"CHN"
.2952187,"CHN"
.2952187,"CHN"
.2952187,"CHN"
.2952187,"CHN"
.2952187,"CHN"
.2952187,"CHN"
.2952187,"CHN"
.2952187,"CHN"
.2952187,"CHN"
.2952187,"CHN"
.2893579,"CHN"
.2889084,"CHN"
.2889084,"CHN"
.2889084,"CHN"
.2889084,"CHN"
.2499351,"CHN"
.2889084,"CHN"
.2889084,"CHN"
.2889084,"CHN"
.2889084,"CHN"
.2889084,"CHN"
.2889084,"CHN"
.2889084,"CHN"
.2889084,"CHN"
.2889084,"CHN"
.2889084,"CHN"
.2889084,"CHN"
.2839045,"CHN"
.2889084,"CHN"
.2889084,"CHN"
.2889084,"CHN"
.2889084,"CHN"
.2889084,"CHN"
.2889084,"CHN"
.2889084,"CHN"
.2889084,"CHN"
.2889084,"CHN"
.2889084,"CHN"
.2889084,"CHN"
.2830476,"CHN"
.3024215,"CHN"
.3024215,"CHN"
.3024215,"CHN"
.3024215,"CHN"
.3024215,"CHN"
.3024215,"CHN"
.3024215,"CHN"
.2634483,"CHN"
.3024215,"CHN"
.3024215,"CHN"
.3024215,"CHN"
.3024215,"CHN"
.3024215,"CHN"
.3024215,"CHN"
.3004679,"CHN"
.3024215,"CHN"
.3024215,"CHN"
.3024215,"CHN"
.3024215,"CHN"
.3024215,"CHN"
.3024215,"CHN"
.2974177,"CHN"
.3024215,"CHN"
.3024215,"CHN"
.3024215,"CHN"
.3024215,"CHN"
.3024215,"CHN"
.3024215,"CHN"
.3024215,"CHN"
.3024215,"CHN"
.3024215,"CHN"
.3024215,"CHN"
.3024215,"CHN"
.3024215,"CHN"
.3024215,"CHN"
.2965607,"CHN"
.3147048,"CHN"
.3147048,"CHN"
.3147048,"CHN"
.3147048,"CHN"
.3147048,"CHN"
.3147048,"CHN"
.3147048,"CHN"
.3147048,"CHN"
.2757315,"CHN"
.3147048,"CHN"
.3147048,"CHN"
.3147048,"CHN"
.3147048,"CHN"
.3147048,"CHN"
.3147048,"CHN"
.3127512,"CHN"
.3147048,"CHN"
.3147048,"CHN"
.3147048,"CHN"
.3147048,"CHN"
.3147048,"CHN"
.3147048,"CHN"
.3147048,"CHN"
.3147048,"CHN"
.3147048,"CHN"
.3147048,"CHN"
.3147048,"CHN"
.3147048,"CHN"
.3147048,"CHN"
.3147048,"CHN"
.3147048,"CHN"
.3147048,"CHN"
.3147048,"CHN"
.3147048,"CHN"
.308844,"CHN"
.2911057,"CHN"
.2911057,"CHN"
.2911057,"CHN"
.2521324,"CHN"
.2911057,"CHN"
.2911057,"CHN"
.2911057,"CHN"
.2911057,"CHN"
.2911057,"CHN"
.2911057,"CHN"
.2891521,"CHN"
.2911057,"CHN"
.2911057,"CHN"
.2911057,"CHN"
.2911057,"CHN"
.2911057,"CHN"
.2911057,"CHN"
.2861018,"CHN"
.2911057,"CHN"
.2911057,"CHN"
.2911057,"CHN"
.2911057,"CHN"
.2911057,"CHN"
.2911057,"CHN"
.2911057,"CHN"
.2911057,"CHN"
.2911057,"CHN"
.2911057,"CHN"
.2911057,"CHN"
.2911057,"CHN"
.2911057,"CHN"
.324033,"CHN"
.324033,"CHN"
.324033,"CHN"
.324033,"CHN"
.324033,"CHN"
.324033,"CHN"
.2850598,"CHN"
.324033,"CHN"
.324033,"CHN"
.324033,"CHN"
.324033,"CHN"
.324033,"CHN"
.324033,"CHN"
.3220794,"CHN"
.324033,"CHN"
.324033,"CHN"
.324033,"CHN"
.324033,"CHN"
.324033,"CHN"
.324033,"CHN"
.3190291,"CHN"
.324033,"CHN"
.324033,"CHN"
.324033,"CHN"
.324033,"CHN"
.324033,"CHN"
.324033,"CHN"
.324033,"CHN"
.324033,"CHN"
.324033,"CHN"
.324033,"CHN"
.324033,"CHN"
.324033,"CHN"
.324033,"CHN"
.3181722,"CHN"
.3082578,"CHN"
.3082578,"CHN"
.3082578,"CHN"
.3082578,"CHN"
.3082578,"CHN"
.2692846,"CHN"
.3082578,"CHN"
.3082578,"CHN"
.3082578,"CHN"
.3082578,"CHN"
.3082578,"CHN"
.3082578,"CHN"
.3063042,"CHN"
.3082578,"CHN"
.3082578,"CHN"
.3082578,"CHN"
.3082578,"CHN"
.3082578,"CHN"
.3082578,"CHN"
.3032539,"CHN"
.3082578,"CHN"
.3082578,"CHN"
.3082578,"CHN"
.3082578,"CHN"
.3082578,"CHN"
.3082578,"CHN"
.3082578,"CHN"
.3082578,"CHN"
.3082578,"CHN"
.3082578,"CHN"
.3082578,"CHN"
.3082578,"CHN"
.3082578,"CHN"
.302397,"CHN"
.3132119,"CHN"
.3132119,"CHN"
.3132119,"CHN"
.3132119,"CHN"
.3132119,"CHN"
.3132119,"CHN"
.3132119,"CHN"
.2742387,"CHN"
.3132119,"CHN"
.3132119,"CHN"
.3132119,"CHN"
.3132119,"CHN"
.3132119,"CHN"
.3132119,"CHN"
.3112583,"CHN"
.3132119,"CHN"
.3132119,"CHN"
.3132119,"CHN"
.3132119,"CHN"
.3132119,"CHN"
.3132119,"CHN"
.308208,"CHN"
.3132119,"CHN"
.3132119,"CHN"
.3132119,"CHN"
.3132119,"CHN"
.3132119,"CHN"
.3132119,"CHN"
.3132119,"CHN"
.3132119,"CHN"
.3132119,"CHN"
.3132119,"CHN"
.3132119,"CHN"
.3132119,"CHN"
.3070305,"CHN"
.3070305,"CHN"
.3070305,"CHN"
.3070305,"CHN"
.3070305,"CHN"
.3050769,"CHN"
.3070305,"CHN"
.3070305,"CHN"
.3070305,"CHN"
.3070305,"CHN"
.3070305,"CHN"
.3070305,"CHN"
.3020266,"CHN"
.3070305,"CHN"
.3070305,"CHN"
.3070305,"CHN"
.3070305,"CHN"
.3070305,"CHN"
.3070305,"CHN"
.3070305,"CHN"
.3070305,"CHN"
.3071145,"CHN"
.3071145,"CHN"
.3071145,"CHN"
.2681413,"CHN"
.3071145,"CHN"
.3071145,"CHN"
.3071145,"CHN"
.3071145,"CHN"
.3071145,"CHN"
.3071145,"CHN"
.3051609,"CHN"
.3071145,"CHN"
.3071145,"CHN"
.3071145,"CHN"
.3071145,"CHN"
.3071145,"CHN"
.3071145,"CHN"
.3021106,"CHN"
.3071145,"CHN"
.3071145,"CHN"
.3071145,"CHN"
.3071145,"CHN"
.3071145,"CHN"
.3071145,"CHN"
.3071145,"CHN"
.3071145,"CHN"
.3071145,"CHN"
.3071145,"CHN"
.3071145,"CHN"
.3071145,"CHN"
.3071145,"CHN"
.3012537,"CHN"
.2864027,"CHN"
.2864027,"CHN"
.2864027,"CHN"
.2864027,"CHN"
.2474295,"CHN"
.2864027,"CHN"
.2864027,"CHN"
.2864027,"CHN"
.2864027,"CHN"
.2864027,"CHN"
.2864027,"CHN"
.2844491,"CHN"
.2864027,"CHN"
.2864027,"CHN"
.2864027,"CHN"
.2864027,"CHN"
.2864027,"CHN"
.2864027,"CHN"
.2813988,"CHN"
.2864027,"CHN"
.2864027,"CHN"
.2864027,"CHN"
.2864027,"CHN"
.2864027,"CHN"
.2864027,"CHN"
.2864027,"CHN"
.2864027,"CHN"
.2864027,"CHN"
.2864027,"CHN"
.2864027,"CHN"
.2864027,"CHN"
.2864027,"CHN"
.2805419,"CHN"
.2984346,"CHN"
.2925738,"CHN"
.2920444,"CHN"
.2900908,"CHN"
.2920444,"CHN"
.2920444,"CHN"
.2920444,"CHN"
.2920444,"CHN"
.2920444,"CHN"
.2920444,"CHN"
.2870405,"CHN"
.2920444,"CHN"
.2920444,"CHN"
.2920444,"CHN"
.2920444,"CHN"
.2920444,"CHN"
.2920444,"CHN"
.2920444,"CHN"
.2920444,"CHN"
.2920444,"CHN"
.2920444,"CHN"
.2920444,"CHN"
.2920444,"CHN"
.2920444,"CHN"
.2861836,"CHN"
.2900437,"CHN"
.2900437,"CHN"
.2900437,"CHN"
.2900437,"CHN"
.2880901,"CHN"
.2900437,"CHN"
.2900437,"CHN"
.2900437,"CHN"
.2900437,"CHN"
.2900437,"CHN"
.2900437,"CHN"
.2850398,"CHN"
.2900437,"CHN"
.2900437,"CHN"
.2900437,"CHN"
.2900437,"CHN"
.2900437,"CHN"
.2900437,"CHN"
.2900437,"CHN"
.2900437,"CHN"
.2900437,"CHN"
.2900437,"CHN"
.2900437,"CHN"
.2675215,"CHN"
.2675215,"CHN"
.2675215,"CHN"
.2675215,"CHN"
.2675215,"CHN"
.2675215,"CHN"
.2655679,"CHN"
.2675215,"CHN"
.2675215,"CHN"
.2675215,"CHN"
.2675215,"CHN"
.2675215,"CHN"
.2675215,"CHN"
.2625177,"CHN"
.2675215,"CHN"
.2675215,"CHN"
.2675215,"CHN"
.2675215,"CHN"
.2675215,"CHN"
.2675215,"CHN"
.2852426,"CHN"
.2852426,"CHN"
.2852426,"CHN"
.2462693,"CHN"
.2852426,"CHN"
.2852426,"CHN"
.2852426,"CHN"
.2852426,"CHN"
.2852426,"CHN"
.2852426,"CHN"
.283289,"CHN"
.2852426,"CHN"
.2852426,"CHN"
.2852426,"CHN"
.2852426,"CHN"
.2852426,"CHN"
.2852426,"CHN"
.2852426,"CHN"
.2852426,"CHN"
.2852426,"CHN"
.2852426,"CHN"
.2793818,"CHN"
.2756438,"CHN"
.2756438,"CHN"
.2756438,"CHN"
.2756438,"CHN"
.2736902,"CHN"
.2756438,"CHN"
.2756438,"CHN"
.2756438,"CHN"
.2756438,"CHN"
.2756438,"CHN"
.2756438,"CHN"
.2706399,"CHN"
.2756438,"CHN"
.2756438,"CHN"
.2756438,"CHN"
.2756438,"CHN"
.2756438,"CHN"
.2756438,"CHN"
.2756438,"CHN"
.2756438,"CHN"
.2756438,"CHN"
.2756438,"CHN"
.2756438,"CHN"
.2756438,"CHN"
.2756438,"CHN"
.269783,"CHN"
.2226415,"CHN"
.2616147,"CHN"
.2616147,"CHN"
.2616147,"CHN"
.2616147,"CHN"
.2616147,"CHN"
.2616147,"CHN"
.2596611,"CHN"
.2616147,"CHN"
.2616147,"CHN"
.2616147,"CHN"
.2616147,"CHN"
.2616147,"CHN"
.2616147,"CHN"
.2566109,"CHN"
.2616147,"CHN"
.2616147,"CHN"
.2616147,"CHN"
.2616147,"CHN"
.2616147,"CHN"
.2616147,"CHN"
.2616147,"CHN"
.2616147,"CHN"
.2616147,"CHN"
.2616147,"CHN"
.2616147,"CHN"
.2616147,"CHN"
.2616147,"CHN"
.3506286,"CHN"
.3506286,"CHN"
.3506286,"CHN"
.348675,"CHN"
.3506286,"CHN"
.3506286,"CHN"
.3506286,"CHN"
.3506286,"CHN"
.3506286,"CHN"
.3506286,"CHN"
.3456247,"CHN"
.3506286,"CHN"
.3506286,"CHN"
.3506286,"CHN"
.3506286,"CHN"
.3506286,"CHN"
.3506286,"CHN"
.3506286,"CHN"
.3506286,"CHN"
.3506286,"CHN"
.3506286,"CHN"
.3506286,"CHN"
.3506286,"CHN"
.3506286,"CHN"
.3447678,"CHN"
.3411012,"CHN"
.3411012,"CHN"
.3411012,"CHN"
.3411012,"CHN"
.3411012,"CHN"
.302128,"CHN"
.3411012,"CHN"
.3411012,"CHN"
.3411012,"CHN"
.3411012,"CHN"
.3391476,"CHN"
.3411012,"CHN"
.3411012,"CHN"
.3411012,"CHN"
.3411012,"CHN"
.3411012,"CHN"
.3411012,"CHN"
.3360973,"CHN"
.3411012,"CHN"
.3411012,"CHN"
.3411012,"CHN"
.3411012,"CHN"
.3411012,"CHN"
.3411012,"CHN"
.3411012,"CHN"
.3411012,"CHN"
.3411012,"CHN"
.3411012,"CHN"
.3411012,"CHN"
.3411012,"CHN"
.3411012,"CHN"
.3352404,"CHN"
.2754467,"CHN"
.2754467,"CHN"
.2754467,"CHN"
.2754467,"CHN"
.2754467,"CHN"
.2364735,"CHN"
.2754467,"CHN"
.2754467,"CHN"
.2754467,"CHN"
.2754467,"CHN"
.2754467,"CHN"
.2754467,"CHN"
.2734931,"CHN"
.2754467,"CHN"
.2754467,"CHN"
.2754467,"CHN"
.2754467,"CHN"
.2754467,"CHN"
.2754467,"CHN"
.2704428,"CHN"
.2754467,"CHN"
.2754467,"CHN"
.2754467,"CHN"
.2754467,"CHN"
.2754467,"CHN"
.2754467,"CHN"
.2754467,"CHN"
.2754467,"CHN"
.2754467,"CHN"
.2754467,"CHN"
.2754467,"CHN"
.2754467,"CHN"
.2754467,"CHN"
.2695859,"CHN"
.3568163,"CHN"
.2915374,"CHN"
.2915374,"CHN"
.2915374,"CHN"
.2915374,"CHN"
.2915374,"CHN"
.2915374,"CHN"
.2915374,"CHN"
.2915374,"CHN"
.2525642,"CHN"
.2915374,"CHN"
.2915374,"CHN"
.2915374,"CHN"
.2915374,"CHN"
.2915374,"CHN"
.2915374,"CHN"
.2895838,"CHN"
.2915374,"CHN"
.2915374,"CHN"
.2915374,"CHN"
.2915374,"CHN"
.2915374,"CHN"
.2915374,"CHN"
.2865335,"CHN"
.2915374,"CHN"
.2915374,"CHN"
.2915374,"CHN"
.2915374,"CHN"
.2915374,"CHN"
.2915374,"CHN"
.2915374,"CHN"
.2915374,"CHN"
.2915374,"CHN"
.2915374,"CHN"
.2915374,"CHN"
.2915374,"CHN"
.2915374,"CHN"
.2856766,"CHN"
.2844596,"CHN"
.2454864,"CHN"
.2844596,"CHN"
.2844596,"CHN"
.2844596,"CHN"
.2844596,"CHN"
.2844596,"CHN"
.2844596,"CHN"
.282506,"CHN"
.2844596,"CHN"
.2844596,"CHN"
.2844596,"CHN"
.2844596,"CHN"
.2844596,"CHN"
.2844596,"CHN"
.2794558,"CHN"
.2844596,"CHN"
.2844596,"CHN"
.2844596,"CHN"
.2844596,"CHN"
.2844596,"CHN"
.2844596,"CHN"
.2844596,"CHN"
.2844596,"CHN"
.2844596,"CHN"
.2844596,"CHN"
.2844596,"CHN"
.2785988,"CHN"
.2970274,"CHN"
.2970274,"CHN"
.2970274,"CHN"
.2580542,"CHN"
.2970274,"CHN"
.2970274,"CHN"
.2970274,"CHN"
.2970274,"CHN"
.2970274,"CHN"
.2970274,"CHN"
.2950738,"CHN"
.2970274,"CHN"
.2970274,"CHN"
.2970274,"CHN"
.2970274,"CHN"
.2970274,"CHN"
.2970274,"CHN"
.2920236,"CHN"
.2970274,"CHN"
.2970274,"CHN"
.2970274,"CHN"
.2970274,"CHN"
.2970274,"CHN"
.2970274,"CHN"
.2970274,"CHN"
.2970274,"CHN"
.2970274,"CHN"
.2970274,"CHN"
.2970274,"CHN"
.2970274,"CHN"
.2970274,"CHN"
.2911666,"CHN"
.2824036,"CHN"
.2824036,"CHN"
.2824036,"CHN"
.2824036,"CHN"
.2824036,"CHN"
.2824036,"CHN"
.2824036,"CHN"
.2824036,"CHN"
.2434303,"CHN"
.2824036,"CHN"
.2824036,"CHN"
.2824036,"CHN"
.2824036,"CHN"
.2824036,"CHN"
.2824036,"CHN"
.28045,"CHN"
.2824036,"CHN"
.2824036,"CHN"
.2824036,"CHN"
.2824036,"CHN"
.2824036,"CHN"
.2824036,"CHN"
.2773997,"CHN"
.2824036,"CHN"
.2824036,"CHN"
.2824036,"CHN"
.2824036,"CHN"
.2824036,"CHN"
.2824036,"CHN"
.2824036,"CHN"
.2824036,"CHN"
.2824036,"CHN"
.2824036,"CHN"
.2824036,"CHN"
.2824036,"CHN"
.2824036,"CHN"
.2765428,"CHN"
.2966178,"CHN"
.2966178,"CHN"
.2966178,"CHN"
.2966178,"CHN"
.2966178,"CHN"
.2966178,"CHN"
.2576445,"CHN"
.2966178,"CHN"
.2966178,"CHN"
.2966178,"CHN"
.2966178,"CHN"
.2946642,"CHN"
.2966178,"CHN"
.2966178,"CHN"
.2966178,"CHN"
.2966178,"CHN"
.2966178,"CHN"
.2966178,"CHN"
.2916139,"CHN"
.2966178,"CHN"
.2966178,"CHN"
.2966178,"CHN"
.2966178,"CHN"
.2966178,"CHN"
.2966178,"CHN"
.2966178,"CHN"
.2966178,"CHN"
.2966178,"CHN"
.2966178,"CHN"
.2966178,"CHN"
.2966178,"CHN"
.2966178,"CHN"
.290757,"CHN"
.2864697,"CHN"
.2864697,"CHN"
.2864697,"CHN"
.2864697,"CHN"
.2864697,"CHN"
.2864697,"CHN"
.2864697,"CHN"
.2474965,"CHN"
.2864697,"CHN"
.2864697,"CHN"
.2864697,"CHN"
.2864697,"CHN"
.2864697,"CHN"
.2864697,"CHN"
.2845161,"CHN"
.2864697,"CHN"
.2864697,"CHN"
.2864697,"CHN"
.2864697,"CHN"
.2814659,"CHN"
.2864697,"CHN"
.2864697,"CHN"
.2864697,"CHN"
.2864697,"CHN"
.2864697,"CHN"
.2864697,"CHN"
.2864697,"CHN"
.2864697,"CHN"
.2864697,"CHN"
.2864697,"CHN"
.2864697,"CHN"
.2806089,"CHN"
.2799613,"CHN"
.2799613,"CHN"
.2799613,"CHN"
.2799613,"CHN"
.240988,"CHN"
.2799613,"CHN"
.2799613,"CHN"
.2799613,"CHN"
.2799613,"CHN"
.2799613,"CHN"
.2799613,"CHN"
.2780077,"CHN"
.2799613,"CHN"
.2799613,"CHN"
.2799613,"CHN"
.2799613,"CHN"
.2799613,"CHN"
.2799613,"CHN"
.2749574,"CHN"
.2799613,"CHN"
.2799613,"CHN"
.2799613,"CHN"
.2799613,"CHN"
.2799613,"CHN"
.2799613,"CHN"
.2799613,"CHN"
.2799613,"CHN"
.2799613,"CHN"
.2799613,"CHN"
.2799613,"CHN"
.2799613,"CHN"
.2799613,"CHN"
.2741005,"CHN"
.3102531,"CHN"
.3102531,"CHN"
.2712799,"CHN"
.3102531,"CHN"
.3102531,"CHN"
.3102531,"CHN"
.3102531,"CHN"
.3102531,"CHN"
.3102531,"CHN"
.3082996,"CHN"
.3102531,"CHN"
.3102531,"CHN"
.3102531,"CHN"
.3102531,"CHN"
.3102531,"CHN"
.3102531,"CHN"
.3052493,"CHN"
.3102531,"CHN"
.3102531,"CHN"
.3102531,"CHN"
.3102531,"CHN"
.3102531,"CHN"
.3102531,"CHN"
.3102531,"CHN"
.3102531,"CHN"
.3102531,"CHN"
.3102531,"CHN"
.2746177,"CHN"
.2746177,"CHN"
.2746177,"CHN"
.2746177,"CHN"
.2746177,"CHN"
.2746177,"CHN"
.2726641,"CHN"
.2746177,"CHN"
.2797629,"CHN"
.2797629,"CHN"
.3450418,"CHN"
.2797629,"CHN"
.2797629,"CHN"
.2797629,"CHN"
.2797629,"CHN"
.2797629,"CHN"
.2797629,"CHN"
.2797629,"CHN"
.2797629,"CHN"
.2407897,"CHN"
.2797629,"CHN"
.2797629,"CHN"
.2797629,"CHN"
.2797629,"CHN"
.2797629,"CHN"
.2797629,"CHN"
.2778093,"CHN"
.2797629,"CHN"
.2797629,"CHN"
.2797629,"CHN"
.2797629,"CHN"
.274759,"CHN"
.2797629,"CHN"
.2797629,"CHN"
.2797629,"CHN"
.2797629,"CHN"
.2797629,"CHN"
.2797629,"CHN"
.2797629,"CHN"
.2797629,"CHN"
.2797629,"CHN"
.2797629,"CHN"
.2797629,"CHN"
.2797629,"CHN"
.2797629,"CHN"
.2739021,"CHN"
.280606,"CHN"
.280606,"CHN"
.280606,"CHN"
.2416327,"CHN"
.280606,"CHN"
.280606,"CHN"
.280606,"CHN"
.280606,"CHN"
.280606,"CHN"
.280606,"CHN"
.2786524,"CHN"
.280606,"CHN"
.280606,"CHN"
.280606,"CHN"
.280606,"CHN"
.280606,"CHN"
.280606,"CHN"
.2756021,"CHN"
.280606,"CHN"
.280606,"CHN"
.280606,"CHN"
.280606,"CHN"
.280606,"CHN"
.280606,"CHN"
.280606,"CHN"
.280606,"CHN"
.280606,"CHN"
.280606,"CHN"
.280606,"CHN"
.280606,"CHN"
.280606,"CHN"
.2747452,"CHN"
.2764753,"CHN"
.2764753,"CHN"
.2764753,"CHN"
.2764753,"CHN"
.2764753,"CHN"
.237502,"CHN"
.2764753,"CHN"
.2764753,"CHN"
.2764753,"CHN"
.2764753,"CHN"
.2764753,"CHN"
.2764753,"CHN"
.2745217,"CHN"
.2764753,"CHN"
.2764753,"CHN"
.2764753,"CHN"
.2764753,"CHN"
.2764753,"CHN"
.2764753,"CHN"
.2714714,"CHN"
.2764753,"CHN"
.2764753,"CHN"
.2764753,"CHN"
.2764753,"CHN"
.2764753,"CHN"
.2764753,"CHN"
.2764753,"CHN"
.2764753,"CHN"
.2764753,"CHN"
.2764753,"CHN"
.2764753,"CHN"
.2764753,"CHN"
.2764753,"CHN"
.2706145,"CHN"
.2872485,"CHN"
.2872485,"CHN"
.2872485,"CHN"
.2872485,"CHN"
.2482753,"CHN"
.2872485,"CHN"
.2872485,"CHN"
.2872485,"CHN"
.2872485,"CHN"
.2872485,"CHN"
.2872485,"CHN"
.285295,"CHN"
.2872485,"CHN"
.2872485,"CHN"
.2872485,"CHN"
.2872485,"CHN"
.2872485,"CHN"
.2872485,"CHN"
.2822447,"CHN"
.2872485,"CHN"
.2872485,"CHN"
.2872485,"CHN"
.2872485,"CHN"
.2872485,"CHN"
.2872485,"CHN"
.2872485,"CHN"
.2872485,"CHN"
.2872485,"CHN"
.2872485,"CHN"
.2872485,"CHN"
.2872485,"CHN"
.2872485,"CHN"
.2813877,"CHN"
.3220371,"CHN"
.3220371,"CHN"
.3200835,"CHN"
.3220371,"CHN"
.3220371,"CHN"
.3220371,"CHN"
.3220371,"CHN"
.3220371,"CHN"
.3220371,"CHN"
.3170332,"CHN"
.3220371,"CHN"
.3220371,"CHN"
.3220371,"CHN"
.3220371,"CHN"
.3220371,"CHN"
.3220371,"CHN"
.3220371,"CHN"
.3220371,"CHN"
.3220371,"CHN"
.3220371,"CHN"
.3220371,"CHN"
.3220371,"CHN"
.3220371,"CHN"
.3161763,"CHN"
.2931667,"CHN"
.3584456,"CHN"
.2931667,"CHN"
.2931667,"CHN"
.2931667,"CHN"
.2931667,"CHN"
.2931667,"CHN"
.2931667,"CHN"
.2931667,"CHN"
.2541935,"CHN"
.2931667,"CHN"
.2931667,"CHN"
.2931667,"CHN"
.2931667,"CHN"
.2931667,"CHN"
.2931667,"CHN"
.2912131,"CHN"
.2931667,"CHN"
.2931667,"CHN"
.2931667,"CHN"
.2931667,"CHN"
.2931667,"CHN"
.2931667,"CHN"
.2881628,"CHN"
.2931667,"CHN"
.2931667,"CHN"
.2931667,"CHN"
.2931667,"CHN"
.2931667,"CHN"
.2931667,"CHN"
.2931667,"CHN"
.2931667,"CHN"
.2931667,"CHN"
.2931667,"CHN"
.2931667,"CHN"
.2931667,"CHN"
.2931667,"CHN"
.2873059,"CHN"
.2830696,"CHN"
.2830696,"CHN"
.2830696,"CHN"
.2830696,"CHN"
.2830696,"CHN"
.2830696,"CHN"
.2830696,"CHN"
.2830696,"CHN"
.2440964,"CHN"
.2830696,"CHN"
.2830696,"CHN"
.2830696,"CHN"
.2830696,"CHN"
.2830696,"CHN"
.2830696,"CHN"
.281116,"CHN"
.2830696,"CHN"
.2830696,"CHN"
.2830696,"CHN"
.2830696,"CHN"
.2830696,"CHN"
.2830696,"CHN"
.2780658,"CHN"
.2830696,"CHN"
.2830696,"CHN"
.2830696,"CHN"
.2830696,"CHN"
.2830696,"CHN"
.2830696,"CHN"
.2830696,"CHN"
.2830696,"CHN"
.2830696,"CHN"
.2830696,"CHN"
.2830696,"CHN"
.2772088,"CHN"
.3445362,"CHN"
.4098151,"CHN"
.3445362,"CHN"
.3445362,"CHN"
.3445362,"CHN"
.3445362,"CHN"
.3445362,"CHN"
.3445362,"CHN"
.305563,"CHN"
.3445362,"CHN"
.3716048,"CHN"
.3063259,"CHN"
.3063259,"CHN"
.3063259,"CHN"
.3063259,"CHN"
.3063259,"CHN"
.3063259,"CHN"
.3063259,"CHN"
.3063259,"CHN"
.2673527,"CHN"
.3063259,"CHN"
.3063259,"CHN"
.3063259,"CHN"
.3063259,"CHN"
.3063259,"CHN"
.3063259,"CHN"
.3043723,"CHN"
.3063259,"CHN"
.3063259,"CHN"
.3063259,"CHN"
.3063259,"CHN"
.3063259,"CHN"
.3063259,"CHN"
.301322,"CHN"
.3063259,"CHN"
.3063259,"CHN"
.3063259,"CHN"
.3063259,"CHN"
.3063259,"CHN"
.3063259,"CHN"
.3063259,"CHN"
.3063259,"CHN"
.3063259,"CHN"
.3063259,"CHN"
.3063259,"CHN"
.3004651,"CHN"
.2837623,"CHN"
.2837623,"CHN"
.2837623,"CHN"
.2837623,"CHN"
.2837623,"CHN"
.2837623,"CHN"
.2837623,"CHN"
.2837623,"CHN"
.2837623,"CHN"
.2837623,"CHN"
.2837623,"CHN"
.2447891,"CHN"
.2837623,"CHN"
.2837623,"CHN"
.2837623,"CHN"
.2837623,"CHN"
.2837623,"CHN"
.2837623,"CHN"
.2818087,"CHN"
.2837623,"CHN"
.2837623,"CHN"
.2837623,"CHN"
.2837623,"CHN"
.2837623,"CHN"
.2837623,"CHN"
.2787584,"CHN"
.2837623,"CHN"
.2837623,"CHN"
.2837623,"CHN"
.2837623,"CHN"
.2837623,"CHN"
.2837623,"CHN"
.2837623,"CHN"
.2837623,"CHN"
.2837623,"CHN"
.2837623,"CHN"
.2837623,"CHN"
.2837623,"CHN"
.2837623,"CHN"
.2779015,"CHN"
.3513808,"CHN"
.3513808,"CHN"
.4166597,"CHN"
.3513808,"CHN"
.3513808,"CHN"
.3513808,"CHN"
.3513808,"CHN"
.3513808,"CHN"
.3513808,"CHN"
.3513808,"CHN"
.3513808,"CHN"
.3124076,"CHN"
.3513808,"CHN"
.3513808,"CHN"
.3513808,"CHN"
.3513808,"CHN"
.3513808,"CHN"
.3513808,"CHN"
.3494272,"CHN"
.3513808,"CHN"
.3513808,"CHN"
.3513808,"CHN"
.3513808,"CHN"
.3513808,"CHN"
.3513808,"CHN"
.3463769,"CHN"
